DevolucionID,DetalleOrdenID,FechaDevolucion,CantidadDevuelta,Motivo,MontoReembolso
1,3994,2025-10-09 15:52:00,1,Producto defectuoso,2199.22
2,986,2023-09-06 06:00:00,1,Cambio de opinion,342.53
3,4174,2025-06-11 14:34:00,1,Producto equivocado,1603.23
4,3725,2025-12-01 07:56:00,4,Producto equivocado,7023.80
5,6116,2025-05-30 22:20:00,3,Producto equivocado,4809.70
6,7818,2023-12-15 11:33:00,1,Danado en transporte,405.50
7,9884,2026-02-19 02:31:00,1,Producto defectuoso,1762.24
8,11403,2023-10-11 13:38:00,3,Producto defectuoso,6542.94
9,11478,2024-05-24 15:42:00,2,Producto equivocado,851.30
10,9054,2026-05-15 09:59:00,1,Talla o presentacion,1801.40
11,8523,2024-02-22 02:44:00,2,Producto defectuoso,4236.44
12,10794,2026-07-13 12:19:00,3,Danado en transporte,1254.12
13,14003,2023-05-14 15:28:00,3,Danado en transporte,5494.14
14,15079,2023-05-04 22:08:00,2,Producto defectuoso,880.45
15,20915,2025-05-21 19:47:00,1,Producto equivocado,396.94
16,13392,2026-05-29 05:22:00,1,Talla o presentacion,392.93
17,18006,2025-01-25 15:25:00,3,Producto defectuoso,6550.92
18,19458,2026-06-14 17:01:00,2,Cambio de opinion,834.60
19,16961,2024-11-04 00:52:00,2,Talla o presentacion,836.08
20,18633,2025-06-06 09:34:00,1,Producto defectuoso,375.57
21,20144,2025-04-28 02:24:00,2,Producto equivocado,3634.00
22,15842,2023-12-31 10:26:00,3,Talla o presentacion,1492.92
23,15849,2023-12-05 10:41:00,3,Danado en transporte,6209.58
24,20653,2023-12-22 04:47:00,2,Producto defectuoso,4272.94
25,14522,2024-08-14 14:23:00,1,Cambio de opinion,354.70
26,15977,2024-04-20 07:46:00,2,Producto equivocado,3743.02
27,17655,2024-05-16 08:02:00,1,Producto defectuoso,433.99
28,22336,2023-04-12 20:36:00,3,Cambio de opinion,5276.55
29,17076,2026-05-16 12:15:00,1,Danado en transporte,1977.62
30,22074,2023-06-16 21:48:00,3,Producto defectuoso,1254.12
31,22726,2026-06-27 05:16:00,1,Cambio de opinion,416.99
32,24323,2024-06-28 11:25:00,2,Producto equivocado,985.72
33,19909,2024-01-24 05:25:00,1,Producto defectuoso,401.32
34,21407,2023-05-05 10:22:00,1,Danado en transporte,2129.92
35,24649,2024-06-06 01:53:00,1,Talla o presentacion,1623.34
36,26136,2025-03-21 21:00:00,3,Talla o presentacion,1349.38
37,23335,2024-06-01 13:55:00,1,Producto defectuoso,1806.72
38,23338,2024-05-28 13:56:00,1,Talla o presentacion,356.85
39,24137,2025-11-22 02:57:00,2,Cambio de opinion,4192.58
40,25717,2025-04-28 12:29:00,2,Talla o presentacion,4070.32
41,22190,2024-02-18 15:26:00,3,Producto defectuoso,5544.75
42,23848,2023-04-30 14:08:00,1,Cambio de opinion,2270.00
43,30223,2026-08-17 08:45:00,4,Cambio de opinion,7726.37
44,28310,2023-03-19 05:57:00,2,Producto equivocado,836.08
45,34734,2024-08-06 23:53:00,3,Danado en transporte,1002.53
46,33998,2024-12-20 11:54:00,2,Danado en transporte,4686.12
47,36538,2025-05-17 22:45:00,2,Cambio de opinion,654.25
48,29255,2023-06-24 14:04:00,2,Cambio de opinion,801.22
49,40868,2023-03-05 17:09:00,1,Danado en transporte,2092.54
50,33222,2025-07-20 15:15:00,1,Cambio de opinion,2121.63
51,39653,2023-12-14 09:53:00,4,Talla o presentacion,8634.92
52,41164,2023-08-29 13:32:00,1,Talla o presentacion,1357.62
53,39346,2023-11-01 12:51:00,3,Danado en transporte,5554.29
54,41992,2023-02-19 23:25:00,3,Cambio de opinion,5895.26
55,48529,2023-12-04 16:51:00,2,Danado en transporte,3539.70
56,47653,2024-02-07 15:26:00,4,Producto equivocado,6210.61
57,43356,2026-05-04 14:24:00,3,Danado en transporte,7098.09
58,45608,2026-03-08 18:43:00,1,Talla o presentacion,2236.13
59,47462,2025-03-30 18:45:00,3,Talla o presentacion,6364.89
60,52172,2024-11-05 03:42:00,3,Cambio de opinion,1318.35
61,53752,2025-09-03 16:53:00,3,Talla o presentacion,3881.19
62,51692,2024-04-16 01:22:00,3,Danado en transporte,5227.56
63,56555,2024-02-19 06:33:00,2,Cambio de opinion,635.17
64,54499,2026-06-26 21:00:00,2,Cambio de opinion,976.14
65,56047,2025-12-04 11:50:00,2,Producto equivocado,947.44
66,57879,2024-02-14 18:46:00,2,Cambio de opinion,3162.46
67,56626,2023-12-22 11:39:00,1,Cambio de opinion,483.29
68,55490,2023-12-21 16:05:00,1,Talla o presentacion,400.95
69,55566,2025-10-24 05:13:00,1,Producto equivocado,1812.10
70,57162,2024-09-14 06:13:00,1,Danado en transporte,1702.89
71,61248,2023-10-13 05:03:00,1,Danado en transporte,1899.30
72,62872,2025-09-19 13:41:00,1,Danado en transporte,2000.58
73,61561,2026-02-20 08:46:00,1,Danado en transporte,392.93
74,63682,2026-03-02 19:09:00,1,Producto equivocado,417.30
75,66733,2023-12-01 10:42:00,1,Talla o presentacion,1797.13
76,66486,2026-06-19 01:35:00,1,Producto equivocado,2180.98
77,70190,2024-02-25 12:54:00,1,Cambio de opinion,1796.98
78,68981,2025-07-25 13:36:00,1,Producto equivocado,2345.51
79,73717,2023-02-24 05:18:00,2,Producto defectuoso,3635.51
80,76052,2025-08-11 22:55:00,1,Producto defectuoso,1885.60
81,3867,2025-03-08 07:19:00,2,Producto defectuoso,4037.36
82,4877,2026-01-11 20:21:00,2,Danado en transporte,800.42
83,255,2024-05-21 20:11:00,1,Producto defectuoso,369.97
84,6799,2024-02-27 19:03:00,4,Producto defectuoso,8327.04
85,17778,2026-03-12 19:09:00,1,Producto equivocado,458.08
86,10462,2024-06-12 22:15:00,3,Producto equivocado,5792.68
87,15656,2023-08-13 06:23:00,3,Danado en transporte,5437.83
88,12725,2025-03-04 20:34:00,2,Producto defectuoso,798.50
89,13274,2024-07-15 18:44:00,2,Producto equivocado,3661.84
90,10854,2023-04-29 09:39:00,2,Cambio de opinion,769.92
91,12466,2024-09-23 03:52:00,2,Producto equivocado,4037.36
92,24648,2024-05-05 02:06:00,3,Cambio de opinion,5917.23
93,18442,2024-01-28 03:27:00,3,Cambio de opinion,5670.73
94,24701,2024-11-27 22:59:00,3,Talla o presentacion,5249.16
95,23277,2024-01-01 16:37:00,3,Producto defectuoso,6608.79
96,20405,2026-05-21 20:17:00,3,Talla o presentacion,6953.01
97,20462,2023-02-23 17:48:00,1,Cambio de opinion,363.31
98,20522,2026-04-07 21:00:00,1,Danado en transporte,388.33
99,25526,2024-08-30 12:20:00,1,Producto defectuoso,1667.95
100,30222,2026-08-17 08:44:00,3,Producto equivocado,1185.62
101,30619,2024-05-29 10:19:00,2,Cambio de opinion,782.54
102,32485,2023-05-10 08:27:00,2,Danado en transporte,3645.26
103,35996,2024-03-05 18:27:00,2,Danado en transporte,3576.02
104,39085,2024-06-10 15:28:00,2,Talla o presentacion,3666.82
105,32601,2024-11-08 01:15:00,1,Producto equivocado,1910.24
106,43021,2025-12-05 10:28:00,2,Talla o presentacion,3754.62
107,36859,2025-07-18 08:33:00,3,Producto defectuoso,5317.65
108,36927,2025-06-28 20:29:00,2,Producto equivocado,3608.80
109,38536,2026-07-15 12:19:00,3,Cambio de opinion,1137.99
110,42414,2024-09-11 23:46:00,1,Producto equivocado,315.67
111,45737,2026-01-10 09:52:00,4,Producto equivocado,1970.40
112,42793,2025-03-07 16:48:00,4,Talla o presentacion,6998.88
113,46651,2025-04-14 20:20:00,2,Producto defectuoso,3390.10
114,42287,2024-12-07 22:12:00,4,Talla o presentacion,1559.90
115,40601,2023-09-25 23:25:00,2,Danado en transporte,1046.76
116,50508,2023-03-31 17:19:00,1,Danado en transporte,1650.47
117,52119,2026-03-01 19:46:00,2,Cambio de opinion,3216.39
118,56803,2025-09-04 16:19:00,2,Producto equivocado,3639.16
119,58936,2026-08-20 09:54:00,1,Danado en transporte,334.92
120,57687,2024-06-24 04:51:00,2,Talla o presentacion,4773.02
121,60888,2023-12-09 09:53:00,1,Talla o presentacion,2202.93
122,52827,2025-08-19 18:56:00,4,Cambio de opinion,5851.13
123,62103,2023-11-29 18:37:00,1,Cambio de opinion,395.11
124,63683,2026-02-27 19:11:00,1,Cambio de opinion,2340.61
125,68746,2024-04-17 07:08:00,1,Talla o presentacion,387.27
126,67497,2026-05-11 02:04:00,1,Cambio de opinion,395.26
127,72135,2024-08-14 15:21:00,1,Cambio de opinion,406.97
128,73714,2023-11-03 18:58:00,1,Cambio de opinion,427.52
129,73772,2023-04-02 02:28:00,1,Cambio de opinion,1804.40
130,73844,2024-09-03 02:11:00,1,Cambio de opinion,1686.50
131,69223,2024-07-24 07:14:00,1,Producto equivocado,415.22
132,74180,2025-06-13 21:04:00,1,Producto defectuoso,466.94
133,66616,2024-10-02 05:37:00,1,Cambio de opinion,1952.26
134,72777,2024-10-09 04:49:00,1,Cambio de opinion,1873.51
135,75968,2026-01-25 13:55:00,1,Producto equivocado,1786.18
136,71975,2023-12-04 23:33:00,1,Producto defectuoso,1458.10
137,9793,2023-03-02 06:32:00,2,Cambio de opinion,772.14
138,8872,2024-11-09 00:29:00,3,Danado en transporte,1187.22
139,22000,2023-02-18 23:46:00,2,Producto defectuoso,643.37
140,29053,2025-01-13 14:05:00,3,Talla o presentacion,5505.72
141,30543,2025-02-17 14:49:00,4,Talla o presentacion,1304.14
142,28501,2023-10-15 05:23:00,3,Danado en transporte,1151.94
143,30427,2025-09-30 12:43:00,4,Talla o presentacion,1483.72
144,43096,2025-04-21 04:30:00,3,Danado en transporte,6703.29
145,39534,2024-02-04 15:27:00,1,Danado en transporte,365.42
146,46405,2025-07-22 01:08:00,2,Producto defectuoso,4468.86
147,58410,2023-11-27 11:03:00,1,Producto defectuoso,367.15
148,62116,2023-11-05 18:58:00,1,Producto defectuoso,2103.00
149,67540,2025-10-04 05:38:00,1,Cambio de opinion,352.26
150,69035,2024-10-07 18:23:00,1,Producto defectuoso,361.44
151,69869,2023-07-21 12:07:00,2,Danado en transporte,3670.48
152,74966,2026-05-13 13:41:00,1,Producto defectuoso,419.24
153,13910,2025-09-21 05:24:00,3,Cambio de opinion,5298.75
154,8311,2025-04-27 22:18:00,4,Producto equivocado,6819.84
155,7878,2024-06-08 14:13:00,1,Producto defectuoso,1536.64
156,7241,2024-10-19 10:44:00,4,Producto equivocado,1952.00
157,13535,2026-03-06 08:44:00,1,Cambio de opinion,1757.16
158,9116,2025-03-01 02:29:00,3,Talla o presentacion,4821.86
159,10652,2023-02-10 13:59:00,3,Talla o presentacion,1449.36
160,15398,2024-01-04 06:26:00,2,Producto defectuoso,959.36
161,18517,2025-07-16 08:50:00,2,Danado en transporte,1005.28
162,22276,2026-06-10 23:16:00,3,Producto defectuoso,5510.70
163,31672,2025-06-22 09:00:00,3,Producto equivocado,6529.74
164,19325,2024-04-10 14:25:00,2,Danado en transporte,889.52
165,27890,2025-05-11 00:33:00,3,Danado en transporte,1493.28
166,26762,2025-04-23 15:08:00,3,Cambio de opinion,1308.39
167,32099,2023-08-14 05:26:00,2,Talla o presentacion,885.06
168,43095,2025-04-21 04:31:00,2,Talla o presentacion,4226.70
169,40229,2023-10-20 05:03:00,2,Cambio de opinion,3841.74
170,45029,2024-05-27 03:47:00,2,Cambio de opinion,961.50
171,39333,2023-11-15 12:20:00,4,Producto equivocado,8003.68
172,45590,2026-03-29 18:22:00,1,Talla o presentacion,429.64
173,51372,2024-01-22 22:45:00,3,Cambio de opinion,1181.07
174,43864,2024-06-19 21:16:00,1,Producto equivocado,490.37
175,57046,2025-08-05 23:47:00,1,Danado en transporte,1836.90
176,50829,2025-03-02 21:20:00,2,Cambio de opinion,671.59
177,61125,2023-05-11 19:22:00,1,Cambio de opinion,470.27
178,51318,2025-04-12 15:25:00,1,Producto equivocado,378.25
179,54946,2026-04-24 10:12:00,1,Producto equivocado,1968.27
180,59612,2023-11-06 10:36:00,1,Danado en transporte,444.08
181,69165,2024-12-08 23:08:00,1,Danado en transporte,460.86
182,55888,2023-03-03 13:10:00,1,Producto defectuoso,1801.58
183,57814,2024-10-05 16:12:00,1,Producto equivocado,2088.78
184,65175,2025-11-15 15:10:00,1,Producto equivocado,470.27
185,66679,2024-08-04 06:37:00,1,Producto equivocado,444.76
186,66749,2026-05-09 17:49:00,1,Danado en transporte,484.38
187,74579,2023-03-09 11:16:00,2,Talla o presentacion,3846.30
188,3230,2023-05-15 08:27:00,1,Cambio de opinion,2020.95
189,3248,2025-08-29 06:16:00,1,Talla o presentacion,300.51
190,4802,2023-09-19 04:10:00,3,Talla o presentacion,5768.55
191,4450,2024-09-14 06:14:00,1,Cambio de opinion,374.71
192,1770,2026-07-24 11:33:00,1,Producto defectuoso,2020.95
193,4930,2026-06-30 23:08:00,1,Cambio de opinion,418.83
194,4937,2026-07-02 23:01:00,2,Producto equivocado,4026.12
195,2036,2023-02-28 16:58:00,3,Producto defectuoso,5230.74
196,532,2026-05-16 16:24:00,1,Producto defectuoso,1776.39
197,5378,2023-01-26 06:46:00,1,Danado en transporte,2305.73
198,6991,2025-11-12 19:06:00,4,Producto defectuoso,8082.04
199,7177,2024-07-04 11:00:00,2,Producto defectuoso,874.78
200,2664,2025-02-08 11:53:00,1,Producto equivocado,2237.91
201,4319,2025-01-18 00:21:00,4,Talla o presentacion,7848.36
202,4604,2024-02-04 06:33:00,1,Danado en transporte,1536.43
203,7796,2024-02-05 12:07:00,3,Cambio de opinion,6461.16
204,9041,2026-06-06 10:18:00,4,Producto equivocado,6939.12
205,13854,2026-03-10 02:38:00,3,Talla o presentacion,5316.48
206,12467,2024-09-21 03:51:00,3,Cambio de opinion,6408.36
207,8329,2024-01-04 23:41:00,4,Cambio de opinion,7926.84
208,11461,2025-06-10 09:07:00,1,Danado en transporte,2338.33
209,8520,2024-02-26 02:43:00,1,Talla o presentacion,1883.61
210,13202,2024-02-22 21:06:00,3,Talla o presentacion,5497.02
211,13409,2026-04-29 05:53:00,1,Cambio de opinion,1738.08
212,10912,2026-06-19 12:49:00,1,Talla o presentacion,1795.37
213,15132,2025-10-05 05:25:00,2,Producto equivocado,3707.34
214,16717,2026-08-26 06:38:00,1,Producto defectuoso,1734.78
215,21332,2023-02-10 05:57:00,3,Producto equivocado,4936.83
216,18572,2025-12-03 06:23:00,1,Producto equivocado,1871.37
217,20913,2025-05-29 19:45:00,3,Producto defectuoso,5864.97
218,21012,2024-12-23 03:58:00,2,Producto defectuoso,3631.68
219,19584,2025-09-09 21:39:00,2,Cambio de opinion,4026.12
220,22643,2023-07-08 01:09:00,3,Producto equivocado,6985.02
221,22917,2024-07-18 01:00:00,2,Producto defectuoso,3959.38
222,20597,2025-01-06 04:35:00,3,Producto defectuoso,5886.27
223,25961,2026-07-05 11:09:00,3,Producto equivocado,6207.78
224,23130,2025-06-09 01:48:00,2,Talla o presentacion,4630.80
225,24832,2023-02-10 09:54:00,1,Danado en transporte,1755.12
226,24906,2023-10-19 17:36:00,2,Producto defectuoso,4260.16
227,22392,2023-01-12 15:58:00,3,Producto defectuoso,6306.45
228,27122,2024-12-29 21:01:00,1,Talla o presentacion,432.93
229,30104,2023-01-26 21:40:00,1,Talla o presentacion,1872.59
230,33236,2025-06-16 14:45:00,2,Producto equivocado,4277.42
231,34212,2023-01-27 06:29:00,3,Danado en transporte,1457.34
232,38912,2023-12-08 12:37:00,3,Talla o presentacion,1128.72
233,31993,2024-04-07 00:58:00,2,Talla o presentacion,4366.52
234,33489,2025-07-04 09:12:00,2,Cambio de opinion,4277.42
235,38203,2025-06-09 08:08:00,4,Talla o presentacion,7337.02
236,35340,2024-02-28 19:03:00,1,Producto defectuoso,1885.56
237,40166,2024-05-23 01:18:00,3,Producto equivocado,938.65
238,52682,2024-11-06 17:52:00,3,Producto equivocado,4902.27
239,44988,2024-03-10 03:27:00,1,Producto equivocado,466.73
240,46463,2023-06-29 07:43:00,4,Producto defectuoso,8554.84
241,44025,2024-05-12 08:02:00,2,Danado en transporte,3400.24
242,53490,2024-03-24 03:40:00,1,Producto equivocado,2250.10
243,48978,2023-05-07 14:09:00,1,Danado en transporte,1924.84
244,57421,2024-07-19 23:40:00,2,Danado en transporte,3806.46
245,57686,2024-06-26 04:52:00,1,Cambio de opinion,1957.96
246,54743,2024-01-23 00:38:00,2,Producto equivocado,3963.42
247,54826,2024-04-11 19:53:00,1,Talla o presentacion,2174.83
248,59428,2025-09-05 03:54:00,1,Cambio de opinion,1704.00
249,59542,2025-06-21 11:00:00,1,Producto defectuoso,1635.84
250,55636,2025-04-11 20:10:00,1,Producto defectuoso,1674.53
251,57292,2025-02-09 12:26:00,1,Danado en transporte,1760.85
252,59236,2026-04-26 09:30:00,1,Talla o presentacion,1721.04
253,60696,2023-11-01 12:51:00,1,Danado en transporte,1856.32
254,61376,2025-09-06 23:27:00,1,Producto equivocado,1726.64
255,4588,2024-10-15 04:53:00,1,Producto equivocado,413.86
256,1926,2026-04-13 10:01:00,3,Producto defectuoso,6597.66
257,2249,2023-11-10 02:13:00,4,Talla o presentacion,8123.92
258,5517,2025-05-21 10:27:00,2,Cambio de opinion,859.64
259,4031,2025-03-31 12:37:00,4,Talla o presentacion,8389.84
260,4254,2026-04-09 07:54:00,1,Producto equivocado,2220.78
261,17,2025-11-20 16:36:00,3,Producto defectuoso,5494.14
262,6814,2024-01-20 18:36:00,1,Danado en transporte,430.58
263,11415,2023-09-21 13:56:00,2,Cambio de opinion,4028.78
264,11532,2024-11-26 12:34:00,3,Talla o presentacion,6403.62
265,11926,2023-09-21 13:20:00,1,Producto equivocado,2138.99
266,9042,2026-06-04 10:17:00,3,Producto defectuoso,985.61
267,12261,2025-05-11 15:28:00,3,Danado en transporte,5991.60
268,11609,2023-08-10 20:33:00,3,Talla o presentacion,1241.58
269,13538,2026-03-14 08:33:00,1,Producto defectuoso,2138.99
270,19832,2024-11-10 17:03:00,3,Producto equivocado,6209.58
271,14193,2026-07-17 22:41:00,1,Danado en transporte,2252.44
272,14207,2026-07-01 23:01:00,1,Producto defectuoso,2285.23
273,14643,2023-10-27 19:10:00,1,Cambio de opinion,1977.62
274,19649,2026-06-06 01:22:00,3,Producto defectuoso,1058.51
275,18386,2026-06-14 01:17:00,1,Cambio de opinion,2200.22
276,19964,2026-06-17 13:02:00,2,Producto equivocado,3863.19
277,15393,2023-12-11 06:39:00,1,Producto equivocado,2270.00
278,15914,2023-11-12 10:25:00,2,Cambio de opinion,4410.48
279,14467,2024-03-23 16:50:00,2,Danado en transporte,957.00
280,20785,2023-01-22 22:11:00,1,Producto defectuoso,2025.20
281,20842,2025-06-03 05:50:00,1,Producto equivocado,1437.48
282,21854,2026-05-17 07:44:00,2,Cambio de opinion,3665.37
283,23398,2023-07-05 21:34:00,1,Danado en transporte,433.99
284,24252,2025-02-25 07:32:00,3,Cambio de opinion,5830.31
285,19906,2024-02-01 05:20:00,1,Cambio de opinion,2097.46
286,21409,2023-05-17 10:08:00,3,Producto equivocado,6727.02
287,21275,2024-04-15 22:52:00,2,Producto equivocado,817.90
288,23132,2025-06-05 01:50:00,1,Producto defectuoso,2156.10
289,21729,2025-06-10 23:25:00,1,Cambio de opinion,1811.13
290,22588,2024-05-21 21:56:00,2,Cambio de opinion,3961.36
291,25396,2026-07-03 01:24:00,1,Danado en transporte,434.76
292,22406,2025-09-09 21:54:00,3,Producto equivocado,1238.94
293,27644,2025-09-14 04:18:00,3,Danado en transporte,6283.32
294,29690,2026-06-12 12:01:00,1,Talla o presentacion,392.93
295,35022,2023-01-10 11:39:00,2,Producto equivocado,905.80
296,39722,2025-12-08 11:56:00,3,Producto defectuoso,1406.79
297,31990,2024-04-06 00:54:00,2,Producto defectuoso,697.41
298,36783,2023-07-12 06:29:00,1,Producto equivocado,1799.67
299,30746,2023-11-25 19:32:00,2,Talla o presentacion,4548.30
300,36910,2024-12-18 23:48:00,1,Danado en transporte,434.97
301,27964,2024-10-15 04:05:00,1,Producto defectuoso,2073.29
302,40472,2024-02-08 21:24:00,3,Danado en transporte,6505.11
303,40921,2025-11-18 04:33:00,2,Producto defectuoso,4359.86
304,37850,2025-11-29 01:09:00,3,Producto equivocado,6979.44
305,41039,2025-08-12 06:07:00,2,Danado en transporte,3791.24
306,43866,2024-06-28 21:05:00,3,Talla o presentacion,1106.91
307,43868,2024-06-24 21:07:00,1,Producto defectuoso,2168.37
308,49597,2025-12-24 10:26:00,4,Talla o presentacion,8538.16
309,49710,2024-04-30 02:11:00,1,Cambio de opinion,2115.18
310,42096,2024-03-02 05:18:00,3,Producto defectuoso,1196.85
311,45285,2024-12-31 10:12:00,2,Cambio de opinion,4441.56
312,51574,2025-04-27 02:52:00,1,Producto equivocado,2159.30
313,45925,2026-07-21 10:44:00,2,Producto equivocado,4014.53
314,54048,2026-08-18 08:39:00,2,Producto defectuoso,2843.02
315,49842,2023-09-30 18:11:00,3,Danado en transporte,6615.71
316,54495,2026-07-14 21:14:00,2,Talla o presentacion,2970.80
317,54496,2026-07-12 21:13:00,1,Danado en transporte,2016.78
318,59107,2024-04-12 04:03:00,2,Danado en transporte,995.28
319,56306,2024-05-24 08:21:00,1,Producto defectuoso,364.87
320,58280,2024-04-28 19:31:00,1,Danado en transporte,1944.23
321,59862,2024-07-06 06:29:00,1,Cambio de opinion,1849.85
322,55374,2024-04-30 01:30:00,1,Cambio de opinion,388.92
323,61697,2026-06-19 01:06:00,1,Danado en transporte,2297.04
324,58747,2024-11-13 19:31:00,2,Talla o presentacion,4495.48
325,61826,2023-10-22 12:52:00,1,Danado en transporte,1795.12
326,59684,2023-01-04 05:48:00,1,Cambio de opinion,2097.46
327,64031,2023-12-17 04:02:00,1,Danado en transporte,1762.49
328,66801,2023-02-21 03:41:00,1,Producto defectuoso,1827.49
329,66359,2025-06-19 01:37:00,1,Danado en transporte,408.95
330,70191,2024-03-05 12:44:00,1,Talla o presentacion,1942.50
331,70016,2025-03-04 14:59:00,1,Talla o presentacion,1835.17
332,70074,2023-10-01 06:33:00,1,Cambio de opinion,1835.17
333,75135,2023-07-03 03:29:00,2,Talla o presentacion,4410.48
334,79,2023-07-03 00:06:00,1,Cambio de opinion,2018.68
335,4798,2023-01-06 00:04:00,1,Talla o presentacion,1776.00
336,4814,2023-08-30 03:52:00,1,Producto equivocado,334.92
337,6387,2023-09-25 21:41:00,2,Cambio de opinion,4373.80
338,368,2023-04-24 19:16:00,1,Producto equivocado,423.41
339,5315,2026-04-13 04:09:00,4,Producto equivocado,8242.92
340,10011,2025-04-06 01:48:00,1,Danado en transporte,2165.64
341,4047,2025-04-20 12:59:00,2,Producto equivocado,768.72
342,6118,2025-05-26 22:18:00,1,Danado en transporte,342.62
343,9947,2024-11-14 19:00:00,2,Danado en transporte,1026.24
344,14582,2023-05-28 21:51:00,1,Talla o presentacion,411.23
345,11607,2023-07-09 20:47:00,1,Producto equivocado,2032.52
346,15655,2023-08-17 06:20:00,2,Talla o presentacion,862.28
347,15727,2024-06-08 13:23:00,2,Talla o presentacion,726.64
348,9602,2026-02-03 14:43:00,3,Producto defectuoso,4192.68
349,11141,2025-05-20 13:34:00,1,Cambio de opinion,1794.30
350,17459,2024-06-23 21:07:00,1,Producto equivocado,1875.73
351,17584,2024-04-28 22:04:00,3,Producto defectuoso,6496.92
352,13407,2026-04-17 06:07:00,2,Producto defectuoso,4727.12
353,10331,2023-12-01 13:09:00,2,Producto defectuoso,3474.03
354,15144,2025-08-24 06:05:00,1,Talla o presentacion,1829.43
355,18311,2023-02-18 17:36:00,2,Producto equivocado,4241.03
356,13855,2026-03-22 02:25:00,1,Danado en transporte,2102.79
357,23133,2025-06-17 01:37:00,2,Producto equivocado,817.37
358,20466,2023-02-27 17:36:00,1,Producto defectuoso,440.12
359,25381,2026-07-07 01:05:00,2,Danado en transporte,3692.56
360,28766,2024-11-11 23:42:00,2,Cambio de opinion,871.26
361,35097,2026-03-02 00:56:00,1,Cambio de opinion,394.64
362,29257,2023-06-20 14:06:00,1,Danado en transporte,2346.10
363,30030,2025-12-13 17:13:00,1,Cambio de opinion,2052.85
364,30106,2023-01-28 21:44:00,3,Producto defectuoso,1236.30
365,30541,2025-02-22 14:52:00,2,Producto equivocado,3525.44
366,32282,2025-10-03 04:40:00,2,Danado en transporte,1005.72
367,38667,2023-01-23 05:33:00,4,Talla o presentacion,7159.04
368,41616,2023-11-18 18:57:00,3,Talla o presentacion,5007.89
369,43224,2025-01-01 06:06:00,1,Talla o presentacion,446.22
370,36593,2023-12-07 00:19:00,1,Danado en transporte,1445.58
371,40792,2025-09-05 17:33:00,3,Producto defectuoso,1251.54
372,47217,2025-02-26 01:07:00,4,Danado en transporte,1395.95
373,38072,2024-09-04 17:48:00,3,Producto equivocado,4989.06
374,46596,2025-12-29 02:21:00,3,Producto equivocado,5467.89
375,47857,2026-03-18 18:43:00,4,Cambio de opinion,7152.04
376,58281,2024-04-20 19:24:00,2,Producto defectuoso,4105.70
377,48901,2024-01-20 09:54:00,2,Producto equivocado,3718.16
378,47971,2024-05-28 21:56:00,2,Producto defectuoso,723.50
379,49583,2026-01-02 10:21:00,4,Danado en transporte,1578.56
380,51502,2025-12-21 22:52:00,3,Talla o presentacion,1196.25
381,52813,2025-09-22 18:26:00,4,Talla o presentacion,6922.23
382,6662,2025-11-18 23:07:00,3,Danado en transporte,6684.63
383,678,2026-02-19 15:08:00,1,Producto defectuoso,1975.53
384,721,2024-12-26 08:09:00,1,Danado en transporte,2343.06
385,2375,2026-05-01 14:13:00,4,Danado en transporte,8631.64
386,3980,2025-09-03 15:32:00,1,Danado en transporte,2158.73
387,2786,2023-06-29 12:56:00,3,Cambio de opinion,1304.28
388,6388,2023-09-23 21:40:00,1,Producto equivocado,2069.86
389,530,2026-05-16 16:26:00,1,Talla o presentacion,415.07
390,3789,2025-11-03 11:01:00,4,Talla o presentacion,8922.14
391,1291,2025-06-01 20:21:00,4,Danado en transporte,7226.87
392,12978,2026-02-08 21:02:00,2,Producto equivocado,4315.82
393,7047,2026-04-29 21:56:00,2,Talla o presentacion,859.64
394,8617,2023-06-17 07:10:00,2,Producto equivocado,3088.90
395,11735,2024-10-06 01:21:00,3,Talla o presentacion,6105.48
396,8811,2025-06-19 20:52:00,4,Danado en transporte,8996.60
397,13789,2025-10-25 04:53:00,2,Danado en transporte,4028.78
398,9661,2024-11-10 07:16:00,4,Cambio de opinion,8854.20
399,10474,2024-05-23 21:57:00,2,Talla o presentacion,727.39
400,14190,2026-07-09 22:52:00,1,Producto equivocado,388.92
401,14209,2026-06-05 23:25:00,3,Cambio de opinion,5821.46
402,13072,2026-06-06 18:58:00,3,Cambio de opinion,1022.42
403,19512,2023-05-24 13:53:00,3,Danado en transporte,6274.26
404,19715,2025-09-06 12:00:00,3,Danado en transporte,5980.86
405,21200,2024-12-05 18:59:00,3,Producto defectuoso,5587.85
406,18454,2024-01-24 03:29:00,2,Danado en transporte,811.00
407,15335,2023-07-28 09:05:00,2,Producto equivocado,777.84
408,14323,2023-02-09 13:21:00,1,Producto defectuoso,1849.52
409,19004,2023-08-20 08:13:00,3,Cambio de opinion,5486.16
410,20582,2024-12-29 04:28:00,1,Producto defectuoso,2152.11
411,22656,2024-02-27 21:32:00,3,Danado en transporte,5051.75
412,21404,2023-05-09 10:21:00,1,Producto equivocado,1906.48
413,21279,2024-04-23 22:40:00,3,Producto defectuoso,1306.30
414,25714,2025-05-28 12:02:00,2,Producto defectuoso,3300.12
415,28129,2025-11-17 17:36:00,1,Cambio de opinion,2179.93
416,28562,2026-03-12 12:50:00,1,Producto equivocado,2307.42
417,23901,2023-11-06 11:17:00,1,Talla o presentacion,459.36
418,31554,2023-09-22 20:26:00,2,Talla o presentacion,783.58
419,33038,2024-05-14 20:19:00,3,Producto defectuoso,6115.29
420,33106,2025-10-17 16:10:00,2,Producto equivocado,830.14
421,36219,2023-09-24 04:05:00,2,Cambio de opinion,775.98
422,29182,2024-12-18 14:28:00,3,Producto equivocado,6589.44
423,34982,2023-11-11 22:35:00,2,Producto equivocado,4502.36
424,39782,2024-09-16 19:28:00,3,Producto equivocado,5554.29
425,38332,2023-11-04 18:34:00,3,Producto equivocado,5608.74
426,29449,2023-09-15 06:54:00,3,Talla o presentacion,5419.23
427,43486,2025-06-15 21:08:00,3,Danado en transporte,5503.79
428,43869,2024-06-24 21:06:00,2,Producto equivocado,4686.12
429,52565,2023-02-02 06:29:00,2,Danado en transporte,3971.37
430,57930,2025-10-14 18:56:00,1,Producto equivocado,384.91
431,53506,2024-02-19 04:12:00,3,Talla o presentacion,4791.95
432,56612,2023-06-18 02:28:00,1,Talla o presentacion,392.93
433,53888,2024-08-16 11:49:00,1,Talla o presentacion,1405.54
434,57239,2025-09-19 16:23:00,2,Danado en transporte,3771.56
435,64558,2023-03-29 14:39:00,1,Danado en transporte,430.58
436,63112,2025-02-16 05:22:00,1,Producto equivocado,1889.79
437,63948,2023-02-22 17:37:00,1,Producto equivocado,1703.50
438,65364,2024-06-15 21:40:00,1,Cambio de opinion,1760.07
439,62102,2023-12-24 18:13:00,1,Producto equivocado,1963.10
440,66744,2023-10-02 11:41:00,1,Danado en transporte,2270.00
441,66614,2024-09-22 05:49:00,1,Producto defectuoso,2091.42
442,71771,2025-05-11 20:03:00,1,Danado en transporte,2366.03
443,75570,2026-05-10 17:53:00,1,Danado en transporte,2205.24
444,71710,2026-07-27 11:16:00,1,Cambio de opinion,2236.13
445,75195,2023-07-08 21:17:00,2,Danado en transporte,4456.42
446,68937,2026-03-09 09:39:00,1,Producto equivocado,497.64
447,70773,2024-06-28 23:08:00,1,Cambio de opinion,2213.54
448,72265,2024-11-03 19:15:00,1,Cambio de opinion,2236.13
449,74253,2026-06-24 19:11:00,2,Cambio de opinion,4359.86
450,76577,2023-12-28 18:39:00,2,Talla o presentacion,4139.72
451,60,2026-01-21 17:43:00,2,Producto defectuoso,4079.42
452,2374,2026-05-03 14:14:00,1,Producto defectuoso,373.41
453,10782,2026-08-02 12:01:00,1,Cambio de opinion,1951.22
454,14525,2024-08-22 14:08:00,3,Danado en transporte,6058.06
455,16397,2025-11-22 10:27:00,1,Cambio de opinion,1859.08
456,13842,2026-03-30 02:20:00,1,Producto equivocado,2202.93
457,21277,2024-04-11 22:54:00,1,Talla o presentacion,2188.19
458,19382,2024-09-17 11:56:00,3,Talla o presentacion,5975.62
459,27194,2024-06-04 00:31:00,3,Producto equivocado,4678.44
460,25264,2024-02-13 21:41:00,1,Talla o presentacion,352.66
461,23903,2023-10-11 11:41:00,3,Producto defectuoso,5913.66
462,29066,2024-12-24 14:22:00,3,Producto equivocado,1347.30
463,27327,2024-09-29 01:53:00,3,Producto defectuoso,1245.66
464,28822,2024-01-21 10:28:00,1,Cambio de opinion,376.44
465,30489,2026-01-30 14:43:00,2,Producto equivocado,800.42
466,31947,2024-09-09 03:41:00,3,Producto equivocado,1508.58
467,35098,2026-02-28 00:55:00,2,Talla o presentacion,1036.50
468,36346,2025-12-25 23:49:00,3,Talla o presentacion,1523.97
469,36460,2025-11-08 22:09:00,3,Cambio de opinion,1239.48
470,28705,2024-05-31 02:23:00,1,Producto defectuoso,2019.35
471,30295,2026-06-22 16:23:00,2,Producto defectuoso,871.26
472,31875,2025-08-21 10:04:00,3,Producto equivocado,4517.11
473,30992,2024-02-13 12:28:00,2,Talla o presentacion,1015.98
474,35224,2025-12-04 23:21:00,1,Producto defectuoso,410.50
475,44664,2024-02-01 03:29:00,1,Producto equivocado,367.83
476,42737,2026-06-22 09:04:00,4,Producto defectuoso,7494.04
477,40411,2025-11-03 22:38:00,2,Cambio de opinion,3572.36
478,48655,2023-05-10 22:29:00,2,Producto defectuoso,892.44
479,43674,2023-05-20 10:11:00,1,Danado en transporte,1786.18
480,58487,2023-12-12 11:21:00,2,Talla o presentacion,2518.37
481,47598,2025-12-04 04:37:00,1,Cambio de opinion,1818.40
482,55755,2025-08-06 05:42:00,2,Cambio de opinion,4405.86
483,58411,2023-11-23 11:00:00,2,Producto equivocado,3407.42
484,56032,2025-05-12 08:19:00,1,Producto equivocado,1756.66
485,60247,2026-06-06 13:01:00,1,Danado en transporte,339.36
486,60492,2023-09-25 13:51:00,1,Talla o presentacion,2144.85
487,65176,2026-01-26 01:57:00,1,Cambio de opinion,1971.22
488,62309,2025-03-30 04:32:00,1,Producto defectuoso,2165.87
489,70001,2025-01-09 08:09:00,2,Talla o presentacion,3808.32
490,64671,2026-03-27 08:50:00,1,Cambio de opinion,388.33
491,66296,2023-11-22 05:00:00,1,Danado en transporte,1686.50
492,73382,2026-01-16 21:19:00,1,Cambio de opinion,409.15
493,73903,2024-11-25 22:28:00,2,Danado en transporte,1046.76
494,69677,2025-10-30 15:59:00,1,Producto defectuoso,1876.45
495,70452,2025-06-02 08:44:00,1,Producto defectuoso,353.53
496,75123,2025-08-11 22:09:00,2,Producto equivocado,3335.90
497,7464,2024-05-11 19:52:00,1,Danado en transporte,385.99
498,11533,2024-11-22 12:37:00,1,Danado en transporte,369.16
499,1364,2024-02-07 12:28:00,1,Cambio de opinion,382.25
500,8056,2025-12-29 23:49:00,3,Cambio de opinion,1146.75
501,26835,2024-02-04 22:41:00,2,Talla o presentacion,726.72
502,30352,2023-10-22 23:04:00,3,Producto defectuoso,1169.22
503,25002,2025-04-07 03:10:00,2,Talla o presentacion,737.34
504,24396,2023-10-18 01:34:00,2,Producto defectuoso,742.00
505,16571,2025-08-29 02:21:00,1,Talla o presentacion,1967.17
506,33359,2025-01-05 00:12:00,2,Cambio de opinion,897.08
507,36781,2023-07-16 06:27:00,2,Danado en transporte,980.92
508,46215,2025-05-08 10:05:00,2,Talla o presentacion,805.92
509,1576,2024-02-23 00:52:00,3,Cambio de opinion,5627.43
510,1853,2025-11-30 07:40:00,2,Cambio de opinion,3737.44
511,6581,2026-07-02 02:52:00,4,Producto defectuoso,8389.84
512,4108,2025-01-10 12:06:00,1,Cambio de opinion,422.22
513,15,2026-07-24 20:44:00,1,Talla o presentacion,426.40
514,4878,2026-01-09 20:20:00,1,Talla o presentacion,1777.49
515,1368,2024-01-30 12:24:00,1,Talla o presentacion,418.04
516,8264,2024-11-08 19:19:00,1,Producto defectuoso,2242.34
517,11723,2024-09-20 01:19:00,1,Producto equivocado,2203.24
518,13275,2024-06-19 19:09:00,3,Cambio de opinion,5232.96
519,11913,2023-01-12 17:35:00,1,Talla o presentacion,400.61
520,11989,2024-04-25 14:05:00,1,Producto defectuoso,404.96
521,7585,2023-08-03 15:03:00,4,Producto equivocado,1719.28
522,7944,2024-03-07 07:05:00,1,Danado en transporte,1899.30
523,8171,2026-01-08 21:23:00,4,Danado en transporte,8545.88
524,13216,2024-01-07 21:48:00,1,Cambio de opinion,2069.86
525,13536,2026-03-02 08:47:00,2,Talla o presentacion,4629.02
526,19778,2026-02-09 09:25:00,3,Talla o presentacion,1139.22
527,18890,2024-01-23 04:14:00,2,Producto equivocado,4319.52
528,14773,2024-01-01 09:36:00,2,Producto equivocado,4361.96
529,19969,2026-06-21 12:53:00,1,Producto equivocado,396.94
530,20010,2023-05-15 09:40:00,1,Danado en transporte,422.22
531,20070,2025-06-01 17:40:00,1,Producto defectuoso,368.88
532,20261,2025-03-15 03:11:00,2,Talla o presentacion,869.52
533,22718,2026-07-05 05:02:00,2,Talla o presentacion,777.84
534,22976,2024-12-09 22:21:00,1,Producto defectuoso,2036.36
535,25076,2025-01-28 10:10:00,3,Talla o presentacion,1291.74
536,22394,2023-02-09 15:44:00,1,Producto equivocado,422.22
537,28050,2023-07-26 09:39:00,1,Producto equivocado,408.97
538,28959,2024-01-29 18:13:00,2,Cambio de opinion,890.01
539,34798,2025-05-31 22:15:00,1,Danado en transporte,1788.83
540,48209,2025-05-13 14:12:00,2,Talla o presentacion,4472.26
541,48262,2025-02-20 21:20:00,3,Talla o presentacion,5926.58
542,40677,2023-06-19 21:07:00,4,Producto equivocado,6775.20
543,51126,2023-08-12 19:01:00,3,Cambio de opinion,5486.16
544,45924,2026-07-21 10:45:00,1,Producto defectuoso,1985.68
545,49071,2023-03-19 14:53:00,2,Danado en transporte,4187.20
546,44607,2023-07-08 15:14:00,4,Talla o presentacion,8806.08
547,58358,2024-03-11 18:43:00,1,Danado en transporte,388.92
548,54944,2026-04-28 10:14:00,1,Danado en transporte,1944.23
549,53825,2025-03-26 15:32:00,2,Danado en transporte,4272.65
550,55622,2024-09-05 16:28:00,1,Producto equivocado,1848.26
551,62178,2023-12-20 09:51:00,1,Talla o presentacion,384.91
552,59296,2025-08-17 05:14:00,1,Danado en transporte,2134.54
553,60955,2025-10-29 12:53:00,1,Talla o presentacion,2138.99
554,65238,2026-05-20 13:32:00,1,Cambio de opinion,1877.93
555,66678,2024-09-01 06:10:00,1,Producto defectuoso,1834.25
556,71276,2025-03-09 13:15:00,1,Producto equivocado,2251.18
557,72572,2023-09-12 06:03:00,1,Producto defectuoso,366.87
558,70002,2025-01-04 08:05:00,1,Danado en transporte,2136.76
559,73510,2025-09-02 17:50:00,1,Producto equivocado,2023.58
560,72892,2023-11-10 18:36:00,1,Cambio de opinion,1799.67
561,9407,2026-05-06 07:48:00,2,Talla o presentacion,784.58
562,174,2023-03-08 22:19:00,1,Producto defectuoso,419.30
563,6674,2025-10-29 22:49:00,1,Cambio de opinion,1757.69
564,533,2026-05-14 16:23:00,1,Danado en transporte,1598.90
565,8824,2024-05-21 03:27:00,1,Producto defectuoso,396.51
566,10278,2023-06-12 10:16:00,2,Danado en transporte,816.28
567,2780,2023-07-01 13:08:00,1,Cambio de opinion,1838.54
568,4318,2024-12-31 00:22:00,1,Danado en transporte,1812.62
569,7737,2025-04-10 19:34:00,2,Producto defectuoso,4079.42
570,13010,2025-12-28 21:36:00,1,Danado en transporte,2113.82
571,14640,2023-10-31 19:09:00,1,Danado en transporte,2225.88
572,17779,2026-03-12 19:08:00,2,Cambio de opinion,3790.14
573,18834,2023-08-16 06:42:00,2,Talla o presentacion,639.03
574,9792,2023-03-04 06:33:00,3,Talla o presentacion,5515.62
575,10409,2026-01-04 11:35:00,3,Producto equivocado,1131.78
576,15597,2024-10-22 22:54:00,2,Cambio de opinion,4289.70
577,21607,2025-11-20 22:38:00,2,Cambio de opinion,806.48
578,27007,2025-12-30 22:42:00,2,Danado en transporte,822.46
579,33730,2023-01-24 00:22:00,3,Talla o presentacion,5317.65
580,28576,2026-01-25 13:32:00,2,Producto defectuoso,3735.08
581,31483,2025-02-14 02:47:00,1,Producto defectuoso,1703.71
582,38597,2025-11-24 16:15:00,4,Danado en transporte,1787.40
583,32412,2024-01-05 12:28:00,2,Producto defectuoso,3541.64
584,34096,2023-03-29 07:38:00,1,Cambio de opinion,1669.29
585,39279,2024-09-22 01:19:00,2,Danado en transporte,805.72
586,32674,2023-04-08 23:22:00,1,Producto defectuoso,502.86
587,47408,2023-04-28 04:16:00,1,Cambio de opinion,513.12
588,40355,2026-05-30 19:10:00,2,Cambio de opinion,3673.54
589,51952,2025-05-19 06:26:00,3,Danado en transporte,4801.37
590,49018,2023-10-30 11:13:00,1,Danado en transporte,533.64
591,50509,2023-03-31 17:18:00,2,Producto defectuoso,3251.36
592,52696,2024-09-16 18:39:00,3,Producto defectuoso,1172.46
593,59092,2024-05-30 03:16:00,1,Talla o presentacion,1559.48
594,60758,2023-09-15 13:24:00,1,Talla o presentacion,373.41
595,58745,2024-11-19 19:35:00,2,Producto equivocado,3545.10
596,65233,2025-12-17 02:36:00,1,Talla o presentacion,387.27
597,64556,2023-04-27 14:12:00,1,Cambio de opinion,2093.50
598,63231,2025-01-12 22:06:00,1,Danado en transporte,384.36
599,67221,2023-08-21 06:39:00,1,Cambio de opinion,331.07
600,68739,2025-05-09 00:34:00,1,Producto defectuoso,2271.77
601,70192,2024-02-29 12:40:00,1,Danado en transporte,1708.19
602,75325,2023-12-21 22:29:00,2,Producto defectuoso,3507.24
603,70719,2025-02-12 19:03:00,1,Producto equivocado,393.11
604,72454,2024-10-12 00:51:00,1,Talla o presentacion,1770.82
605,76764,2025-03-31 15:40:00,1,Cambio de opinion,507.99
606,11780,2024-07-20 02:28:00,1,Danado en transporte,380.16
607,7609,2024-03-10 18:43:00,4,Producto equivocado,1603.80
608,12332,2025-10-10 13:07:00,2,Talla o presentacion,742.00
609,12464,2024-09-27 03:54:00,3,Danado en transporte,1051.80
610,4862,2026-02-06 20:42:00,3,Danado en transporte,1175.46
611,17714,2023-11-14 11:15:00,3,Producto equivocado,1187.22
612,19519,2023-04-16 14:20:00,3,Producto defectuoso,6647.70
613,30555,2025-01-17 14:20:00,2,Producto defectuoso,757.00
614,17062,2025-09-28 15:49:00,3,Producto defectuoso,6986.85
615,23262,2024-08-05 06:54:00,1,Producto defectuoso,1967.17
616,21918,2024-08-29 22:08:00,3,Talla o presentacion,931.12
617,31109,2025-05-19 08:26:00,3,Cambio de opinion,1428.84
618,20581,2024-12-29 04:29:00,3,Danado en transporte,1101.76
619,39665,2023-11-23 10:12:00,2,Producto defectuoso,4337.42
620,39666,2023-10-29 10:36:00,3,Producto equivocado,1257.72
621,31991,2024-04-06 00:55:00,3,Producto equivocado,1345.62
622,46276,2023-02-22 17:41:00,3,Producto defectuoso,1471.38
623,40280,2023-07-05 14:44:00,1,Producto defectuoso,2256.34
624,51183,2025-11-15 03:09:00,4,Producto equivocado,1693.24
625,35663,2024-06-07 10:17:00,1,Producto defectuoso,397.67
626,56749,2026-07-19 23:16:00,2,Talla o presentacion,814.98
627,56800,2025-09-14 16:26:00,1,Talla o presentacion,363.51
628,57161,2024-09-16 06:14:00,2,Talla o presentacion,667.22
629,58935,2026-08-20 09:55:00,2,Talla o presentacion,3490.54
630,65483,2023-08-02 02:59:00,1,Producto equivocado,380.16
631,65558,2025-07-25 00:35:00,1,Talla o presentacion,371.00
632,68922,2024-08-08 05:07:00,1,Producto equivocado,307.22
633,67877,2025-01-17 21:50:00,1,Producto equivocado,391.82
634,68225,2026-03-11 21:37:00,1,Talla o presentacion,368.67
635,71208,2023-11-23 11:04:00,1,Producto equivocado,384.07
636,62115,2023-11-07 18:57:00,1,Danado en transporte,1749.73
637,67294,2025-04-22 02:57:00,1,Producto equivocado,1856.39
638,61249,2023-10-27 04:48:00,1,Producto defectuoso,384.36
639,62740,2024-06-08 07:32:00,1,Cambio de opinion,373.41
640,65932,2023-06-23 19:24:00,1,Cambio de opinion,453.59
641,67542,2025-09-26 06:04:00,1,Danado en transporte,435.63
642,68343,2025-02-26 20:05:00,1,Producto defectuoso,395.21
643,73778,2023-02-03 03:16:00,1,Cambio de opinion,382.30
644,75267,2025-09-05 22:09:00,2,Producto defectuoso,872.30
645,73832,2024-03-29 04:51:00,1,Producto defectuoso,1895.54
646,72382,2025-01-14 11:45:00,1,Talla o presentacion,2113.82
647,177,2024-03-04 04:20:00,1,Producto equivocado,420.49
648,8594,2023-07-19 06:37:00,1,Producto defectuoso,382.25
649,8886,2024-11-05 00:33:00,3,Danado en transporte,1079.28
650,12144,2023-05-31 19:28:00,3,Cambio de opinion,1044.90
651,9118,2025-02-25 02:27:00,1,Producto equivocado,329.79
652,9948,2025-11-08 22:13:00,1,Talla o presentacion,2212.53
653,6946,2026-04-03 16:03:00,3,Talla o presentacion,1101.78
654,13523,2026-04-17 08:04:00,2,Producto defectuoso,799.32
655,15710,2024-07-16 12:52:00,1,Producto equivocado,359.76
656,15786,2024-11-23 10:40:00,1,Talla o presentacion,365.05
657,8042,2026-01-02 00:09:00,3,Producto equivocado,1140.21
658,22320,2023-04-24 20:30:00,3,Producto equivocado,1084.32
659,26708,2026-05-17 06:12:00,2,Producto equivocado,4657.90
660,16329,2026-06-26 07:01:00,2,Cambio de opinion,727.02
661,24267,2024-02-05 13:53:00,2,Cambio de opinion,767.96
662,30612,2024-06-05 10:35:00,3,Producto equivocado,1000.59
663,24702,2024-11-27 22:58:00,1,Danado en transporte,357.83
664,16716,2026-08-26 06:39:00,3,Danado en transporte,6037.18
665,29373,2024-09-08 18:58:00,1,Danado en transporte,1583.34
666,33487,2025-07-09 09:15:00,3,Producto defectuoso,1442.73
667,42865,2023-09-03 02:09:00,2,Talla o presentacion,708.23
668,34735,2024-08-04 23:52:00,1,Producto defectuoso,471.66
669,34356,2024-11-15 07:23:00,2,Cambio de opinion,745.76
670,47972,2024-05-02 22:21:00,3,Producto equivocado,1183.43
671,41935,2026-06-16 01:24:00,2,Talla o presentacion,663.73
672,48334,2024-06-11 01:20:00,1,Cambio de opinion,2312.10
673,60439,2024-07-11 09:06:00,1,Talla o presentacion,1871.22
674,64816,2025-07-06 17:07:00,1,Talla o presentacion,407.49
675,66485,2026-07-17 01:08:00,1,Producto defectuoso,417.15
676,65482,2023-08-05 02:57:00,1,Producto defectuoso,1831.51
677,62682,2024-12-03 10:26:00,1,Cambio de opinion,302.03
678,65879,2023-07-19 18:59:00,1,Producto equivocado,2328.95
679,53508,2024-02-15 04:14:00,1,Producto defectuoso,324.40
680,67672,2023-04-13 17:16:00,1,Danado en transporte,421.20
681,69167,2024-12-18 22:56:00,1,Producto equivocado,376.15
682,66222,2026-05-16 06:06:00,1,Danado en transporte,346.98
683,76561,2023-08-28 20:47:00,2,Cambio de opinion,628.42
684,76639,2023-06-20 14:12:00,2,Talla o presentacion,732.65
685,9603,2026-01-26 14:36:00,2,Danado en transporte,3375.14
686,14392,2026-02-04 17:02:00,1,Producto equivocado,1757.16
687,17133,2023-11-14 07:00:00,2,Danado en transporte,959.36
688,6797,2024-03-02 19:05:00,2,Cambio de opinion,959.36
689,14718,2025-03-02 02:37:00,3,Danado en transporte,1522.56
690,16589,2025-08-13 02:29:00,3,Producto equivocado,1288.32
691,5586,2024-10-31 07:00:00,3,Cambio de opinion,5192.79
692,5667,2023-07-07 22:59:00,2,Producto equivocado,968.76
693,7255,2024-09-19 10:18:00,4,Cambio de opinion,1805.84
694,15018,2025-03-30 04:29:00,1,Talla o presentacion,478.24
695,15078,2023-05-04 22:09:00,1,Danado en transporte,474.97
696,13841,2026-03-30 02:21:00,3,Producto defectuoso,5404.74
697,13856,2026-03-22 02:24:00,2,Producto defectuoso,3936.53
698,15217,2025-05-02 22:27:00,1,Producto defectuoso,1739.76
699,19005,2023-09-09 08:12:00,1,Talla o presentacion,375.68
700,20978,2025-10-28 17:08:00,1,Producto defectuoso,489.08
701,32034,2025-01-29 11:55:00,3,Cambio de opinion,6129.96
702,24269,2024-02-01 13:55:00,1,Danado en transporte,1687.57
703,28958,2024-02-02 18:10:00,1,Producto equivocado,479.68
704,29050,2025-02-12 13:38:00,3,Producto defectuoso,1365.87
705,36987,2024-04-04 04:03:00,2,Cambio de opinion,915.10
706,29258,2023-07-02 13:53:00,2,Producto defectuoso,921.72
707,30744,2023-11-29 19:34:00,3,Producto equivocado,6196.59
708,25974,2026-06-15 11:26:00,3,Danado en transporte,5298.75
709,41222,2023-01-29 17:02:00,3,Producto defectuoso,1111.59
710,37349,2024-04-28 09:47:00,2,Producto defectuoso,4246.84
711,51896,2025-11-27 02:58:00,3,Producto defectuoso,1139.37
712,55114,2026-07-02 15:17:00,1,Talla o presentacion,1836.90
713,56030,2025-05-16 08:21:00,1,Danado en transporte,1722.36
714,64428,2025-07-08 07:00:00,1,Producto defectuoso,455.29
715,54307,2023-12-13 07:33:00,2,Danado en transporte,3307.64
716,60634,2026-08-22 00:05:00,1,Producto equivocado,1536.64
717,56236,2025-05-25 13:41:00,1,Cambio de opinion,1819.24
718,62552,2025-06-21 18:57:00,1,Cambio de opinion,473.87
719,64624,2023-03-21 05:02:00,1,Danado en transporte,1766.25
720,69229,2024-06-21 07:57:00,1,Producto equivocado,431.81
721,73962,2024-06-15 07:43:00,1,Danado en transporte,374.32
722,75388,2023-10-27 05:16:00,1,Danado en transporte,2103.00
723,61,2026-01-21 17:44:00,1,Danado en transporte,1721.04
724,4524,2025-12-29 12:25:00,1,Danado en transporte,1891.50
725,1850,2025-12-12 07:49:00,1,Producto defectuoso,1826.82
726,1864,2025-11-16 07:23:00,1,Producto defectuoso,1691.79
727,2107,2023-07-20 19:21:00,2,Danado en transporte,874.78
728,3655,2026-06-27 11:24:00,4,Producto equivocado,7819.96
729,5318,2026-04-07 04:06:00,1,Talla o presentacion,2292.48
730,5374,2023-02-03 06:50:00,1,Talla o presentacion,2195.95
731,4045,2025-04-20 12:57:00,4,Talla o presentacion,7995.64
732,4107,2025-01-12 12:07:00,2,Talla o presentacion,3871.26
733,4664,2026-07-14 23:05:00,1,Producto defectuoso,1721.04
734,4722,2023-12-25 11:38:00,3,Talla o presentacion,6061.61
735,6310,2023-12-03 23:48:00,1,Danado en transporte,2063.53
736,6318,2023-11-27 23:34:00,1,Cambio de opinion,1635.84
737,7254,2024-09-21 10:19:00,1,Talla o presentacion,2260.52
738,10781,2026-07-21 12:14:00,3,Producto equivocado,5009.76
739,12463,2024-10-03 03:55:00,3,Danado en transporte,5386.11
740,14000,2023-05-02 15:43:00,3,Producto equivocado,6059.19
741,8117,2025-06-28 00:31:00,2,Talla o presentacion,3909.98
742,9678,2024-10-25 06:47:00,1,Producto defectuoso,1635.84
743,9871,2025-06-26 22:34:00,4,Danado en transporte,8245.32
744,6879,2023-06-11 16:03:00,4,Producto defectuoso,6735.98
745,8460,2023-09-27 05:23:00,1,Producto equivocado,378.42
746,10013,2025-04-02 01:50:00,3,Producto equivocado,1392.51
747,11667,2023-12-20 18:07:00,1,Cambio de opinion,2020.95
748,8933,2023-08-11 07:56:00,2,Producto defectuoso,3469.57
749,14276,2026-03-20 16:18:00,1,Producto equivocado,1738.08
750,19061,2023-06-23 09:22:00,1,Producto equivocado,1686.96
751,16063,2026-04-25 09:50:00,2,Cambio de opinion,4349.66
752,19838,2024-11-30 16:53:00,2,Producto equivocado,962.02
753,20147,2025-04-20 02:29:00,2,Danado en transporte,4470.96
754,18761,2024-12-04 22:57:00,3,Cambio de opinion,4907.52
755,20274,2025-01-05 10:26:00,2,Producto equivocado,3349.06
756,19381,2024-09-17 11:57:00,2,Cambio de opinion,3408.00
757,14976,2023-01-23 03:33:00,2,Producto equivocado,4676.66
758,17903,2024-06-28 21:36:00,3,Talla o presentacion,5650.82
759,16457,2023-10-12 23:31:00,3,Producto defectuoso,5923.02
760,16512,2025-03-18 05:00:00,2,Talla o presentacion,4611.46
761,22963,2025-01-24 21:38:00,1,Cambio de opinion,2305.73
762,22263,2026-06-30 22:59:00,3,Cambio de opinion,6461.16
763,1449,2023-06-18 08:39:00,4,Cambio de opinion,7558.72
764,1575,2024-02-25 00:53:00,4,Talla o presentacion,6613.88
765,3036,2024-10-04 16:53:00,3,Danado en transporte,6274.26
766,4607,2024-02-18 06:30:00,2,Producto equivocado,3488.64
767,3519,2023-01-11 12:24:00,4,Producto equivocado,1635.80
768,6661,2025-11-20 23:08:00,4,Producto defectuoso,7625.92
769,4048,2025-04-20 13:00:00,1,Producto defectuoso,1707.79
770,7114,2025-10-05 18:31:00,1,Cambio de opinion,413.86
771,1080,2024-06-16 23:06:00,1,Talla o presentacion,2225.49
772,1714,2024-04-22 20:06:00,1,Producto equivocado,409.68
773,611,2025-09-28 12:41:00,1,Talla o presentacion,415.07
774,6948,2026-03-30 16:05:00,1,Producto equivocado,1812.35
775,7738,2025-04-08 19:33:00,1,Danado en transporte,2112.98
776,10349,2023-11-13 12:39:00,1,Talla o presentacion,392.93
777,12260,2025-05-11 15:29:00,2,Talla o presentacion,3098.56
778,12276,2025-12-23 11:57:00,2,Danado en transporte,4441.56
779,9527,2023-01-31 18:16:00,2,Producto equivocado,867.98
780,8118,2025-06-28 00:30:00,1,Cambio de opinion,426.40
781,9660,2024-11-12 07:17:00,1,Talla o presentacion,488.07
782,14452,2024-03-31 16:47:00,3,Danado en transporte,5719.44
783,7372,2023-05-19 20:03:00,3,Cambio de opinion,1435.50
784,13596,2023-02-23 11:11:00,2,Danado en transporte,3794.74
785,10855,2023-05-19 09:38:00,3,Talla o presentacion,6092.94
786,16641,2025-01-29 05:49:00,1,Cambio de opinion,422.22
787,14132,2026-02-22 20:33:00,3,Cambio de opinion,4809.68
788,14642,2023-10-27 19:11:00,3,Producto equivocado,4599.93
789,26122,2025-12-17 10:42:00,2,Danado en transporte,676.02
790,23209,2024-10-30 05:33:00,1,Producto defectuoso,418.04
791,26258,2026-03-30 19:10:00,1,Danado en transporte,2368.51
792,21727,2025-07-06 23:01:00,2,Producto defectuoso,4304.22
793,24844,2023-01-21 10:12:00,3,Producto equivocado,1226.85
794,26441,2024-04-05 15:01:00,1,Producto defectuoso,2091.42
795,28882,2023-08-30 20:44:00,1,Talla o presentacion,1952.43
796,24969,2026-03-08 01:09:00,2,Danado en transporte,3661.94
797,22396,2023-02-05 15:46:00,3,Talla o presentacion,5227.92
798,24003,2023-04-14 02:59:00,1,Producto defectuoso,488.07
799,33165,2026-05-28 19:48:00,1,Producto equivocado,1623.23
800,29065,2024-12-24 14:23:00,2,Producto defectuoso,4094.91
801,35229,2025-11-23 23:15:00,3,Producto defectuoso,6911.67
802,38391,2024-03-28 20:54:00,2,Producto equivocado,745.54
803,38406,2024-03-01 20:24:00,3,Talla o presentacion,1172.67
804,46728,2024-12-11 04:16:00,1,Danado en transporte,2225.49
805,48339,2024-05-26 01:51:00,2,Cambio de opinion,4652.96
806,45479,2026-06-30 17:04:00,2,Talla o presentacion,4226.71
807,44722,2026-03-10 04:50:00,3,Cambio de opinion,5390.94
808,45284,2024-12-31 10:13:00,1,Producto equivocado,2199.22
809,43996,2024-03-18 22:43:00,3,Cambio de opinion,1046.13
810,44027,2024-04-13 08:29:00,4,Producto equivocado,1547.44
811,47216,2025-03-02 01:04:00,3,Talla o presentacion,1152.54
812,52118,2026-03-04 19:44:00,1,Producto equivocado,461.87
813,56877,2024-11-12 11:23:00,2,Producto equivocado,3162.46
814,57480,2025-04-25 21:39:00,1,Danado en transporte,2227.31
815,58937,2023-08-21 06:05:00,2,Producto defectuoso,3916.85
816,57559,2023-05-18 20:22:00,2,Producto defectuoso,937.86
817,59104,2024-04-30 03:48:00,1,Producto equivocado,1879.72
818,56352,2026-03-21 07:37:00,1,Cambio de opinion,1993.62
819,59749,2025-11-30 01:23:00,2,Danado en transporte,3649.80
820,60172,2023-08-16 02:05:00,1,Producto equivocado,1954.59
821,53956,2026-08-16 21:01:00,3,Danado en transporte,1172.67
822,60360,2024-10-04 17:23:00,1,Producto equivocado,1740.72
823,64367,2026-04-13 02:10:00,1,Producto equivocado,2025.20
824,63171,2026-06-17 07:42:00,1,Producto equivocado,429.82
825,60751,2023-01-30 17:23:00,1,Cambio de opinion,400.95
826,65611,2026-02-21 19:01:00,1,Producto defectuoso,352.83
827,69601,2026-01-23 14:36:00,1,Talla o presentacion,384.91
828,72383,2025-01-11 11:47:00,1,Danado en transporte,2274.15
829,74194,2025-10-11 15:42:00,1,Danado en transporte,2349.07
830,73063,2023-10-15 13:22:00,2,Cambio de opinion,4640.18
831,76188,2025-12-09 22:58:00,1,Danado en transporte,1748.26
832,76768,2025-11-26 19:24:00,1,Producto equivocado,2072.02
833,722,2024-12-28 08:08:00,1,Cambio de opinion,2018.68
834,2300,2025-01-01 09:26:00,1,Talla o presentacion,1876.45
835,1095,2024-06-10 22:45:00,4,Talla o presentacion,1598.79
836,4606,2024-02-20 06:31:00,3,Cambio de opinion,4943.48
837,9326,2024-04-09 09:25:00,3,Danado en transporte,5592.60
838,5033,2025-08-08 15:52:00,2,Producto defectuoso,2975.55
839,6947,2026-04-03 16:02:00,2,Cambio de opinion,816.28
840,3995,2025-10-09 15:53:00,4,Danado en transporte,1760.48
841,9119,2025-02-17 02:20:00,4,Producto defectuoso,1474.06
842,14844,2024-07-09 18:55:00,2,Producto defectuoso,4079.42
843,13597,2023-02-23 11:10:00,3,Producto defectuoso,1252.98
844,15260,2024-03-02 05:24:00,3,Danado en transporte,6953.01
845,12786,2025-08-11 17:57:00,3,Cambio de opinion,6119.13
846,17526,2023-11-12 00:46:00,2,Producto equivocado,1036.50
847,17908,2025-10-04 11:11:00,1,Cambio de opinion,2317.67
848,10722,2023-10-31 00:49:00,1,Producto equivocado,2060.73
849,12202,2023-12-05 10:11:00,1,Danado en transporte,1755.34
850,27251,2024-05-18 04:05:00,3,Cambio de opinion,1197.75
851,19062,2023-06-19 09:25:00,2,Cambio de opinion,3943.09
852,20725,2023-05-28 08:01:00,1,Danado en transporte,2065.24
853,28896,2023-08-22 20:48:00,2,Cambio de opinion,3149.19
854,33747,2023-09-16 04:04:00,1,Producto defectuoso,425.89
855,35356,2024-01-21 18:31:00,1,Producto equivocado,1891.87
856,33485,2025-07-19 09:23:00,1,Talla o presentacion,1877.31
857,29907,2025-12-09 19:40:00,3,Danado en transporte,934.26
858,33166,2026-05-28 19:49:00,2,Cambio de opinion,3076.55
859,37157,2026-04-14 09:31:00,3,Producto equivocado,1394.16
860,31306,2026-08-07 11:53:00,1,Cambio de opinion,1720.92
861,31352,2023-06-11 14:35:00,3,Danado en transporte,4594.86
862,44416,2024-02-08 09:17:00,3,Producto defectuoso,4801.37
863,40357,2026-06-11 18:56:00,4,Danado en transporte,6196.94
864,39088,2024-06-03 15:32:00,1,Producto equivocado,1514.41
865,40732,2026-03-21 08:32:00,3,Danado en transporte,5139.24
866,42211,2024-01-19 06:10:00,2,Producto equivocado,822.16
867,43662,2026-04-29 14:21:00,3,Cambio de opinion,1215.42
868,56673,2023-09-24 04:12:00,2,Producto defectuoso,830.44
869,58167,2023-12-14 23:49:00,2,Producto equivocado,3902.44
870,58488,2023-12-10 11:20:00,1,Danado en transporte,2123.82
871,55695,2024-08-04 15:55:00,2,Producto defectuoso,790.52
872,50431,2024-11-27 14:59:00,2,Producto defectuoso,909.94
873,60681,2024-07-16 02:27:00,1,Danado en transporte,396.25
874,61057,2025-02-23 06:30:00,1,Producto equivocado,395.26
875,61622,2026-04-09 14:09:00,1,Talla o presentacion,2039.71
876,69166,2024-12-18 22:57:00,1,Producto defectuoso,1933.31
877,67876,2025-01-17 21:51:00,1,Producto defectuoso,1838.54
878,74647,2024-04-26 14:23:00,2,Producto defectuoso,3304.16
879,71784,2025-11-06 23:05:00,1,Cambio de opinion,1789.76
880,74007,2025-02-17 17:02:00,2,Cambio de opinion,2959.98
881,66673,2024-09-06 05:54:00,1,Producto equivocado,391.27
882,76766,2025-12-14 19:40:00,1,Danado en transporte,1531.02
883,5783,2026-04-10 19:36:00,2,Cambio de opinion,764.58
884,5108,2025-01-18 12:19:00,1,Producto equivocado,363.51
885,11460,2025-06-14 09:04:00,3,Talla o presentacion,1128.84
886,3786,2025-10-20 11:04:00,3,Producto equivocado,1124.25
887,929,2023-03-24 03:17:00,1,Danado en transporte,411.10
888,2458,2026-08-25 16:12:00,1,Producto equivocado,1989.78
889,11985,2023-09-12 17:55:00,3,Producto equivocado,1024.12
890,3150,2023-12-25 12:11:00,1,Cambio de opinion,2292.25
891,4938,2026-06-30 23:00:00,1,Producto defectuoso,401.32
892,6582,2026-06-30 02:51:00,3,Danado en transporte,5276.55
893,448,2023-12-16 23:00:00,1,Talla o presentacion,488.07
894,3868,2025-03-06 07:18:00,1,Danado en transporte,2091.42
895,5604,2024-09-17 06:30:00,1,Talla o presentacion,2242.34
896,4167,2025-06-17 14:47:00,2,Danado en transporte,851.30
897,7459,2024-05-29 20:03:00,4,Producto equivocado,1435.50
898,4801,2023-09-21 04:11:00,4,Danado en transporte,8909.24
899,2169,2023-01-21 16:07:00,4,Talla o presentacion,1619.12
900,1292,2025-05-30 20:20:00,3,Talla o presentacion,5004.57
901,8731,2025-02-11 23:00:00,4,Danado en transporte,1667.96
902,11929,2023-09-13 13:25:00,1,Danado en transporte,409.68
903,12216,2023-10-20 10:53:00,2,Talla o presentacion,4450.98
904,9534,2026-08-20 18:03:00,1,Talla o presentacion,1428.97
905,9600,2026-02-07 14:45:00,1,Cambio de opinion,2225.49
906,12658,2023-05-20 19:34:00,1,Producto defectuoso,2179.07
907,16526,2025-03-10 05:04:00,3,Cambio de opinion,1154.73
908,19644,2026-02-28 18:59:00,1,Producto defectuoso,2230.53
909,15399,2023-12-31 06:29:00,3,Producto equivocado,1335.01
910,17396,2025-04-30 02:08:00,2,Producto defectuoso,3994.40
911,20594,2024-12-09 04:46:00,3,Cambio de opinion,6209.58
912,17138,2023-10-23 07:13:00,3,Talla o presentacion,1226.91
913,25192,2025-06-03 13:55:00,3,Talla o presentacion,5607.05
914,22786,2023-04-25 02:36:00,1,Talla o presentacion,408.95
915,24456,2026-03-23 09:02:00,1,Talla o presentacion,413.86
916,23018,2023-10-16 05:19:00,3,Cambio de opinion,1202.85
917,24572,2025-07-04 13:24:00,1,Talla o presentacion,2035.16
918,26387,2023-10-14 17:53:00,1,Cambio de opinion,488.07
919,20979,2025-10-02 17:33:00,2,Producto equivocado,909.15
920,22466,2026-02-20 19:14:00,3,Cambio de opinion,1089.15
921,24139,2025-11-18 02:59:00,1,Danado en transporte,2244.68
922,28126,2025-11-05 17:51:00,1,Danado en transporte,388.92
923,28241,2025-02-04 22:10:00,2,Danado en transporte,852.80
924,35662,2024-06-09 10:18:00,3,Danado en transporte,980.73
925,29704,2026-05-23 12:21:00,2,Talla o presentacion,3322.17
926,31235,2023-10-26 17:00:00,2,Talla o presentacion,745.54
927,30299,2026-06-23 16:28:00,2,Danado en transporte,4182.84
928,33616,2026-08-01 23:37:00,2,Producto defectuoso,805.96
929,35228,2025-11-25 23:16:00,2,Danado en transporte,4652.96
930,34479,2025-10-23 16:57:00,1,Danado en transporte,1782.02
931,36088,2025-04-24 19:37:00,1,Producto defectuoso,368.97
932,46652,2025-03-19 20:45:00,3,Producto equivocado,1122.42
933,50186,2023-06-09 02:04:00,3,Danado en transporte,1100.14
934,49465,2026-03-23 09:03:00,2,Cambio de opinion,791.20
935,52942,2024-02-17 09:57:00,3,Producto equivocado,5963.03
936,51766,2024-09-10 01:57:00,3,Producto defectuoso,1196.85
937,59557,2026-02-02 14:31:00,2,Producto defectuoso,4540.00
938,58861,2023-04-28 04:04:00,2,Cambio de opinion,4317.46
939,60361,2024-10-02 17:24:00,1,Cambio de opinion,2076.69
940,61940,2023-03-13 12:32:00,1,Cambio de opinion,1938.46
941,64351,2026-07-12 12:46:00,1,Producto defectuoso,2035.16
942,64552,2023-04-26 14:21:00,1,Danado en transporte,2076.69
943,59352,2023-11-06 06:46:00,1,Talla o presentacion,412.98
944,62496,2023-12-20 06:43:00,1,Talla o presentacion,1597.20
945,63550,2024-11-18 18:36:00,1,Danado en transporte,492.86
946,64991,2026-06-04 20:03:00,1,Talla o presentacion,2115.56
947,73396,2026-06-05 18:55:00,1,Producto equivocado,346.56
948,74899,2026-01-03 22:23:00,2,Producto defectuoso,3702.86
949,69228,2024-07-19 07:30:00,1,Producto defectuoso,2096.29
950,68935,2026-02-27 09:51:00,1,Danado en transporte,404.78
951,782,2025-02-07 14:36:00,1,Producto equivocado,406.97
952,5782,2026-04-12 19:37:00,3,Talla o presentacion,5458.74
953,8871,2024-12-05 00:04:00,4,Producto defectuoso,5231.58
954,8887,2024-11-05 00:32:00,2,Talla o presentacion,800.42
955,3165,2023-12-03 11:50:00,4,Producto equivocado,1508.96
956,6607,2025-06-01 20:22:00,2,Danado en transporte,3574.75
957,2455,2023-01-22 16:21:00,4,Danado en transporte,8662.55
958,7660,2023-05-12 07:40:00,1,Producto defectuoso,1397.56
959,16199,2023-09-07 01:57:00,2,Producto equivocado,2966.09
960,13593,2023-03-09 10:44:00,3,Cambio de opinion,1161.81
961,13727,2023-01-27 17:39:00,3,Producto equivocado,7159.53
962,17512,2024-12-14 18:12:00,1,Cambio de opinion,1667.02
963,12840,2024-05-12 01:35:00,3,Producto defectuoso,1209.72
964,10216,2024-09-02 17:46:00,3,Producto equivocado,4890.12
965,15407,2023-12-11 06:43:00,1,Cambio de opinion,407.24
966,12405,2025-03-04 16:36:00,1,Danado en transporte,395.26
967,24573,2025-06-08 13:49:00,2,Danado en transporte,3699.19
968,22528,2023-12-29 00:36:00,2,Producto equivocado,4497.66
969,23655,2025-05-21 01:51:00,1,Cambio de opinion,368.52
970,23712,2025-03-08 03:00:00,2,Cambio de opinion,3298.21
971,20787,2023-01-18 22:13:00,3,Cambio de opinion,6033.27
972,24968,2026-03-12 01:06:00,1,Talla o presentacion,1953.08
973,22712,2023-12-15 22:42:00,3,Talla o presentacion,4429.00
974,28767,2024-11-23 23:29:00,3,Talla o presentacion,5917.23
975,29386,2024-07-24 19:41:00,1,Cambio de opinion,453.59
976,33802,2026-01-25 20:22:00,2,Danado en transporte,1046.76
977,30169,2023-09-26 01:44:00,2,Danado en transporte,4331.28
978,30221,2026-08-17 08:43:00,2,Producto defectuoso,3112.57
979,37867,2024-11-10 04:21:00,1,Talla o presentacion,1669.29
980,38596,2025-11-28 16:12:00,3,Talla o presentacion,1327.14
981,35661,2024-06-11 10:19:00,2,Talla o presentacion,3098.47
982,31236,2023-10-24 16:59:00,3,Danado en transporte,1239.48
983,37721,2026-03-05 02:46:00,1,Cambio de opinion,393.11
984,43023,2025-11-06 10:55:00,4,Producto defectuoso,7200.12
985,45982,2025-11-21 14:37:00,3,Producto defectuoso,5303.84
986,46070,2024-09-01 06:07:00,1,Cambio de opinion,1663.02
987,45401,2024-10-03 11:29:00,2,Danado en transporte,3407.42
988,50896,2026-05-09 18:28:00,3,Producto equivocado,5059.52
989,58164,2023-12-22 23:54:00,1,Talla o presentacion,2081.76
990,58237,2023-11-30 23:19:00,2,Producto defectuoso,3338.58
991,55436,2023-08-20 05:41:00,1,Cambio de opinion,1649.00
992,52040,2024-08-18 10:58:00,1,Producto equivocado,1501.35
993,51256,2026-05-31 05:52:00,3,Cambio de opinion,1141.81
994,53110,2026-03-24 06:45:00,1,Talla o presentacion,497.73
995,56299,2025-06-06 14:30:00,2,Producto equivocado,3335.90
996,62947,2026-07-17 06:26:00,1,Producto equivocado,383.28
997,64482,2024-10-05 11:30:00,1,Producto equivocado,2102.79
998,61694,2026-06-09 01:19:00,1,Producto equivocado,1724.81
999,62497,2023-12-20 06:42:00,1,Danado en transporte,2093.50
1000,65626,2025-01-12 01:41:00,1,Producto defectuoso,1972.41
1001,70845,2023-09-11 16:19:00,1,Cambio de opinion,1595.32
1002,74834,2024-08-02 06:45:00,1,Danado en transporte,1702.05
1003,7450,2023-09-08 22:13:00,1,Danado en transporte,383.98
1004,11539,2024-10-31 12:49:00,3,Danado en transporte,6783.36
1005,816,2023-12-27 07:52:00,1,Cambio de opinion,475.89
1006,5588,2024-10-21 06:52:00,1,Producto defectuoso,389.74
1007,12583,2023-12-12 23:07:00,3,Cambio de opinion,1175.46
1008,4876,2026-01-13 20:22:00,3,Producto defectuoso,1079.28
1009,12784,2025-08-15 17:55:00,1,Producto defectuoso,299.99
1010,23914,2026-05-23 17:48:00,1,Producto equivocado,383.98
1011,23654,2025-05-25 01:48:00,3,Producto equivocado,1146.75
1012,23529,2026-05-05 02:25:00,2,Producto equivocado,742.00
1013,40996,2025-03-18 08:37:00,3,Producto equivocado,1428.84
1014,40997,2025-03-18 08:36:00,4,Cambio de opinion,1923.64
1015,49727,2024-04-09 02:45:00,4,Danado en transporte,1551.20
1016,42212,2024-01-15 06:13:00,3,Cambio de opinion,1183.43
1017,32791,2025-12-30 08:21:00,2,Producto equivocado,884.32
1018,32997,2025-03-17 07:16:00,2,Danado en transporte,906.32
1019,47973,2024-05-02 22:20:00,4,Cambio de opinion,1595.26
1020,38854,2025-03-07 04:48:00,1,Cambio de opinion,402.96
1021,51516,2025-12-09 23:00:00,3,Cambio de opinion,1001.30
1022,54049,2026-08-18 08:40:00,3,Producto equivocado,1013.51
1023,58733,2025-12-10 01:59:00,2,Danado en transporte,603.41
1024,52376,2023-04-25 11:09:00,3,Talla o presentacion,6769.02
1025,55629,2024-08-28 16:11:00,2,Cambio de opinion,3934.34
1026,66935,2024-01-03 14:36:00,1,Cambio de opinion,387.90
1027,54304,2023-12-23 07:40:00,2,Producto equivocado,814.06
1028,63827,2024-10-04 05:21:00,1,Cambio de opinion,391.82
1029,64429,2025-06-10 07:27:00,1,Producto equivocado,1619.33
1030,67366,2024-11-06 17:16:00,1,Producto equivocado,376.15
1031,70916,2025-11-21 11:32:00,1,Producto equivocado,361.69
1032,74443,2023-03-22 17:06:00,2,Danado en transporte,838.48
1033,72832,2024-07-31 17:13:00,1,Producto equivocado,437.82
1034,9677,2024-10-27 06:48:00,2,Producto equivocado,978.16
1035,14466,2024-03-23 16:51:00,1,Talla o presentacion,489.08
1036,7608,2024-03-12 18:44:00,1,Cambio de opinion,2068.69
1037,13406,2026-04-21 06:04:00,1,Danado en transporte,1704.96
1038,14917,2023-04-06 02:24:00,3,Producto equivocado,5428.05
1039,8385,2024-07-08 20:35:00,4,Cambio de opinion,1956.32
1040,10972,2023-01-28 05:37:00,1,Danado en transporte,478.24
1041,2808,2024-01-19 16:38:00,1,Danado en transporte,1748.59
1042,2651,2025-01-19 11:34:00,4,Producto defectuoso,1932.48
1043,4249,2026-04-11 08:05:00,4,Cambio de opinion,1843.44
1044,23900,2023-10-21 11:14:00,3,Cambio de opinion,1410.81
1045,24002,2023-04-18 02:56:00,3,Danado en transporte,1368.48
1046,26632,2023-12-28 22:38:00,2,Talla o presentacion,3497.18
1047,28189,2026-04-30 14:56:00,1,Talla o presentacion,507.52
1048,32229,2023-05-09 12:20:00,2,Danado en transporte,4284.50
1049,26006,2026-05-22 12:00:00,2,Danado en transporte,995.52
1050,37475,2026-04-01 15:35:00,1,Producto equivocado,425.34
1051,39142,2024-10-24 13:07:00,3,Talla o presentacion,6466.86
1052,37402,2025-10-12 04:21:00,1,Cambio de opinion,446.83
1053,40471,2024-02-08 21:25:00,2,Talla o presentacion,4575.26
1054,39215,2024-02-14 17:09:00,2,Danado en transporte,846.13
1055,40793,2025-09-05 17:32:00,4,Producto equivocado,8743.88
1056,48916,2024-08-25 06:11:00,3,Producto equivocado,5508.65
1057,53493,2024-04-01 03:29:00,4,Danado en transporte,8248.68
1058,58282,2024-04-18 19:23:00,1,Producto equivocado,1948.19
1059,62945,2026-07-07 06:38:00,1,Danado en transporte,478.52
1060,52566,2023-02-02 06:28:00,3,Producto defectuoso,1314.69
1061,61111,2024-06-15 01:59:00,1,Talla o presentacion,1530.99
1062,68674,2026-03-06 19:30:00,1,Talla o presentacion,1766.25
1063,64108,2025-05-25 09:33:00,1,Talla o presentacion,1483.65
1064,74064,2025-11-29 10:27:00,1,Producto defectuoso,439.78
1065,74313,2023-06-12 09:17:00,2,Danado en transporte,865.36
1066,3168,2023-11-27 11:47:00,1,Talla o presentacion,1329.27
1067,2937,2023-04-04 11:35:00,2,Cambio de opinion,910.50
1068,3806,2024-10-05 04:40:00,3,Producto defectuoso,5075.37
1069,3998,2025-10-09 15:56:00,1,Producto equivocado,1726.32
1070,5666,2023-07-09 23:00:00,3,Cambio de opinion,6645.93
1071,1021,2024-12-27 02:17:00,4,Producto equivocado,7868.64
1072,1096,2024-06-08 22:44:00,3,Cambio de opinion,5845.84
1073,1098,2024-05-29 22:36:00,1,Producto defectuoso,1778.11
1074,6311,2023-12-21 23:47:00,4,Talla o presentacion,7612.92
1075,6312,2023-12-13 23:40:00,3,Cambio de opinion,5480.45
1076,7817,2023-12-17 11:34:00,2,Producto defectuoso,3716.40
1077,8810,2025-06-19 20:53:00,1,Producto defectuoso,363.58
1078,7529,2024-10-20 22:27:00,4,Producto equivocado,8328.80
1079,10856,2023-05-15 09:41:00,1,Danado en transporte,2090.38
1080,6870,2023-06-13 16:12:00,1,Talla o presentacion,1942.47
1081,7103,2025-02-09 14:32:00,2,Talla o presentacion,4303.20
1082,10156,2023-06-24 12:51:00,1,Talla o presentacion,1778.01
1083,11736,2024-10-06 01:20:00,1,Danado en transporte,1981.71
1084,17383,2025-05-04 02:07:00,2,Cambio de opinion,4521.04
1085,17643,2023-06-08 09:17:00,2,Talla o presentacion,3177.72
1086,19121,2026-08-05 12:34:00,1,Talla o presentacion,2171.00
1087,16892,2025-01-08 22:13:00,2,Producto equivocado,4475.32
1088,19967,2026-06-25 12:51:00,2,Danado en transporte,3924.18
1089,16572,2025-08-29 02:20:00,2,Danado en transporte,3485.60
1090,20468,2023-02-23 17:38:00,3,Cambio de opinion,5709.69
1091,23583,2025-02-17 09:41:00,3,Cambio de opinion,5511.00
1092,23657,2025-06-02 01:37:00,3,Danado en transporte,5309.60
1093,22772,2023-06-10 01:54:00,3,Danado en transporte,5938.40
1094,27643,2025-09-18 04:19:00,3,Danado en transporte,4958.64
1095,27963,2024-10-23 04:02:00,1,Producto defectuoso,1635.84
1096,29574,2023-08-04 07:17:00,2,Cambio de opinion,2900.23
1097,25063,2024-06-06 14:09:00,3,Producto defectuoso,4549.68
1098,26573,2026-01-02 02:21:00,1,Producto equivocado,1929.33
1099,28254,2024-07-21 05:19:00,2,Cambio de opinion,3590.74
1100,23977,2023-03-29 14:57:00,1,Producto defectuoso,1998.91
1101,25512,2025-09-10 06:08:00,3,Producto equivocado,6877.44
1102,25657,2024-11-11 15:09:00,2,Producto equivocado,914.40
1103,24512,2023-02-06 05:56:00,1,Cambio de opinion,1772.16
1104,36668,2023-09-18 05:20:00,2,Cambio de opinion,952.50
1105,29776,2025-10-09 16:13:00,2,Cambio de opinion,3510.24
1106,39216,2024-02-14 17:08:00,3,Producto defectuoso,4456.62
1107,31800,2026-04-29 14:14:00,1,Producto defectuoso,1700.12
1108,33733,2023-01-11 00:12:00,3,Producto equivocado,5433.66
1109,37097,2025-12-14 07:18:00,3,Danado en transporte,4890.65
1110,38073,2024-09-02 17:47:00,4,Cambio de opinion,5712.30
1111,50059,2025-05-11 14:23:00,2,Talla o presentacion,3835.26
1112,46148,2024-02-22 21:19:00,1,Cambio de opinion,1848.37
1113,43227,2023-07-19 03:13:00,4,Producto equivocado,1438.56
1114,53940,2023-07-11 00:26:00,1,Talla o presentacion,410.53
1115,47089,2026-05-04 14:04:00,2,Producto defectuoso,3810.40
1116,50378,2024-12-29 10:21:00,1,Talla o presentacion,1683.61
1117,53828,2025-11-24 19:38:00,1,Cambio de opinion,1693.15
1118,57163,2024-09-04 06:04:00,2,Producto defectuoso,623.28
1119,60564,2024-10-24 12:53:00,1,Cambio de opinion,2090.38
1120,54497,2026-07-08 21:10:00,2,Producto defectuoso,862.54
1121,56031,2025-05-14 08:20:00,2,Producto defectuoso,3602.36
1122,59223,2026-06-01 10:03:00,2,Producto defectuoso,4283.58
1123,60810,2024-03-06 14:56:00,1,Danado en transporte,418.83
1124,60826,2023-01-20 21:41:00,1,Producto defectuoso,371.00
1125,55112,2026-07-10 15:19:00,1,Cambio de opinion,2040.92
1126,64353,2026-07-21 12:35:00,1,Cambio de opinion,437.39
1127,66030,2026-02-08 19:28:00,1,Producto defectuoso,1588.21
1128,67541,2025-09-26 06:05:00,1,Talla o presentacion,2144.67
1129,63246,2026-01-13 17:36:00,1,Danado en transporte,1837.94
1130,61825,2023-10-24 12:51:00,1,Talla o presentacion,2165.49
1131,63498,2025-08-27 13:54:00,1,Danado en transporte,1450.11
1132,62553,2025-06-18 18:59:00,1,Talla o presentacion,2013.06
1133,65878,2023-07-09 19:10:00,1,Producto defectuoso,2020.51
1134,63621,2024-05-10 08:04:00,1,Danado en transporte,1954.99
1135,66091,2024-05-19 22:13:00,1,Cambio de opinion,1877.56
1136,69355,2025-06-09 11:40:00,1,Producto equivocado,1816.42
1137,75324,2023-12-12 22:39:00,1,Danado en transporte,1948.25
1138,73833,2024-02-29 05:19:00,2,Producto equivocado,4462.77
1139,75518,2025-05-16 01:53:00,1,Producto defectuoso,2227.82
1140,68226,2026-03-09 21:38:00,1,Danado en transporte,2051.52
1141,69730,2025-05-27 16:21:00,1,Producto equivocado,1669.92
1142,74385,2025-03-06 14:58:00,2,Cambio de opinion,914.40
1143,70207,2024-08-06 15:36:00,1,Producto equivocado,1826.82
1144,3363,2024-11-22 01:39:00,2,Producto defectuoso,3813.21
1145,5031,2025-08-12 15:54:00,4,Cambio de opinion,5238.80
1146,5524,2025-04-29 10:14:00,1,Talla o presentacion,1672.93
1147,2443,2023-02-11 16:39:00,2,Producto equivocado,777.84
1148,987,2023-09-04 05:59:00,1,Producto equivocado,1862.61
1149,6117,2025-05-28 22:19:00,2,Producto defectuoso,4047.16
1150,8250,2024-11-28 19:39:00,1,Producto defectuoso,2274.15
1151,10590,2024-04-25 21:29:00,2,Talla o presentacion,4070.32
1152,8058,2025-12-25 23:47:00,1,Producto defectuoso,1725.21
1153,9730,2023-08-31 09:47:00,1,Danado en transporte,2046.57
1154,19763,2026-02-21 09:18:00,1,Talla o presentacion,1940.49
1155,17265,2023-03-02 11:29:00,3,Producto defectuoso,1062.26
1156,20390,2023-07-30 01:02:00,2,Producto equivocado,769.82
1157,15451,2025-02-01 21:22:00,1,Cambio de opinion,2285.23
1158,20149,2025-12-06 22:37:00,1,Producto equivocado,1791.43
1159,28765,2024-11-11 23:43:00,1,Producto equivocado,2180.98
1160,29709,2026-05-13 12:46:00,1,Talla o presentacion,2220.78
1161,28445,2025-11-28 11:26:00,3,Producto defectuoso,5650.91
1162,22397,2023-02-01 15:49:00,1,Danado en transporte,2207.54
1163,24009,2023-03-07 03:27:00,3,Producto defectuoso,4861.97
1164,28370,2025-07-25 13:25:00,2,Cambio de opinion,825.96
1165,29693,2026-06-08 12:02:00,1,Producto equivocado,2274.74
1166,36780,2023-07-20 06:24:00,1,Talla o presentacion,2303.89
1167,29259,2023-07-02 13:52:00,3,Producto equivocado,1406.80
1168,41106,2023-05-15 15:32:00,3,Danado en transporte,5282.04
1169,41937,2026-05-21 01:48:00,4,Producto defectuoso,8944.52
1170,47652,2024-02-07 15:27:00,3,Producto defectuoso,4605.04
1171,49201,2025-11-26 02:55:00,2,Producto defectuoso,4548.29
1172,49276,2025-04-11 06:43:00,3,Producto equivocado,6427.29
1173,44783,2024-11-06 13:02:00,4,Danado en transporte,9215.56
1174,51242,2023-11-03 23:33:00,3,Talla o presentacion,1160.58
1175,42082,2025-04-05 22:43:00,3,Producto equivocado,1291.44
1176,45212,2026-07-01 13:04:00,3,Talla o presentacion,5227.56
1177,45271,2025-01-09 10:07:00,2,Talla o presentacion,760.76
1178,45286,2024-12-05 10:37:00,3,Talla o presentacion,955.07
1179,46841,2024-12-31 18:36:00,2,Cambio de opinion,4269.08
1180,46274,2023-02-26 17:39:00,1,Talla o presentacion,2303.89
1181,57756,2025-05-31 20:24:00,1,Producto defectuoso,364.87
1182,54308,2023-12-10 07:31:00,3,Producto defectuoso,5285.42
1183,57368,2024-05-25 20:06:00,1,Cambio de opinion,356.85
1184,57624,2023-09-22 21:43:00,1,Danado en transporte,404.96
1185,54696,2025-05-25 08:37:00,1,Cambio de opinion,392.93
1186,58618,2026-01-13 00:10:00,1,Producto defectuoso,2134.54
1187,59938,2023-05-29 09:58:00,1,Producto defectuoso,368.88
1188,63116,2025-02-11 05:39:00,1,Danado en transporte,1885.78
1189,60940,2025-12-01 12:05:00,1,Talla o presentacion,334.43
1190,67162,2023-09-10 06:06:00,1,Producto defectuoso,2097.46
1191,63230,2025-01-14 22:05:00,1,Talla o presentacion,1997.20
1192,66280,2025-01-04 21:57:00,1,Talla o presentacion,430.58
1193,67938,2023-03-25 15:28:00,1,Danado en transporte,2227.31
1194,68544,2026-07-26 22:59:00,1,Talla o presentacion,1831.38
1195,73586,2023-05-11 15:32:00,1,Talla o presentacion,377.77
1196,72062,2024-04-07 19:08:00,1,Cambio de opinion,2017.63
1197,73716,2023-03-25 04:50:00,1,Danado en transporte,386.86
1198,72250,2025-12-25 02:27:00,1,Cambio de opinion,483.29
1199,72322,2023-09-27 05:21:00,1,Cambio de opinion,2145.78
1200,73830,2025-04-03 22:43:00,1,Talla o presentacion,1869.58
1201,74258,2026-06-15 19:31:00,1,Producto equivocado,1897.33
1202,75966,2023-06-17 07:47:00,1,Danado en transporte,1542.87
1203,71467,2024-09-16 06:20:00,1,Danado en transporte,2236.13
1204,74632,2024-12-03 10:27:00,1,Producto defectuoso,1769.85
1205,76240,2024-12-13 00:33:00,1,Producto defectuoso,1837.70
1206,1448,2023-06-20 08:40:00,1,Talla o presentacion,1721.07
1207,4665,2026-07-12 23:04:00,4,Danado en transporte,8158.84
1208,8041,2026-01-04 00:10:00,4,Cambio de opinion,9270.68
1209,803,2024-12-27 14:03:00,1,Cambio de opinion,2018.68
1210,8744,2024-12-31 23:43:00,1,Producto defectuoso,1794.31
1211,12145,2023-06-16 19:31:00,1,Talla o presentacion,1259.18
1212,12595,2024-08-04 03:05:00,2,Danado en transporte,4163.52
1213,17458,2024-06-27 21:04:00,3,Producto defectuoso,1360.77
1214,12914,2023-11-02 04:51:00,1,Producto equivocado,1953.08
1215,11927,2023-09-17 13:23:00,2,Cambio de opinion,4024.38
1216,18702,2025-06-10 19:44:00,1,Cambio de opinion,1766.35
1217,24513,2023-01-11 06:21:00,2,Talla o presentacion,4205.58
1218,26182,2025-09-27 17:38:00,2,Producto defectuoso,830.44
1219,20467,2023-02-23 17:39:00,2,Producto equivocado,3983.50
1220,22002,2023-02-14 23:48:00,1,Cambio de opinion,1850.45
1221,28447,2025-12-10 11:12:00,2,Cambio de opinion,3906.16
1222,20782,2023-01-18 22:22:00,2,Talla o presentacion,814.48
1223,20786,2023-01-22 22:10:00,2,Producto equivocado,889.22
1224,22322,2023-05-06 20:16:00,2,Talla o presentacion,4163.52
1225,23975,2023-03-17 15:11:00,2,Talla o presentacion,729.09
1226,28639,2025-09-23 18:27:00,1,Producto equivocado,395.26
1227,19907,2024-01-28 05:23:00,2,Talla o presentacion,3943.08
1228,27442,2026-08-11 12:20:00,1,Producto defectuoso,311.82
1229,32223,2023-05-27 12:28:00,3,Danado en transporte,5467.89
1230,36475,2026-01-09 02:27:00,2,Cambio de opinion,4405.86
1231,31802,2026-04-25 14:12:00,3,Cambio de opinion,5369.28
1232,35980,2024-03-23 18:59:00,2,Talla o presentacion,3563.34
1233,38521,2026-08-22 11:46:00,2,Cambio de opinion,2822.31
1234,44782,2024-11-09 13:00:00,3,Talla o presentacion,1270.23
1235,42342,2024-05-12 01:38:00,3,Producto equivocado,6044.22
1236,47084,2026-06-06 13:36:00,1,Producto defectuoso,344.98
1237,58166,2023-12-16 23:50:00,1,Producto defectuoso,1971.54
1238,47912,2024-01-04 00:16:00,3,Producto defectuoso,5002.97
1239,54290,2025-01-23 14:17:00,1,Producto equivocado,1650.47
1240,63759,2025-09-22 11:30:00,1,Producto defectuoso,2060.73
1241,65369,2025-02-25 17:40:00,1,Cambio de opinion,2111.14
1242,70527,2025-08-09 09:58:00,1,Cambio de opinion,1392.58
1243,69923,2023-12-22 23:19:00,2,Producto equivocado,3692.56
1244,73452,2023-11-29 22:23:00,1,Producto equivocado,1512.79
1245,75008,2024-04-18 08:05:00,1,Cambio de opinion,1859.08
1246,72252,2025-12-31 02:15:00,1,Danado en transporte,1753.62
1247,72969,2026-06-01 13:04:00,2,Producto equivocado,730.05
1248,72703,2023-09-13 09:55:00,1,Cambio de opinion,409.15
1249,71916,2025-02-01 14:31:00,1,Producto defectuoso,1873.51
1250,720,2024-12-28 08:10:00,1,Producto defectuoso,363.51
1251,13346,2023-11-16 22:36:00,2,Producto equivocado,4074.56
1252,7371,2023-05-21 20:04:00,4,Talla o presentacion,1574.56
1253,12012,2024-03-26 14:38:00,1,Cambio de opinion,367.26
1254,12203,2023-12-05 10:10:00,2,Producto defectuoso,767.96
1255,8468,2023-09-01 05:37:00,1,Danado en transporte,307.30
1256,4458,2024-09-08 06:00:00,1,Producto defectuoso,303.55
1257,7800,2024-01-22 12:03:00,1,Cambio de opinion,403.57
1258,4797,2023-01-08 00:05:00,2,Danado en transporte,818.10
1259,6385,2023-09-29 21:43:00,4,Danado en transporte,1668.60
1260,25139,2025-07-16 07:26:00,3,Talla o presentacion,5127.86
1261,16905,2025-12-19 17:50:00,2,Producto defectuoso,3706.46
1262,25322,2024-08-07 18:59:00,3,Danado en transporte,1116.84
1263,21393,2023-06-12 09:40:00,1,Talla o presentacion,1727.28
1264,46073,2024-09-30 05:55:00,4,Producto defectuoso,1812.64
1265,33934,2025-08-01 15:38:00,1,Danado en transporte,411.10
1266,34342,2024-04-07 03:37:00,1,Talla o presentacion,394.82
1267,42417,2023-08-27 06:04:00,4,Danado en transporte,1425.60
1268,43152,2025-09-08 02:06:00,3,Talla o presentacion,1000.84
1269,55178,2024-05-05 05:25:00,1,Talla o presentacion,367.15
1270,61508,2026-07-31 00:19:00,1,Danado en transporte,371.00
1271,1773,2026-07-12 11:24:00,2,Cambio de opinion,4153.38
1272,3362,2024-11-24 01:40:00,3,Producto equivocado,4243.02
1273,4990,2025-10-17 16:59:00,1,Talla o presentacion,1849.52
1274,2302,2025-01-01 09:28:00,3,Producto equivocado,1435.50
1275,3923,2024-04-25 20:11:00,2,Producto defectuoso,817.94
1276,5510,2025-05-19 10:34:00,1,Talla o presentacion,1813.25
1277,5650,2023-07-13 23:22:00,1,Danado en transporte,483.29
1278,1655,2023-11-20 17:25:00,4,Talla o presentacion,8738.18
1279,1656,2023-11-18 17:24:00,3,Cambio de opinion,1203.96
1280,3244,2025-09-06 06:20:00,1,Cambio de opinion,346.98
1281,2108,2023-07-18 19:20:00,1,Talla o presentacion,1840.56
1282,3788,2025-10-16 11:02:00,1,Danado en transporte,1690.36
1283,6931,2026-04-11 15:56:00,4,Danado en transporte,8140.64
1284,2860,2026-07-04 09:24:00,1,Cambio de opinion,354.09
1285,4513,2026-02-01 12:42:00,2,Producto equivocado,4194.92
1286,6101,2024-10-18 18:31:00,4,Producto equivocado,8555.96
1287,7816,2023-12-19 11:35:00,3,Producto equivocado,5580.41
1288,11850,2024-04-26 09:40:00,1,Talla o presentacion,2055.92
1289,10330,2023-12-03 13:10:00,1,Danado en transporte,1829.57
1290,11984,2023-09-16 17:52:00,2,Producto defectuoso,4507.06
1291,9520,2023-02-04 18:29:00,1,Cambio de opinion,1831.38
1292,12712,2025-03-24 20:17:00,2,Cambio de opinion,836.08
1293,8184,2025-12-23 21:40:00,1,Producto defectuoso,1812.35
1294,10086,2024-01-06 09:23:00,3,Producto defectuoso,6092.94
1295,11592,2023-09-09 20:02:00,3,Danado en transporte,5820.66
1296,11669,2024-01-01 17:53:00,3,Danado en transporte,1226.91
1297,18326,2023-09-12 14:05:00,1,Producto equivocado,2205.48
1298,15654,2023-07-28 06:21:00,1,Cambio de opinion,2156.10
1299,16136,2025-10-15 13:07:00,2,Cambio de opinion,3553.98
1300,19388,2024-09-17 11:46:00,2,Talla o presentacion,722.78
1301,17975,2024-08-04 18:28:00,2,Producto equivocado,859.64
1302,16456,2023-10-16 23:28:00,2,Danado en transporte,3798.60
1303,15262,2024-02-05 05:48:00,2,Producto equivocado,3194.40
1304,20659,2023-12-22 04:37:00,1,Producto defectuoso,459.36
1305,14527,2024-08-18 14:10:00,2,Producto equivocado,2779.12
1306,22337,2024-12-07 00:45:00,1,Talla o presentacion,1883.64
1307,20465,2023-02-27 17:37:00,3,Danado en transporte,6609.71
1308,24329,2024-07-18 11:15:00,1,Producto equivocado,1638.08
1309,25908,2023-06-16 07:46:00,3,Producto equivocado,6056.97
1310,29707,2026-04-27 12:44:00,2,Producto equivocado,4614.84
1311,28574,2026-02-20 13:08:00,3,Talla o presentacion,6662.34
1312,33164,2025-06-04 13:49:00,3,Producto defectuoso,5759.74
1313,29632,2026-01-15 14:43:00,3,Danado en transporte,5123.36
1314,33358,2025-01-13 00:19:00,1,Producto equivocado,348.71
1315,33486,2025-07-11 09:16:00,2,Danado en transporte,682.89
1316,39729,2025-12-25 11:48:00,2,Producto equivocado,918.72
1317,31428,2026-05-10 10:30:00,2,Talla o presentacion,4652.96
1318,41166,2023-08-25 13:34:00,3,Producto defectuoso,5633.30
1319,42022,2025-09-02 05:54:00,3,Producto defectuoso,1156.91
1320,46522,2023-02-04 21:57:00,3,Producto equivocado,1106.91
1321,52564,2023-02-06 06:26:00,1,Talla o presentacion,1856.19
1322,48902,2024-01-16 09:57:00,3,Cambio de opinion,1067.94
1323,51503,2025-12-18 22:54:00,4,Danado en transporte,8673.48
1324,59425,2025-09-17 04:03:00,2,Danado en transporte,4450.98
1325,55507,2026-06-29 09:26:00,2,Producto equivocado,4450.98
1326,60377,2025-03-28 14:21:00,1,Talla o presentacion,2069.71
1327,61186,2025-08-20 17:56:00,1,Danado en transporte,1954.59
1328,61303,2023-01-07 17:36:00,1,Cambio de opinion,413.13
1329,64350,2026-07-14 12:45:00,1,Danado en transporte,1867.65
1330,61378,2025-09-19 23:12:00,1,Talla o presentacion,392.93
1331,60041,2024-12-31 01:32:00,1,Producto equivocado,1798.83
1332,61492,2026-04-27 05:50:00,1,Cambio de opinion,1835.17
1333,62498,2023-12-17 06:44:00,1,Producto defectuoso,2225.49
1334,66488,2026-07-02 01:20:00,1,Talla o presentacion,2035.16
1335,71262,2026-07-14 23:20:00,1,Cambio de opinion,2168.37
1336,66237,2024-08-28 00:15:00,1,Danado en transporte,406.72
1337,70961,2024-05-18 20:20:00,1,Cambio de opinion,355.98
1338,74066,2025-11-11 10:43:00,1,Cambio de opinion,2121.63
1339,72207,2024-12-03 17:27:00,1,Talla o presentacion,1829.57
1340,74517,2025-08-17 18:43:00,2,Producto defectuoso,4446.20
1341,71528,2026-02-11 18:51:00,1,Cambio de opinion,2136.32
1342,736,2024-12-12 07:48:00,1,Producto equivocado,1512.78
1343,2248,2023-10-21 02:12:00,1,Danado en transporte,384.96
1344,3869,2025-03-24 07:17:00,4,Talla o presentacion,1832.32
1345,8616,2023-06-17 07:11:00,3,Cambio de opinion,4888.56
1346,8675,2025-08-16 08:12:00,4,Danado en transporte,8242.92
1347,1574,2024-02-07 00:54:00,1,Danado en transporte,1574.59
1348,119,2026-07-27 20:54:00,1,Danado en transporte,1667.66
1349,3245,2025-09-04 06:19:00,4,Producto equivocado,6806.76
1350,2091,2023-08-23 19:49:00,4,Producto defectuoso,1308.86
1351,13086,2025-05-04 01:32:00,1,Producto equivocado,2102.79
1352,12787,2025-08-11 17:56:00,1,Talla o presentacion,1559.47
1353,13330,2024-01-05 21:52:00,2,Producto defectuoso,3902.44
1354,14960,2023-02-04 03:27:00,2,Producto defectuoso,4405.86
1355,16381,2025-12-04 10:21:00,1,Producto equivocado,389.98
1356,26834,2024-01-03 22:54:00,1,Cambio de opinion,1895.40
1357,22131,2026-08-08 00:37:00,1,Producto defectuoso,2123.82
1358,28446,2025-12-10 11:13:00,1,Producto equivocado,431.14
1359,25061,2024-05-25 14:23:00,1,Talla o presentacion,1828.35
1360,30686,2023-09-17 06:13:00,3,Producto equivocado,1185.78
1361,34022,2023-11-18 05:14:00,3,Cambio de opinion,5358.54
1362,31299,2026-08-30 12:07:00,3,Talla o presentacion,1277.68
1363,36027,2023-05-13 07:48:00,3,Talla o presentacion,1585.53
1364,43226,2023-01-11 17:20:00,3,Producto defectuoso,5007.87
1365,38086,2024-08-08 17:25:00,3,Producto defectuoso,4558.99
1366,42478,2024-06-05 13:33:00,1,Producto equivocado,349.42
1367,43995,2024-03-22 22:40:00,2,Producto equivocado,3463.00
1368,39402,2024-03-24 10:27:00,3,Danado en transporte,5007.87
1369,41033,2025-09-21 05:37:00,4,Danado en transporte,7363.44
1370,46595,2025-05-13 06:12:00,2,Producto defectuoso,3820.48
1371,48466,2024-03-23 09:25:00,3,Danado en transporte,5244.12
1372,58165,2023-12-18 23:51:00,2,Danado en transporte,3906.16
1373,47650,2024-02-11 15:25:00,1,Talla o presentacion,361.75
1374,48900,2024-01-20 09:55:00,1,Producto defectuoso,1840.86
1375,51447,2025-07-31 01:18:00,4,Producto defectuoso,2134.56
1376,52811,2025-09-26 18:24:00,2,Producto equivocado,911.58
1377,63434,2026-01-18 21:51:00,1,Danado en transporte,1830.92
1378,60363,2025-05-17 13:35:00,1,Danado en transporte,383.28
1379,66410,2024-10-12 05:52:00,1,Danado en transporte,1952.26
1380,70397,2023-02-19 16:54:00,1,Producto equivocado,1800.48
1381,70588,2025-02-24 12:13:00,1,Danado en transporte,1800.03
1382,67860,2025-11-19 11:00:00,1,Danado en transporte,1686.50
1383,75702,2026-02-12 09:37:00,1,Cambio de opinion,1708.20
1384,69747,2025-12-04 19:39:00,1,Talla o presentacion,1605.69
1385,71901,2026-04-14 21:43:00,1,Producto defectuoso,393.11
1386,178,2024-03-08 04:21:00,1,Danado en transporte,485.60
1387,254,2024-05-21 20:10:00,1,Producto equivocado,368.47
1388,4046,2025-04-20 12:58:00,3,Cambio de opinion,1135.50
1389,6259,2023-06-26 20:53:00,4,Danado en transporte,1587.60
1390,17382,2025-05-08 02:04:00,1,Producto equivocado,2351.56
1391,14526,2024-08-18 14:11:00,1,Producto defectuoso,332.10
1392,28638,2025-09-27 18:24:00,3,Producto defectuoso,1169.58
1393,17833,2023-02-03 16:00:00,2,Producto defectuoso,737.34
1394,24076,2025-08-20 10:44:00,1,Danado en transporte,311.05
1395,27195,2024-06-04 00:30:00,1,Cambio de opinion,332.53
1396,27326,2024-09-17 02:06:00,2,Danado en transporte,635.89
1397,24251,2025-02-25 07:33:00,2,Producto equivocado,667.21
1398,6384,2023-10-01 21:44:00,1,Producto defectuoso,1968.27
1399,14263,2026-04-09 16:01:00,1,Talla o presentacion,1766.25
1400,3447,2023-05-10 23:53:00,2,Cambio de opinion,931.14
1401,11272,2024-08-06 08:35:00,2,Talla o presentacion,1005.28
1402,6783,2024-04-01 19:31:00,2,Producto equivocado,946.72
1403,5379,2023-02-13 06:45:00,4,Talla o presentacion,1843.44
1404,21149,2025-02-21 17:36:00,3,Producto defectuoso,1302.96
1405,1501,2025-05-26 08:41:00,4,Producto equivocado,1691.08
1406,3983,2025-09-23 15:35:00,2,Producto equivocado,3583.90
1407,7174,2024-07-10 11:03:00,1,Talla o presentacion,1783.91
1408,18180,2024-12-01 06:41:00,1,Danado en transporte,358.40
1409,2573,2024-10-14 04:08:00,2,Talla o presentacion,892.00
1410,4168,2025-06-15 14:46:00,1,Talla o presentacion,1819.24
1411,10537,2023-11-09 18:36:00,2,Talla o presentacion,936.96
1412,13650,2026-04-09 13:55:00,2,Cambio de opinion,3618.70
1413,31350,2023-06-02 14:44:00,1,Cambio de opinion,366.67
1414,31351,2023-06-20 14:43:00,2,Talla o presentacion,3430.14
1415,41485,2024-02-07 17:33:00,2,Producto equivocado,4057.64
1416,44592,2023-08-03 14:45:00,3,Producto equivocado,6463.11
1417,40228,2023-10-24 05:00:00,1,Producto equivocado,1901.27
1418,42080,2025-03-27 22:54:00,1,Danado en transporte,2207.83
1419,48017,2023-06-26 01:33:00,4,Danado en transporte,1721.00
1420,44219,2024-06-13 21:49:00,2,Producto defectuoso,4619.68
1421,56932,2023-05-01 08:03:00,1,Danado en transporte,1748.59
1422,60245,2025-10-21 16:51:00,1,Cambio de opinion,459.93
1423,63361,2023-10-25 07:26:00,1,Talla o presentacion,448.96
1424,53376,2023-10-08 12:13:00,3,Cambio de opinion,6396.48
1425,59090,2024-06-03 03:14:00,1,Producto equivocado,1600.58
1426,61620,2026-03-30 14:21:00,1,Producto equivocado,1748.59
1427,65755,2025-04-29 18:20:00,1,Talla o presentacion,1791.95
1428,64480,2024-09-25 11:42:00,1,Danado en transporte,1801.58
1429,75519,2025-04-17 02:21:00,2,Producto equivocado,802.82
1430,74386,2025-02-07 15:24:00,1,Talla o presentacion,393.69
1431,63,2026-01-25 17:46:00,3,Producto equivocado,6027.67
1432,1353,2024-02-27 12:51:00,2,Danado en transporte,4204.30
1433,1367,2024-02-01 12:25:00,2,Danado en transporte,3832.54
1434,6033,2024-08-17 00:07:00,2,Danado en transporte,3592.03
1435,6049,2024-07-18 23:39:00,4,Cambio de opinion,8052.24
1436,2164,2023-01-11 16:12:00,1,Talla o presentacion,1778.11
1437,6798,2024-02-29 19:04:00,1,Producto equivocado,1755.12
1438,2788,2023-06-25 12:54:00,1,Producto defectuoso,1910.42
1439,7803,2024-01-10 11:54:00,2,Danado en transporte,4081.84
1440,7511,2024-11-17 22:51:00,4,Producto defectuoso,7918.76
1441,9250,2024-10-30 12:59:00,1,Danado en transporte,2199.57
1442,6606,2025-06-03 20:23:00,3,Producto defectuoso,4549.68
1443,8103,2026-07-31 17:57:00,2,Cambio de opinion,3918.56
1444,10534,2024-11-07 00:37:00,2,Producto defectuoso,837.66
1445,13594,2023-02-07 11:09:00,3,Cambio de opinion,6120.94
1446,17397,2025-04-26 02:11:00,3,Producto equivocado,5690.76
1447,19761,2026-02-25 09:16:00,2,Producto equivocado,4172.31
1448,15333,2023-07-20 09:19:00,1,Producto defectuoso,1916.27
1449,17063,2025-09-28 15:48:00,1,Producto equivocado,2237.91
1450,19443,2023-12-06 10:24:00,3,Cambio de opinion,5279.93
1451,26313,2023-02-13 16:05:00,3,Cambio de opinion,4993.91
1452,22583,2024-06-02 21:53:00,1,Talla o presentacion,1683.44
1453,24206,2025-04-12 06:38:00,1,Producto defectuoso,2020.51
1454,24266,2024-01-24 14:06:00,1,Producto equivocado,1974.34
1455,27774,2026-02-15 19:49:00,1,Talla o presentacion,1815.88
1456,29312,2023-12-19 11:01:00,3,Cambio de opinion,5901.48
1457,25266,2024-01-18 22:05:00,3,Producto defectuoso,6121.68
1458,28500,2023-10-19 05:20:00,2,Talla o presentacion,3948.68
1459,30033,2026-01-03 17:17:00,1,Producto defectuoso,2040.57
1460,35867,2024-05-24 20:04:00,2,Producto equivocado,625.77
1461,31932,2024-08-20 03:16:00,1,Producto equivocado,1610.58
1462,30876,2026-04-21 19:55:00,2,Talla o presentacion,3967.52
1463,34083,2023-04-29 08:06:00,1,Danado en transporte,352.45
1464,37154,2026-04-27 09:41:00,3,Talla o presentacion,5100.36
1465,29836,2024-07-10 23:41:00,1,Producto defectuoso,2106.51
1466,32868,2025-04-26 04:08:00,2,Producto equivocado,952.50
1467,37668,2023-10-19 10:20:00,1,Producto equivocado,2042.68
1468,40804,2025-09-08 17:36:00,1,Danado en transporte,350.46
1469,38201,2025-06-14 08:11:00,2,Producto equivocado,704.90
1470,32354,2024-08-11 16:05:00,1,Talla o presentacion,1933.61
1471,40222,2024-10-14 22:54:00,3,Producto equivocado,5774.52
1472,45400,2024-09-21 11:42:00,1,Talla o presentacion,1866.49
1473,46149,2024-03-13 21:18:00,2,Talla o presentacion,3732.98
1474,47855,2026-03-22 18:41:00,2,Producto defectuoso,763.92
1475,41296,2026-05-05 15:28:00,3,Producto defectuoso,1111.29
1476,45723,2026-02-10 09:25:00,4,Cambio de opinion,5942.16
1477,57102,2025-05-24 10:29:00,1,Talla o presentacion,2044.02
1478,53056,2024-01-27 18:06:00,3,Producto equivocado,7043.88
1479,57818,2024-10-25 23:03:00,1,Producto defectuoso,2020.51
1480,61956,2023-02-02 13:25:00,1,Talla o presentacion,1782.80
1481,62304,2025-04-20 04:16:00,1,Producto defectuoso,2192.49
1482,55115,2026-06-22 15:08:00,2,Danado en transporte,675.22
1483,63115,2025-02-01 05:50:00,1,Talla o presentacion,2082.20
1484,66412,2024-10-06 05:56:00,1,Producto equivocado,2173.12
1485,67990,2023-09-16 18:20:00,1,Talla o presentacion,2048.15
1486,60637,2024-11-21 18:59:00,1,Danado en transporte,1905.19
1487,62434,2024-09-19 02:07:00,1,Producto defectuoso,1635.84
1488,65305,2025-01-03 04:00:00,1,Cambio de opinion,1922.85
1489,65367,2025-03-02 17:37:00,1,Producto defectuoso,1924.62
1490,66862,2025-11-28 02:56:00,1,Cambio de opinion,1979.69
1491,68487,2024-03-18 05:04:00,1,Danado en transporte,1942.47
1492,68547,2026-06-28 23:24:00,1,Producto equivocado,2207.36
1493,71017,2025-01-11 12:06:00,1,Talla o presentacion,2023.04
1494,72193,2026-01-31 00:35:00,1,Cambio de opinion,457.20
1495,72396,2026-02-14 16:47:00,1,Cambio de opinion,2027.32
1496,75776,2023-08-05 18:59:00,1,Cambio de opinion,352.45
1497,75069,2023-04-19 10:28:00,2,Danado en transporte,4046.08
1498,3852,2025-03-30 07:40:00,3,Producto equivocado,1189.83
1499,5512,2025-05-15 10:32:00,3,Producto equivocado,1318.92
1500,2570,2024-10-14 04:05:00,1,Producto equivocado,1908.21
1501,6465,2024-08-06 05:28:00,4,Danado en transporte,7377.88
1502,7930,2023-07-21 03:15:00,1,Danado en transporte,426.58
1503,2713,2024-08-04 08:56:00,2,Producto defectuoso,3672.34
1504,4370,2025-04-26 09:58:00,1,Cambio de opinion,1832.18
1505,2980,2025-09-27 04:36:00,1,Producto defectuoso,1814.21
1506,4527,2026-01-12 12:22:00,2,Producto equivocado,3824.68
1507,11795,2023-11-04 12:33:00,3,Danado en transporte,5973.57
1508,13393,2026-05-25 05:25:00,2,Danado en transporte,3313.03
1509,10535,2024-11-05 00:36:00,3,Producto equivocado,5128.89
1510,16845,2026-03-06 15:24:00,2,Talla o presentacion,3269.17
1511,13918,2025-09-15 05:38:00,1,Danado en transporte,1833.00
1512,14002,2023-05-14 15:29:00,2,Talla o presentacion,3438.24
1513,12667,2023-05-10 19:19:00,1,Producto defectuoso,2116.44
1514,14322,2023-01-28 13:34:00,3,Danado en transporte,5211.09
1515,9790,2023-03-08 06:35:00,1,Producto defectuoso,366.11
1516,12916,2023-10-29 04:53:00,3,Talla o presentacion,5388.75
1517,16016,2025-11-24 12:35:00,2,Danado en transporte,3743.04
1518,16962,2025-06-22 21:01:00,3,Danado en transporte,5223.09
1519,18632,2025-06-06 09:35:00,3,Danado en transporte,1009.09
1520,20071,2025-05-06 18:05:00,2,Producto equivocado,3211.61
1521,20145,2025-04-24 02:27:00,3,Cambio de opinion,5173.20
1522,20146,2025-04-24 02:26:00,1,Talla o presentacion,469.81
1523,16642,2025-01-29 05:48:00,2,Talla o presentacion,3515.86
1524,18199,2023-11-11 13:18:00,1,Talla o presentacion,1908.21
1525,23786,2024-07-17 06:54:00,3,Cambio de opinion,1379.13
1526,25380,2026-06-25 01:18:00,1,Talla o presentacion,1801.18
1527,21594,2025-12-18 22:21:00,2,Producto equivocado,3487.16
1528,23217,2024-11-13 05:25:00,3,Danado en transporte,6245.22
1529,23451,2023-04-30 22:43:00,3,Producto equivocado,5017.57
1530,24134,2025-11-14 03:08:00,2,Danado en transporte,3963.42
1531,27454,2026-06-30 13:00:00,3,Cambio de opinion,6587.85
1532,27761,2026-03-11 19:28:00,1,Producto defectuoso,1778.11
1533,25206,2025-04-26 14:37:00,3,Danado en transporte,6712.98
1534,34850,2024-03-02 14:36:00,2,Producto defectuoso,3334.22
1535,32603,2024-11-03 01:12:00,3,Talla o presentacion,4803.24
1536,34153,2026-04-11 04:09:00,2,Cambio de opinion,4085.36
1537,32936,2025-10-14 10:50:00,1,Cambio de opinion,2167.76
1538,33411,2025-04-07 09:28:00,3,Talla o presentacion,1089.72
1539,50698,2026-05-29 11:47:00,1,Producto defectuoso,320.08
1540,41809,2024-05-14 19:58:00,2,Talla o presentacion,876.30
1541,44984,2023-07-11 07:14:00,1,Cambio de opinion,409.52
1542,54116,2026-07-28 17:00:00,1,Producto equivocado,1584.82
1543,60565,2024-11-13 12:52:00,1,Talla o presentacion,2103.02
1544,53058,2024-02-05 17:55:00,1,Talla o presentacion,1905.20
1545,54627,2024-09-05 16:06:00,2,Producto equivocado,4327.30
1546,57684,2024-07-02 04:56:00,1,Producto defectuoso,2000.10
1547,57304,2026-02-06 06:28:00,1,Cambio de opinion,1683.44
1548,62307,2025-03-19 04:45:00,1,Talla o presentacion,1874.70
1549,61505,2026-04-06 06:12:00,1,Producto equivocado,2237.66
1550,61170,2025-09-24 17:07:00,1,Talla o presentacion,1657.26
1551,62628,2025-09-05 05:56:00,1,Producto equivocado,1714.37
1552,63564,2023-10-10 01:17:00,1,Talla o presentacion,1550.64
1553,63873,2025-01-07 06:09:00,1,Danado en transporte,1893.08
1554,63886,2023-11-20 13:00:00,1,Cambio de opinion,2272.38
1555,63940,2023-03-14 17:09:00,1,Danado en transporte,2048.15
1556,67671,2023-04-13 17:17:00,1,Talla o presentacion,1954.99
1557,70786,2024-12-30 02:16:00,1,Producto defectuoso,1924.84
1558,67816,2025-03-29 18:59:00,1,Danado en transporte,1981.71
1559,68983,2025-07-18 13:41:00,1,Talla o presentacion,2141.79
1560,69036,2024-10-21 18:08:00,1,Producto equivocado,2199.57
1561,72076,2024-01-22 17:56:00,1,Producto equivocado,2272.38
1562,69150,2024-05-19 02:36:00,1,Danado en transporte,2178.42
1563,75760,2023-04-05 21:07:00,1,Producto equivocado,1535.06
1564,70146,2026-05-14 20:22:00,1,Cambio de opinion,2042.68
1565,1430,2024-07-10 15:02:00,1,Cambio de opinion,1742.36
1566,1657,2023-11-16 17:23:00,2,Producto equivocado,3617.32
1567,2165,2023-01-09 16:11:00,4,Cambio de opinion,1879.24
1568,2168,2023-01-03 16:08:00,1,Danado en transporte,399.68
1569,8407,2024-06-06 21:09:00,2,Danado en transporte,3259.16
1570,2869,2026-06-26 09:09:00,4,Danado en transporte,1841.28
1571,7722,2024-08-23 15:39:00,3,Producto defectuoso,926.72
1572,9310,2024-05-03 09:47:00,1,Producto equivocado,373.73
1573,10155,2023-06-28 12:48:00,3,Cambio de opinion,5677.86
1574,17139,2023-10-23 07:12:00,1,Danado en transporte,1656.51
1575,13073,2026-06-02 19:01:00,1,Talla o presentacion,1521.29
1576,11666,2023-12-24 18:04:00,3,Producto equivocado,5796.15
1577,13203,2024-02-18 21:09:00,1,Danado en transporte,404.82
1578,18137,2023-06-27 13:18:00,2,Producto defectuoso,4256.56
1579,21202,2024-12-01 19:01:00,2,Cambio de opinion,3154.37
1580,21403,2023-05-19 09:56:00,1,Producto equivocado,1596.29
1581,21521,2026-04-04 14:42:00,2,Cambio de opinion,835.76
1582,21595,2025-12-18 22:20:00,3,Cambio de opinion,1309.78
1583,21987,2023-03-08 23:29:00,3,Danado en transporte,1178.40
1584,25003,2025-04-19 02:57:00,3,Danado en transporte,1121.19
1585,19265,2025-07-14 06:57:00,2,Cambio de opinion,879.28
1586,25715,2025-05-24 12:05:00,3,Producto equivocado,5116.47
1587,21469,2026-06-25 13:20:00,3,Cambio de opinion,5821.48
1588,25397,2026-06-07 01:49:00,2,Producto defectuoso,3151.72
1589,28371,2025-08-14 13:24:00,3,Talla o presentacion,4766.71
1590,29769,2025-10-17 15:58:00,1,Danado en transporte,1919.62
1591,29834,2024-08-05 23:17:00,2,Talla o presentacion,3736.20
1592,38393,2024-03-24 20:52:00,4,Talla o presentacion,5108.64
1593,41092,2024-01-03 05:48:00,3,Danado en transporte,5049.91
1594,56497,2026-01-31 12:53:00,2,Cambio de opinion,3412.76
1595,44089,2023-10-01 11:46:00,2,Danado en transporte,865.48
1596,57610,2023-11-01 22:19:00,1,Producto defectuoso,368.03
1597,54552,2024-10-25 16:43:00,1,Talla o presentacion,1688.27
1598,52244,2024-02-29 07:42:00,1,Cambio de opinion,2056.02
1599,55439,2023-08-06 05:30:00,2,Producto defectuoso,844.46
1600,56365,2026-02-11 07:02:00,2,Producto defectuoso,3449.46
1601,56671,2023-01-21 00:04:00,2,Talla o presentacion,3486.16
1602,59745,2025-12-12 01:31:00,2,Producto defectuoso,4089.64
1603,59817,2025-02-22 02:29:00,1,Producto equivocado,2007.34
1604,58039,2025-03-18 15:15:00,2,Danado en transporte,861.88
1605,60886,2023-11-30 10:04:00,1,Producto equivocado,289.84
1606,58877,2024-04-25 01:49:00,2,Talla o presentacion,732.22
1607,62376,2026-04-18 02:22:00,1,Danado en transporte,422.24
1608,65306,2024-12-28 04:05:00,1,Talla o presentacion,1724.13
1609,64801,2026-08-15 10:27:00,1,Talla o presentacion,1722.72
1610,66484,2026-07-17 01:09:00,1,Danado en transporte,399.68
1611,69602,2026-01-19 14:39:00,1,Danado en transporte,1744.88
1612,62172,2025-01-03 03:41:00,1,Talla o presentacion,1932.05
1613,68662,2024-12-20 08:44:00,1,Producto equivocado,1895.85
1614,68227,2026-03-05 21:41:00,1,Producto defectuoso,435.29
1615,69676,2025-11-03 15:56:00,1,Danado en transporte,1761.43
1616,74646,2024-05-25 13:55:00,1,Danado en transporte,2070.08
1617,70322,2023-07-07 15:17:00,1,Producto defectuoso,2090.57
1618,71976,2024-08-05 03:39:00,1,Producto equivocado,1604.89
1619,369,2023-04-24 19:17:00,1,Producto defectuoso,2018.43
1620,176,2023-03-12 22:21:00,1,Cambio de opinion,1709.04
1621,737,2024-12-10 07:47:00,1,Producto defectuoso,1339.62
1622,5584,2024-10-15 07:02:00,1,Danado en transporte,469.64
1623,5585,2024-11-02 07:01:00,4,Talla o presentacion,2008.52
1624,7256,2024-09-17 10:17:00,3,Producto equivocado,1244.93
1625,7257,2024-09-15 10:16:00,2,Producto defectuoso,3286.20
1626,1020,2024-12-29 02:18:00,1,Cambio de opinion,2233.76
1627,2728,2024-08-24 09:17:00,1,Danado en transporte,391.20
1628,7606,2024-03-16 18:46:00,3,Danado en transporte,1339.26
1629,16454,2023-09-14 23:42:00,3,Cambio de opinion,1423.44
1630,15017,2024-08-12 08:20:00,3,Cambio de opinion,5438.05
1631,15336,2023-07-28 09:04:00,3,Cambio de opinion,6768.96
1632,18578,2025-12-23 06:13:00,3,Producto equivocado,1476.84
1633,19122,2026-08-01 12:37:00,2,Danado en transporte,4236.38
1634,19195,2026-02-11 03:29:00,2,Talla o presentacion,3286.21
1635,14961,2023-02-04 03:26:00,3,Producto equivocado,1467.00
1636,14076,2023-10-01 13:09:00,3,Talla o presentacion,5945.28
1637,26064,2025-10-14 15:26:00,3,Talla o presentacion,4929.30
1638,29576,2023-07-29 07:41:00,1,Danado en transporte,2002.19
1639,27443,2026-07-16 12:45:00,2,Producto equivocado,4126.96
1640,33039,2024-05-06 20:12:00,1,Producto equivocado,387.93
1641,34530,2026-03-29 19:33:00,2,Talla o presentacion,4331.74
1642,38652,2026-04-21 13:48:00,3,Talla o presentacion,6135.96
1643,34415,2023-07-30 23:36:00,3,Danado en transporte,6011.56
1644,34609,2024-12-30 23:38:00,1,Producto defectuoso,389.87
1645,37926,2025-03-20 02:20:00,3,Danado en transporte,5188.89
1646,41487,2024-02-04 17:34:00,4,Talla o presentacion,1663.76
1647,41862,2023-02-23 03:10:00,3,Talla o presentacion,5676.59
1648,40679,2023-07-06 21:08:00,2,Talla o presentacion,989.22
1649,42343,2024-05-09 01:40:00,4,Cambio de opinion,6700.80
1650,44141,2026-01-24 19:43:00,2,Danado en transporte,3695.88
1651,44347,2024-10-20 05:05:00,4,Cambio de opinion,7844.32
1652,7814,2023-12-23 11:37:00,1,Talla o presentacion,371.00
1653,25587,2025-01-15 10:05:00,2,Cambio de opinion,799.32
1654,28821,2024-01-21 10:29:00,3,Producto equivocado,1140.21
1655,28881,2023-08-30 20:45:00,3,Cambio de opinion,1032.75
1656,19440,2023-11-24 10:39:00,3,Danado en transporte,1210.32
1657,25831,2023-09-12 14:41:00,2,Cambio de opinion,656.10
1658,26517,2023-08-31 18:41:00,1,Talla o presentacion,1831.51
1659,16891,2025-01-12 22:10:00,1,Producto defectuoso,2283.73
1660,19833,2024-11-10 17:02:00,1,Cambio de opinion,357.97
1661,19839,2024-11-30 16:52:00,3,Cambio de opinion,6579.87
1662,32549,2024-06-08 22:46:00,3,Producto defectuoso,1281.98
1663,21201,2024-12-05 18:58:00,1,Producto equivocado,287.11
1664,30428,2025-09-27 12:41:00,1,Danado en transporte,389.74
1665,48654,2023-05-13 22:27:00,1,Danado en transporte,2146.81
1666,47142,2025-06-26 01:06:00,3,Producto equivocado,1257.72
1667,48773,2025-02-06 09:52:00,4,Cambio de opinion,1886.64
1668,44796,2024-10-28 13:08:00,3,Cambio de opinion,1208.88
1669,32677,2023-04-01 23:18:00,1,Talla o presentacion,480.74
1670,34287,2025-07-17 11:20:00,2,Producto defectuoso,866.98
1671,35866,2023-08-29 22:01:00,1,Producto defectuoso,1967.17
1672,54102,2026-06-23 16:21:00,3,Cambio de opinion,1398.54
1673,60055,2024-11-18 00:53:00,1,Producto defectuoso,365.42
1674,55813,2024-11-23 01:28:00,2,Danado en transporte,738.30
1675,55885,2023-03-09 13:13:00,2,Cambio de opinion,799.32
1676,53300,2024-07-05 07:44:00,1,Producto defectuoso,416.15
1677,53301,2024-07-01 07:47:00,2,Producto equivocado,840.97
1678,56557,2024-02-13 06:29:00,2,Danado en transporte,814.98
1679,62946,2026-07-17 06:27:00,1,Producto defectuoso,1763.27
1680,66092,2024-05-19 22:12:00,1,Talla o presentacion,405.00
1681,74121,2026-02-15 09:40:00,2,Producto defectuoso,4030.74
1682,4998,2025-10-17 16:51:00,1,Producto equivocado,1713.26
1683,9663,2024-10-31 07:08:00,2,Producto defectuoso,966.24
1684,17849,2026-07-30 16:44:00,2,Producto equivocado,1015.04
1685,21070,2025-06-09 01:16:00,3,Danado en transporte,1226.49
1686,12596,2024-08-02 03:04:00,3,Producto defectuoso,5844.56
1687,8944,2023-07-26 08:15:00,1,Talla o presentacion,1730.93
1688,20666,2026-08-15 10:40:00,2,Talla o presentacion,968.76
1689,30032,2026-01-02 17:15:00,3,Danado en transporte,1237.35
1690,25589,2025-01-11 10:07:00,1,Danado en transporte,1757.16
1691,20986,2025-10-20 17:22:00,3,Danado en transporte,1439.04
1692,29443,2023-10-03 06:26:00,1,Talla o presentacion,1766.25
1693,42736,2026-06-22 09:05:00,3,Danado en transporte,1292.67
1694,45604,2026-03-03 18:52:00,1,Danado en transporte,1881.67
1695,43225,2025-01-13 05:53:00,2,Danado en transporte,826.26
1696,50432,2024-11-27 14:58:00,3,Producto equivocado,992.47
1697,45926,2026-06-25 11:09:00,3,Cambio de opinion,1327.59
1698,47651,2024-02-11 15:24:00,2,Danado en transporte,783.05
1699,67612,2024-12-27 14:36:00,1,Talla o presentacion,483.12
1700,70320,2023-07-15 15:23:00,1,Talla o presentacion,430.25
1701,72907,2024-03-26 20:54:00,2,Talla o presentacion,4264.32
1702,74310,2023-07-29 08:33:00,1,Producto equivocado,2028.81
1703,74326,2023-03-12 15:16:00,1,Cambio de opinion,389.83
1704,71453,2024-03-26 03:22:00,1,Producto defectuoso,2028.82
1705,118,2026-07-27 20:53:00,1,Producto defectuoso,1689.31
1706,3293,2024-07-01 23:15:00,2,Producto defectuoso,4122.66
1707,4800,2023-09-23 04:12:00,1,Producto defectuoso,359.87
1708,4573,2024-11-06 05:14:00,2,Cambio de opinion,4204.30
1709,1784,2023-07-27 15:23:00,1,Producto defectuoso,1853.67
1710,5668,2024-03-11 03:08:00,1,Producto defectuoso,1772.16
1711,4723,2023-12-23 11:37:00,2,Cambio de opinion,4081.14
1712,6179,2024-03-18 14:49:00,4,Danado en transporte,8245.52
1713,4875,2026-01-15 20:23:00,4,Producto equivocado,8328.80
1714,6386,2023-09-27 21:42:00,3,Talla o presentacion,5060.88
1715,11081,2025-11-20 10:22:00,1,Producto defectuoso,1721.04
1716,11156,2025-05-08 13:41:00,3,Cambio de opinion,6587.85
1717,6161,2025-03-23 21:11:00,4,Cambio de opinion,7837.12
1718,11476,2024-05-28 15:40:00,3,Danado en transporte,5561.02
1719,6945,2026-04-07 16:00:00,4,Danado en transporte,8495.36
1720,8534,2023-01-24 09:17:00,1,Danado en transporte,1910.42
1721,11783,2023-11-08 12:31:00,1,Cambio de opinion,2272.38
1722,15209,2025-05-10 22:13:00,2,Producto equivocado,3383.58
1723,16832,2026-03-28 14:45:00,2,Producto defectuoso,4566.26
1724,18385,2023-07-08 15:16:00,3,Producto equivocado,1068.48
1725,21520,2026-04-04 14:43:00,1,Producto equivocado,2082.20
1726,22657,2024-02-23 21:35:00,1,Producto defectuoso,1761.43
1727,19647,2026-06-10 01:20:00,1,Talla o presentacion,1746.26
1728,19716,2025-09-02 12:03:00,1,Producto defectuoso,1648.16
1729,28448,2025-12-06 11:15:00,3,Talla o presentacion,6121.71
1730,24395,2023-10-18 01:35:00,1,Danado en transporte,1858.20
1731,27510,2026-07-11 23:26:00,3,Producto equivocado,5178.96
1732,26389,2023-10-10 17:55:00,3,Danado en transporte,6183.99
1733,29575,2023-08-24 07:16:00,3,Talla o presentacion,990.57
1734,22323,2023-05-02 20:19:00,3,Danado en transporte,6281.46
1735,24135,2025-11-10 03:11:00,3,Producto defectuoso,6148.80
1736,25832,2023-09-12 14:40:00,3,Talla o presentacion,5777.06
1737,26198,2025-08-28 18:22:00,2,Producto equivocado,3329.29
1738,33280,2024-12-21 11:38:00,2,Producto equivocado,748.06
1739,35733,2023-12-22 23:49:00,2,Talla o presentacion,4081.14
1740,34416,2023-07-27 23:34:00,1,Producto defectuoso,345.25
1741,32035,2025-02-19 11:57:00,1,Talla o presentacion,2370.98
1742,38840,2025-04-02 14:11:00,1,Talla o presentacion,401.65
1743,38520,2026-08-22 11:47:00,1,Producto equivocado,1558.43
1744,34737,2024-07-30 23:49:00,3,Cambio de opinion,6883.95
1745,37852,2024-12-01 19:08:00,2,Talla o presentacion,914.40
1746,49404,2023-03-29 05:07:00,1,Producto defectuoso,495.30
1747,43472,2025-06-04 21:03:00,3,Producto defectuoso,6253.14
1748,51500,2026-01-16 22:28:00,1,Producto equivocado,2020.95
1749,52363,2023-06-11 10:25:00,4,Producto defectuoso,7587.14
1750,55564,2023-03-10 11:15:00,1,Danado en transporte,2090.38
1751,57047,2025-07-26 23:38:00,2,Producto defectuoso,675.22
1752,57494,2025-03-10 20:57:00,1,Talla o presentacion,2000.10
1753,57613,2023-10-22 22:12:00,2,Talla o presentacion,3806.46
1754,58413,2023-11-13 10:52:00,2,Talla o presentacion,3822.92
1755,67488,2026-06-05 01:34:00,1,Cambio de opinion,2087.05
1756,63757,2025-09-11 11:43:00,1,Talla o presentacion,1782.80
1757,65481,2023-07-24 03:10:00,1,Danado en transporte,432.93
1758,62436,2024-09-29 01:55:00,1,Cambio de opinion,406.39
1759,64102,2024-10-31 13:09:00,1,Talla o presentacion,2081.74
1760,65627,2025-01-12 01:40:00,1,Producto equivocado,1883.61
1761,64174,2024-12-03 22:59:00,1,Producto equivocado,1760.85
1762,64237,2024-01-14 04:12:00,1,Cambio de opinion,398.09
1763,65160,2023-05-12 08:30:00,1,Producto equivocado,2030.37
1764,65290,2025-10-04 17:36:00,1,Producto equivocado,2153.72
1765,72573,2023-09-07 05:59:00,1,Producto equivocado,2183.26
1766,69099,2023-01-18 09:57:00,1,Producto defectuoso,459.71
1767,75456,2024-04-27 14:29:00,1,Producto equivocado,366.83
1768,74067,2023-03-14 02:55:00,2,Talla o presentacion,697.70
1769,72909,2024-03-08 20:38:00,2,Producto defectuoso,4544.76
1770,76502,2026-01-14 13:51:00,1,Cambio de opinion,1983.76
1771,71914,2025-02-15 14:43:00,1,Talla o presentacion,2005.04
1772,73511,2025-09-11 17:40:00,2,Cambio de opinion,615.86
1773,4605,2024-02-22 06:32:00,4,Talla o presentacion,1784.34
1774,4608,2024-02-16 06:29:00,1,Producto defectuoso,383.85
1775,4991,2025-10-15 16:58:00,4,Cambio de opinion,6753.08
1776,780,2025-02-13 14:44:00,1,Danado en transporte,1779.25
1777,8660,2024-12-29 11:47:00,1,Danado en transporte,369.92
1778,1023,2024-12-23 02:15:00,2,Danado en transporte,911.16
1779,42213,2024-01-15 06:12:00,4,Talla o presentacion,1595.26
1780,33283,2025-09-10 04:22:00,2,Danado en transporte,674.99
1781,46404,2025-07-22 01:09:00,1,Danado en transporte,2212.53
1782,43603,2023-11-09 06:57:00,4,Cambio de opinion,1416.94
1783,53055,2024-01-27 18:07:00,2,Producto defectuoso,4446.34
1784,51560,2025-05-24 02:09:00,1,Cambio de opinion,2000.85
1785,53242,2024-12-17 14:25:00,3,Producto defectuoso,1157.97
1786,61569,2026-02-22 08:52:00,1,Producto equivocado,1601.33
1787,67556,2024-08-17 12:45:00,1,Talla o presentacion,332.10
1788,61127,2023-05-05 19:18:00,1,Danado en transporte,383.98
1789,72329,2024-05-15 01:39:00,1,Talla o presentacion,411.10
1790,66617,2024-10-02 05:36:00,1,Talla o presentacion,380.07
1791,9609,2026-01-30 14:30:00,4,Danado en transporte,1881.08
1792,7734,2025-04-16 19:37:00,1,Talla o presentacion,2008.44
1793,15583,2024-03-26 02:28:00,1,Talla o presentacion,1836.90
1794,2104,2023-07-26 19:24:00,1,Cambio de opinion,1783.91
1795,9389,2025-09-10 03:56:00,4,Cambio de opinion,1843.44
1796,5653,2023-07-27 23:19:00,2,Producto equivocado,956.48
1797,21390,2023-06-16 09:39:00,1,Producto defectuoso,469.23
1798,4301,2025-02-05 00:51:00,4,Producto equivocado,6750.28
1799,30168,2023-09-25 01:42:00,1,Talla o presentacion,478.52
1800,31803,2026-04-16 14:04:00,1,Talla o presentacion,2132.16
1801,24322,2024-07-24 11:00:00,1,Producto defectuoso,460.86
1802,26386,2023-10-02 18:06:00,3,Producto equivocado,1368.48
1803,34226,2026-08-09 06:00:00,1,Talla o presentacion,2065.53
1804,26135,2025-03-21 21:01:00,2,Cambio de opinion,936.96
1805,29370,2026-05-21 20:14:00,1,Producto equivocado,459.93
1806,33731,2023-01-21 00:20:00,1,Danado en transporte,2109.95
1807,36911,2025-08-05 19:57:00,2,Producto defectuoso,4459.38
1808,37286,2024-12-02 13:30:00,2,Producto defectuoso,3381.36
1809,37593,2026-01-12 14:18:00,3,Talla o presentacion,1264.95
1810,36142,2024-01-17 11:56:00,2,Cambio de opinion,4057.64
1811,39332,2023-11-15 12:21:00,3,Producto defectuoso,5941.50
1812,45607,2026-03-12 18:40:00,4,Cambio de opinion,8617.48
1813,48656,2023-05-10 22:28:00,3,Producto equivocado,1340.49
1814,53492,2024-03-20 03:42:00,3,Talla o presentacion,6125.25
1815,57306,2025-02-27 00:26:00,1,Danado en transporte,1496.20
1816,57932,2025-10-08 19:00:00,1,Talla o presentacion,478.52
1817,61055,2025-03-01 06:34:00,1,Danado en transporte,450.64
1818,54292,2025-01-17 14:13:00,3,Talla o presentacion,6309.00
1819,63825,2024-09-24 05:33:00,1,Producto defectuoso,479.68
1820,59306,2024-07-19 22:52:00,1,Producto equivocado,468.48
1821,62421,2024-03-10 05:23:00,1,Cambio de opinion,484.38
1822,67234,2023-03-04 21:35:00,1,Producto defectuoso,1748.59
1823,73587,2023-04-28 15:44:00,2,Danado en transporte,835.14
1824,61568,2026-02-24 08:51:00,1,Producto defectuoso,436.70
1825,67939,2023-03-19 15:33:00,1,Producto defectuoso,418.86
1826,65743,2024-09-25 21:38:00,1,Producto equivocado,465.57
1827,66615,2024-09-22 05:48:00,1,Producto equivocado,465.57
1828,71133,2026-02-24 13:13:00,1,Talla o presentacion,404.43
1829,73002,2025-11-25 10:12:00,1,Producto defectuoso,357.11
1830,1308,2025-04-26 19:52:00,1,Cambio de opinion,2069.26
1831,6040,2024-08-15 23:54:00,1,Producto defectuoso,2040.57
1832,3574,2023-07-02 15:15:00,1,Cambio de opinion,1652.88
1833,4091,2026-06-18 20:05:00,4,Danado en transporte,8326.96
1834,5996,2025-10-17 07:00:00,3,Cambio de opinion,4971.81
1835,7453,2023-09-16 22:04:00,2,Producto equivocado,3632.85
1836,6467,2024-08-02 05:26:00,2,Cambio de opinion,4330.98
1837,11212,2025-02-10 05:23:00,2,Cambio de opinion,3452.64
1838,8732,2025-01-16 23:25:00,3,Talla o presentacion,6126.08
1839,7525,2024-10-28 22:31:00,4,Producto defectuoso,7897.36
1840,12331,2025-10-14 13:04:00,1,Cambio de opinion,1858.20
1841,8110,2025-07-20 00:00:00,1,Danado en transporte,406.39
1842,9676,2024-10-29 06:49:00,3,Cambio de opinion,6713.73
1843,6790,2024-03-06 19:18:00,1,Talla o presentacion,2020.54
1844,8614,2023-06-01 07:09:00,1,Danado en transporte,1519.16
1845,11796,2023-11-04 12:32:00,1,Producto defectuoso,1944.47
1846,13276,2024-06-19 19:08:00,1,Talla o presentacion,1709.06
1847,13729,2023-02-12 17:41:00,2,Talla o presentacion,3510.24
1848,9384,2025-09-26 04:07:00,1,Cambio de opinion,2195.95
1849,14320,2023-01-12 13:32:00,1,Cambio de opinion,2040.56
1850,18441,2024-02-01 03:24:00,2,Producto equivocado,3544.32
1851,16132,2025-10-11 13:19:00,2,Danado en transporte,4265.20
1852,14845,2024-07-09 18:54:00,3,Producto equivocado,6471.81
1853,15773,2024-11-27 10:39:00,1,Producto defectuoso,2294.65
1854,26965,2025-06-25 01:52:00,3,Cambio de opinion,5768.55
1855,24455,2026-03-23 09:03:00,3,Cambio de opinion,5996.73
1856,26645,2023-12-20 22:43:00,2,Producto equivocado,3884.94
1857,25450,2025-03-14 09:02:00,1,Cambio de opinion,2020.51
1858,25586,2025-02-10 09:40:00,1,Producto equivocado,1684.00
1859,28769,2024-11-19 23:31:00,2,Producto defectuoso,4500.20
1860,28820,2024-01-25 10:26:00,2,Producto defectuoso,3909.98
1861,34851,2024-02-28 14:34:00,3,Producto equivocado,6128.07
1862,32472,2024-05-27 14:47:00,2,Producto equivocado,2872.03
1863,35602,2025-09-23 18:13:00,3,Talla o presentacion,6003.00
1864,36924,2025-07-28 20:02:00,2,Talla o presentacion,952.50
1865,49073,2023-03-15 14:55:00,4,Producto equivocado,1885.95
1866,42286,2024-12-10 22:10:00,3,Cambio de opinion,4537.13
1867,43792,2026-05-25 19:42:00,3,Producto equivocado,4506.14
1868,44606,2023-07-11 15:12:00,3,Cambio de opinion,6964.62
1869,41999,2023-03-09 23:16:00,2,Talla o presentacion,4500.20
1870,53623,2025-12-14 15:14:00,4,Producto defectuoso,5970.94
1871,55231,2026-03-13 13:32:00,2,Producto defectuoso,3884.94
1872,56554,2024-02-23 06:36:00,1,Producto equivocado,1971.53
1873,58486,2023-12-16 11:24:00,1,Cambio de opinion,1967.16
1874,56174,2024-10-27 23:17:00,1,Cambio de opinion,2000.10
1875,59298,2025-08-11 05:10:00,1,Producto equivocado,1959.28
1876,54740,2024-01-31 00:43:00,1,Talla o presentacion,1979.69
1877,56290,2025-06-28 14:59:00,1,Talla o presentacion,1760.85
1878,55752,2025-07-29 05:47:00,1,Producto defectuoso,2020.51
1879,62742,2024-05-31 07:58:00,1,Danado en transporte,464.17
1880,62884,2023-09-18 01:51:00,1,Producto equivocado,1674.53
1881,64364,2026-06-17 13:08:00,1,Talla o presentacion,1815.84
1882,64365,2026-05-22 13:33:00,1,Danado en transporte,1664.64
1883,65931,2023-06-23 19:25:00,1,Producto equivocado,2040.56
1884,67489,2026-07-05 01:23:00,1,Talla o presentacion,1856.32
1885,65559,2025-07-23 00:36:00,1,Danado en transporte,2144.67
1886,67091,2026-01-28 09:53:00,1,Producto equivocado,406.15
1887,60941,2025-11-07 12:28:00,1,Danado en transporte,2316.93
1888,65610,2024-10-20 05:17:00,1,Danado en transporte,2213.99
1889,65817,2023-08-12 20:48:00,1,Talla o presentacion,1762.59
1890,67426,2024-02-04 22:04:00,1,Danado en transporte,374.71
1891,63566,2023-10-20 01:05:00,1,Producto defectuoso,422.97
1892,63870,2025-01-22 05:57:00,1,Producto equivocado,1691.79
1893,72962,2025-11-08 16:20:00,1,Producto defectuoso,1885.56
1894,70263,2024-10-01 04:38:00,1,Danado en transporte,495.30
1895,70321,2023-07-10 15:19:00,1,Danado en transporte,466.73
1896,3442,2023-05-10 00:04:00,3,Producto equivocado,5227.08
1897,3807,2024-10-03 04:39:00,2,Danado en transporte,977.60
1898,4161,2025-07-09 14:59:00,4,Danado en transporte,7166.52
1899,6450,2023-07-16 14:36:00,1,Producto defectuoso,444.00
1900,9522,2023-01-31 18:27:00,3,Producto defectuoso,1332.00
1901,2037,2023-02-26 16:57:00,2,Danado en transporte,920.64
1902,5247,2023-03-25 07:35:00,2,Talla o presentacion,3824.68
1903,5922,2025-07-18 02:59:00,3,Producto defectuoso,5449.41
1904,5997,2025-10-15 06:59:00,2,Producto equivocado,958.62
1905,9257,2024-11-01 12:52:00,2,Talla o presentacion,3864.10
1906,24905,2023-10-19 17:37:00,1,Danado en transporte,2170.68
1907,29181,2024-12-18 14:29:00,2,Producto defectuoso,682.05
1908,43921,2023-11-16 00:47:00,2,Producto equivocado,789.64
1909,55493,2023-12-07 15:54:00,2,Producto equivocado,752.30
1910,65047,2025-08-31 00:34:00,1,Danado en transporte,325.85
1911,66939,2023-12-13 14:53:00,1,Producto equivocado,367.26
1912,53509,2024-02-27 04:01:00,2,Producto equivocado,730.84
1913,73977,2024-05-06 07:42:00,2,Danado en transporte,760.68
1914,76053,2025-08-20 22:45:00,2,Producto equivocado,3592.61
1915,69548,2024-03-03 04:01:00,1,Producto equivocado,363.51
1916,4781,2023-02-05 00:27:00,4,Producto defectuoso,7237.40
1917,9528,2023-01-29 18:15:00,1,Producto defectuoso,1695.60
1918,9596,2026-02-21 14:49:00,3,Cambio de opinion,4715.90
1919,11140,2025-05-20 13:35:00,3,Producto equivocado,1269.51
1920,2853,2026-07-20 09:31:00,2,Producto equivocado,3618.70
1921,6044,2024-08-03 23:50:00,1,Cambio de opinion,1783.91
1922,7048,2026-04-27 21:55:00,1,Cambio de opinion,1836.90
1923,11025,2025-07-03 12:50:00,1,Cambio de opinion,449.08
1924,14072,2023-09-23 13:05:00,3,Producto defectuoso,5219.28
1925,15086,2023-04-10 22:39:00,3,Talla o presentacion,1396.71
1926,16833,2026-03-28 14:44:00,3,Producto equivocado,1368.48
1927,20724,2023-05-16 08:14:00,3,Talla o presentacion,5062.71
1928,32996,2025-03-19 07:17:00,1,Talla o presentacion,425.95
1929,28966,2024-01-05 18:24:00,3,Producto defectuoso,1410.81
1930,29892,2025-04-25 15:51:00,1,Talla o presentacion,1739.76
1931,21278,2024-04-23 22:41:00,2,Danado en transporte,940.54
1932,27570,2025-04-03 06:54:00,3,Cambio de opinion,1507.92
1933,23333,2024-06-09 13:53:00,3,Danado en transporte,1255.61
1934,26442,2024-04-05 15:00:00,2,Producto equivocado,863.62
1935,41280,2026-05-26 23:28:00,1,Danado en transporte,1715.07
1936,45605,2026-02-27 18:55:00,2,Producto defectuoso,3802.54
1937,46407,2025-06-23 01:35:00,4,Cambio de opinion,1723.56
1938,47986,2023-05-04 04:21:00,3,Producto defectuoso,6530.25
1939,39462,2023-10-09 17:19:00,3,Producto defectuoso,1169.49
1940,51882,2023-07-14 09:05:00,3,Producto equivocado,1212.72
1941,50954,2023-01-29 16:31:00,1,Producto equivocado,2027.25
1942,49263,2025-04-20 06:37:00,4,Talla o presentacion,1669.36
1943,52439,2026-05-12 14:28:00,2,Danado en transporte,779.66
1944,54872,2023-06-22 15:02:00,1,Producto defectuoso,455.29
1945,54942,2026-05-08 10:18:00,1,Talla o presentacion,1670.17
1946,56428,2025-04-01 09:25:00,1,Producto equivocado,1801.58
1947,52042,2024-07-20 11:25:00,3,Talla o presentacion,1301.82
1948,69488,2024-08-03 19:29:00,1,Danado en transporte,507.52
1949,64818,2025-07-03 17:08:00,1,Producto defectuoso,1809.35
1950,68097,2025-12-10 02:56:00,1,Danado en transporte,358.40
1951,76445,2023-03-11 06:04:00,2,Cambio de opinion,860.50
1952,1658,2023-11-08 17:16:00,1,Producto defectuoso,1929.33
1953,1304,2025-05-04 19:56:00,1,Producto equivocado,1891.50
1954,4923,2026-07-06 23:21:00,2,Producto defectuoso,4041.02
1955,5166,2023-10-28 04:53:00,3,Danado en transporte,5282.55
1956,6738,2023-09-26 16:24:00,1,Producto defectuoso,1760.85
1957,738,2024-12-06 07:40:00,1,Talla o presentacion,1353.49
1958,3996,2025-10-09 15:54:00,3,Talla o presentacion,7083.75
1959,5861,2025-02-18 00:20:00,4,Danado en transporte,7347.31
1960,7933,2024-04-10 07:22:00,2,Producto equivocado,4475.32
1961,11143,2025-06-01 13:20:00,3,Danado en transporte,4661.07
1962,9176,2025-08-04 05:09:00,3,Danado en transporte,5334.33
1963,13148,2025-10-15 22:54:00,3,Producto defectuoso,1124.13
1964,13599,2023-03-07 10:56:00,2,Cambio de opinion,4002.66
1965,9388,2025-09-18 04:03:00,1,Talla o presentacion,2305.73
1966,19196,2026-02-11 03:28:00,3,Danado en transporte,6510.30
1967,21476,2026-05-12 13:51:00,1,Producto defectuoso,1772.16
1968,17192,2026-05-24 14:04:00,1,Danado en transporte,2151.60
1969,23466,2025-11-10 05:16:00,2,Producto equivocado,910.50
1970,22524,2023-12-17 00:32:00,1,Cambio de opinion,2040.92
1971,24136,2025-11-10 03:10:00,1,Producto equivocado,371.00
1972,23016,2023-10-20 05:17:00,1,Producto defectuoso,1981.71
1973,29894,2025-04-17 15:49:00,2,Danado en transporte,3383.58
1974,33105,2025-10-17 16:09:00,1,Producto defectuoso,2183.26
1975,29516,2023-02-15 10:21:00,1,Talla o presentacion,2128.00
1976,37591,2026-01-23 14:27:00,1,Producto equivocado,1689.31
1977,34081,2023-05-04 08:09:00,2,Cambio de opinion,914.40
1978,38727,2025-06-21 13:04:00,4,Producto defectuoso,1323.47
1979,40791,2025-10-01 17:08:00,2,Danado en transporte,697.70
1980,33808,2026-01-01 20:08:00,1,Danado en transporte,2063.54
1981,42531,2025-02-24 03:26:00,2,Cambio de opinion,3496.14
1982,48392,2023-03-10 09:09:00,3,Cambio de opinion,5538.83
1983,50124,2024-01-15 22:22:00,1,Producto equivocado,2272.38
1984,49917,2025-02-23 03:40:00,4,Producto equivocado,6602.40
1985,52886,2025-01-23 22:29:00,3,Cambio de opinion,6315.66
1986,53696,2025-04-16 19:17:00,3,Danado en transporte,1122.09
1987,55244,2023-03-06 17:15:00,1,Talla o presentacion,2081.74
1988,51822,2024-02-15 05:25:00,3,Producto defectuoso,5067.44
1989,55363,2024-04-02 01:01:00,2,Producto equivocado,3963.42
1990,54626,2024-09-07 16:07:00,1,Producto defectuoso,2040.92
1991,54741,2024-01-29 00:42:00,2,Danado en transporte,4545.84
1992,55754,2025-08-08 05:43:00,1,Producto equivocado,1979.47
1993,61943,2023-03-02 13:00:00,1,Producto defectuoso,392.76
1994,55057,2023-07-27 19:20:00,2,Danado en transporte,3806.46
1995,55117,2026-06-16 15:04:00,2,Producto equivocado,854.24
1996,62624,2023-08-06 06:12:00,1,Cambio de opinion,1994.46
1997,65307,2024-12-28 04:04:00,1,Danado en transporte,1815.84
1998,66936,2024-01-13 14:25:00,1,Talla o presentacion,2178.42
1999,70076,2023-10-13 06:27:00,1,Danado en transporte,1988.81
2000,69471,2026-05-24 18:22:00,1,Cambio de opinion,424.00
2001,68022,2024-03-16 15:28:00,1,Talla o presentacion,2013.06
2002,73322,2026-04-21 13:40:00,1,Producto equivocado,2250.10
2003,68866,2026-06-10 14:06:00,1,Cambio de opinion,319.06
2004,4650,2026-08-09 23:31:00,1,Producto defectuoso,366.11
2005,7783,2025-01-24 18:18:00,2,Producto defectuoso,4256.56
2006,5090,2025-01-30 12:43:00,1,Danado en transporte,1871.52
2007,2150,2026-01-08 12:22:00,1,Talla o presentacion,1760.33
2008,5300,2023-09-17 10:28:00,1,Producto equivocado,369.92
2009,2920,2023-04-20 12:04:00,1,Danado en transporte,1834.82
2010,9370,2025-10-16 04:27:00,1,Cambio de opinion,2181.90
2011,14191,2026-07-05 22:55:00,2,Cambio de opinion,3279.23
2012,15787,2025-02-21 03:27:00,2,Danado en transporte,663.57
2013,13279,2024-06-27 18:57:00,1,Producto equivocado,2247.36
2014,14014,2023-04-24 15:47:00,1,Producto defectuoso,1868.10
2015,15536,2025-04-28 19:43:00,1,Producto defectuoso,392.80
2016,12713,2025-03-24 20:16:00,3,Talla o presentacion,5157.36
2017,19006,2023-09-05 08:15:00,2,Danado en transporte,2855.25
2018,10665,2023-01-19 13:40:00,3,Producto equivocado,1292.82
2019,10666,2023-01-17 13:39:00,1,Cambio de opinion,1737.03
2020,18067,2024-09-21 05:34:00,1,Cambio de opinion,2160.08
2021,18252,2024-04-29 10:11:00,3,Producto defectuoso,5696.29
2022,19775,2026-02-17 09:20:00,3,Producto defectuoso,5263.87
2023,18387,2026-06-14 01:16:00,2,Talla o presentacion,4363.80
2024,18835,2023-08-12 06:45:00,3,Danado en transporte,4653.01
2025,23467,2025-11-06 05:19:00,3,Cambio de opinion,5394.36
2026,23523,2026-05-07 02:13:00,3,Producto equivocado,6742.08
2027,24008,2023-03-11 03:24:00,2,Danado en transporte,3448.26
2028,24585,2026-01-30 09:51:00,1,Producto equivocado,1798.12
2029,27702,2025-03-02 07:28:00,2,Producto defectuoso,930.15
2030,22522,2023-12-09 00:46:00,3,Producto equivocado,6032.73
2031,27518,2026-06-15 23:40:00,1,Talla o presentacion,1791.63
2032,27645,2025-09-10 04:21:00,1,Producto defectuoso,2269.18
2033,60246,2025-10-19 16:52:00,1,Talla o presentacion,1853.23
2034,53943,2023-07-22 00:40:00,3,Producto equivocado,1208.88
2035,63551,2024-11-28 18:25:00,1,Producto defectuoso,295.23
2036,61056,2025-02-25 06:31:00,1,Producto defectuoso,1817.24
2037,55042,2023-09-15 20:05:00,1,Danado en transporte,325.85
2038,65177,2026-01-26 01:56:00,1,Talla o presentacion,383.98
2039,74761,2025-05-19 14:06:00,2,Talla o presentacion,4381.24
2040,70269,2024-08-20 04:06:00,1,Danado en transporte,337.49
2041,5106,2025-01-22 12:21:00,3,Talla o presentacion,5298.75
2042,8259,2024-10-31 19:24:00,4,Cambio de opinion,1862.28
2043,16396,2025-11-26 10:24:00,3,Producto equivocado,5139.78
2044,14726,2025-03-16 02:29:00,2,Talla o presentacion,995.52
2045,16513,2025-03-14 05:03:00,3,Danado en transporte,1382.58
2046,3153,2023-12-19 12:08:00,2,Danado en transporte,3479.52
2047,18837,2023-07-17 07:09:00,2,Producto equivocado,995.52
2048,18952,2024-03-09 04:53:00,1,Producto defectuoso,468.48
2049,8791,2025-07-17 20:20:00,4,Producto defectuoso,6680.68
2050,5936,2025-06-18 02:33:00,3,Producto equivocado,5510.70
2051,13797,2025-10-17 05:07:00,1,Talla o presentacion,465.57
2052,5725,2025-10-28 16:54:00,4,Producto defectuoso,1805.84
2053,19197,2026-02-07 03:31:00,1,Producto defectuoso,474.97
2054,25529,2024-08-20 12:47:00,1,Talla o presentacion,1730.93
2055,28704,2024-06-04 02:20:00,3,Danado en transporte,4801.74
2056,25654,2024-12-11 14:42:00,2,Talla o presentacion,3567.82
2057,22713,2023-12-11 22:45:00,1,Danado en transporte,362.11
2058,25830,2023-08-31 14:54:00,1,Producto equivocado,1707.17
2059,29324,2023-11-07 11:41:00,2,Danado en transporte,3444.72
2060,37477,2026-03-28 15:33:00,3,Talla o presentacion,6309.00
2061,35023,2023-01-08 11:38:00,3,Cambio de opinion,6361.17
2062,46520,2023-02-11 21:52:00,1,Danado en transporte,442.30
2063,46594,2025-05-13 06:13:00,1,Danado en transporte,434.55
2064,42158,2024-07-15 03:09:00,1,Danado en transporte,421.65
2065,37736,2023-02-26 06:31:00,3,Cambio de opinion,1319.34
2066,50446,2025-07-06 11:13:00,3,Producto defectuoso,1413.40
2067,50699,2026-05-29 11:46:00,2,Producto equivocado,4086.64
2068,58616,2026-01-17 00:12:00,1,Talla o presentacion,446.00
2069,54177,2023-04-07 19:39:00,2,Talla o presentacion,4014.36
2070,60438,2024-06-23 09:05:00,1,Cambio de opinion,464.58
2071,49978,2024-12-14 10:45:00,1,Talla o presentacion,412.45
2072,60811,2024-02-29 15:01:00,1,Producto defectuoso,444.08
2073,68661,2024-12-20 08:45:00,1,Producto defectuoso,473.87
2074,68731,2025-05-27 00:28:00,1,Talla o presentacion,484.38
2075,62495,2023-12-10 06:54:00,1,Cambio de opinion,1322.22
2076,67875,2025-02-14 21:24:00,1,Danado en transporte,432.65
2077,67746,2023-06-01 07:47:00,1,Producto defectuoso,371.35
2078,73192,2024-02-24 15:01:00,1,Producto defectuoso,2123.42
2079,65239,2026-06-19 13:21:00,1,Talla o presentacion,388.63
2080,2868,2026-06-28 09:10:00,1,Producto defectuoso,1743.58
2081,2994,2025-07-24 03:35:00,1,Producto equivocado,1674.53
2082,3712,2025-04-13 04:05:00,3,Producto defectuoso,6062.85
2083,5240,2023-03-29 07:48:00,1,Danado en transporte,2178.42
2084,2376,2026-04-29 14:12:00,3,Talla o presentacion,5561.01
2085,2652,2025-01-19 11:35:00,3,Danado en transporte,1293.81
2086,5794,2026-03-23 19:19:00,1,Producto equivocado,1704.00
2087,10347,2023-10-28 12:41:00,2,Producto equivocado,3884.94
2088,13522,2026-04-17 08:05:00,1,Danado en transporte,1877.56
2089,11416,2023-08-26 14:21:00,3,Talla o presentacion,5003.33
2090,8408,2024-06-06 21:08:00,1,Talla o presentacion,1967.16
2091,8583,2023-08-30 05:56:00,2,Producto equivocado,3592.03
2092,8674,2025-08-16 08:13:00,1,Producto defectuoso,1738.08
2093,8885,2024-10-24 00:46:00,4,Producto defectuoso,8328.80
2094,12011,2024-03-26 14:39:00,3,Producto equivocado,6039.18
2095,14074,2023-10-05 13:07:00,1,Producto equivocado,1691.79
2096,12711,2025-03-12 20:30:00,1,Producto equivocado,2019.73
2097,16648,2025-01-29 05:38:00,1,Talla o presentacion,2114.97
2098,21536,2025-07-03 01:03:00,1,Cambio de opinion,1977.54
2099,17017,2025-04-11 22:08:00,2,Danado en transporte,4204.30
2100,14016,2023-04-20 15:49:00,3,Cambio de opinion,6319.54
2101,15596,2024-10-22 22:55:00,1,Producto equivocado,1652.88
2102,17717,2023-11-10 11:16:00,3,Danado en transporte,6196.62
2103,19456,2026-07-10 16:37:00,3,Producto defectuoso,5447.53
2104,22072,2023-07-16 21:24:00,2,Danado en transporte,4163.48
2105,22204,2024-02-18 15:30:00,3,Producto equivocado,5873.88
2106,24703,2024-11-23 23:01:00,2,Producto defectuoso,990.60
2107,27069,2024-10-08 06:12:00,1,Cambio de opinion,2065.54
2108,24075,2025-08-20 10:45:00,3,Talla o presentacion,6039.18
2109,26709,2026-04-21 06:37:00,3,Cambio de opinion,6713.73
2110,29500,2024-03-03 03:45:00,1,Cambio de opinion,2040.56
2111,35732,2023-12-24 23:50:00,1,Cambio de opinion,1883.61
2112,37155,2026-04-24 09:39:00,1,Danado en transporte,2084.38
2113,40805,2025-09-04 17:39:00,2,Producto defectuoso,637.91
2114,35036,2026-07-28 11:15:00,3,Producto defectuoso,1485.90
2115,32297,2025-07-24 03:34:00,1,Danado en transporte,471.49
2116,40151,2024-07-13 00:32:00,2,Producto equivocado,4603.84
2117,46843,2025-01-09 18:25:00,4,Danado en transporte,7641.68
2118,42210,2024-01-19 06:11:00,1,Producto defectuoso,1905.20
2119,50113,2024-02-27 21:40:00,4,Producto defectuoso,7306.51
2120,47858,2026-03-15 18:45:00,1,Talla o presentacion,2294.65
2121,47970,2024-05-28 21:57:00,1,Danado en transporte,1669.51
2122,49148,2025-08-11 10:39:00,1,Talla o presentacion,419.10
2123,54421,2023-12-08 19:40:00,2,Talla o presentacion,812.78
2124,43980,2024-04-25 22:11:00,1,Producto equivocado,471.49
2125,55247,2023-02-26 17:10:00,2,Producto equivocado,3845.70
2126,53829,2025-12-12 19:37:00,2,Talla o presentacion,3430.85
2127,60112,2023-02-18 14:19:00,1,Producto defectuoso,2122.56
2128,57886,2024-01-15 18:29:00,1,Producto defectuoso,2090.38
2129,60375,2025-04-25 13:55:00,1,Producto equivocado,1935.63
2130,61173,2025-08-24 17:35:00,1,Producto equivocado,1580.63
2131,62758,2024-06-23 06:53:00,1,Producto defectuoso,2090.38
2132,62812,2026-06-30 08:53:00,1,Talla o presentacion,1979.69
2133,60184,2026-07-28 12:00:00,1,Talla o presentacion,1795.37
2134,64876,2025-12-05 22:45:00,1,Danado en transporte,371.00
2135,68152,2026-04-25 06:28:00,1,Cambio de opinion,2081.74
2136,62176,2025-01-04 03:32:00,1,Producto equivocado,1981.71
2137,67107,2024-06-15 01:34:00,1,Talla o presentacion,2229.21
2138,67236,2023-03-14 21:23:00,1,Cambio de opinion,2063.52
2139,65740,2024-09-18 21:48:00,1,Talla o presentacion,1704.00
2140,65232,2026-01-11 02:12:00,1,Cambio de opinion,2040.57
2141,69921,2023-12-12 23:07:00,2,Danado en transporte,3896.50
2142,66166,2026-05-31 05:51:00,1,Danado en transporte,356.16
2143,69280,2026-08-09 00:46:00,1,Danado en transporte,2111.49
2144,69354,2025-06-09 11:41:00,1,Producto defectuoso,1707.02
2145,69359,2024-06-01 17:49:00,1,Producto defectuoso,1703.35
2146,75967,2026-01-14 14:07:00,2,Producto defectuoso,4210.44
2147,71523,2026-03-20 19:19:00,1,Talla o presentacion,2272.38
2148,4589,2024-10-13 04:52:00,4,Producto defectuoso,7449.52
2149,7782,2025-01-26 18:19:00,3,Producto equivocado,6349.32
2150,4939,2026-06-28 22:59:00,4,Danado en transporte,7234.64
2151,8599,2023-07-27 06:24:00,4,Producto defectuoso,6876.48
2152,4162,2025-07-01 14:52:00,3,Talla o presentacion,1305.87
2153,19,2025-11-24 16:38:00,1,Cambio de opinion,493.54
2154,6739,2023-09-24 16:23:00,4,Danado en transporte,1860.28
2155,10346,2023-10-30 12:42:00,1,Producto defectuoso,2030.62
2156,2995,2025-07-22 03:34:00,4,Producto defectuoso,1936.20
2157,14075,2023-10-05 13:06:00,2,Cambio de opinion,930.15
2158,12468,2024-09-19 03:50:00,1,Talla o presentacion,452.70
2159,11159,2025-04-12 14:04:00,3,Producto defectuoso,5449.41
2160,63114,2025-01-12 05:51:00,1,Cambio de opinion,2069.26
2161,61824,2023-10-08 12:48:00,1,Cambio de opinion,2153.72
2162,62174,2025-01-10 03:28:00,1,Danado en transporte,2350.94
2163,63754,2025-10-13 11:14:00,1,Producto defectuoso,2085.02
2164,63553,2024-11-25 18:26:00,1,Cambio de opinion,2294.65
2165,63871,2024-12-29 06:20:00,1,Cambio de opinion,1853.67
2166,69600,2023-06-01 08:21:00,1,Cambio de opinion,1913.06
2167,72715,2026-03-06 02:59:00,1,Danado en transporte,461.96
2168,76765,2025-04-13 15:34:00,2,Talla o presentacion,4366.52
2169,4721,2023-12-27 11:39:00,4,Danado en transporte,1955.20
2170,4734,2023-12-05 11:20:00,1,Producto equivocado,328.45
2171,300,2026-07-26 08:22:00,1,Producto defectuoso,1897.86
2172,7032,2026-05-21 22:17:00,3,Danado en transporte,5669.58
2173,8615,2023-06-21 07:08:00,4,Talla o presentacion,1822.32
2174,5720,2025-10-22 16:59:00,1,Danado en transporte,1850.14
2175,14,2026-07-24 20:43:00,2,Danado en transporte,3509.88
2176,16,2026-07-28 20:45:00,4,Producto equivocado,6684.16
2177,6372,2023-10-17 22:02:00,3,Talla o presentacion,1189.83
2178,3500,2023-02-20 12:55:00,1,Producto defectuoso,1598.67
2179,7160,2025-07-21 17:15:00,1,Cambio de opinion,1761.43
2180,2787,2023-06-27 12:55:00,2,Producto equivocado,3581.50
2181,2998,2025-07-16 03:31:00,1,Cambio de opinion,411.55
2182,12534,2025-02-10 06:18:00,1,Cambio de opinion,343.22
2183,12659,2023-05-18 19:33:00,2,Producto equivocado,4320.16
2184,18965,2023-03-01 11:24:00,1,Talla o presentacion,374.35
2185,17587,2024-05-06 21:53:00,3,Talla o presentacion,5504.46
2186,10721,2023-10-19 01:02:00,3,Producto defectuoso,1189.83
2187,16527,2025-03-06 05:07:00,1,Talla o presentacion,1622.70
2188,21534,2025-07-07 01:01:00,2,Producto defectuoso,3520.66
2189,18950,2024-03-13 04:51:00,2,Talla o presentacion,3419.26
2190,25016,2025-03-30 03:14:00,3,Cambio de opinion,1305.87
2191,25901,2023-05-27 07:57:00,3,Producto defectuoso,6022.06
2192,29254,2023-06-24 14:05:00,1,Producto equivocado,395.72
2193,20202,2025-09-19 23:58:00,3,Talla o presentacion,5587.14
2194,21789,2023-12-30 00:29:00,1,Talla o presentacion,1961.35
2195,27199,2024-06-12 00:18:00,2,Producto equivocado,783.53
2196,27004,2026-01-03 22:41:00,2,Producto equivocado,3910.18
2197,27892,2025-05-07 00:35:00,2,Producto equivocado,3989.18
2198,27965,2024-10-15 04:04:00,2,Producto equivocado,4494.72
2199,29502,2024-03-19 03:47:00,3,Danado en transporte,5211.09
2200,29514,2024-02-28 04:05:00,2,Producto equivocado,3089.55
2201,37722,2026-03-03 02:45:00,2,Talla o presentacion,4065.58
2202,38149,2024-01-03 13:42:00,2,Producto defectuoso,4047.91
2203,43738,2026-01-18 21:55:00,1,Producto defectuoso,2096.67
2204,48398,2023-02-17 09:20:00,1,Cambio de opinion,2111.64
2205,48522,2023-12-29 16:37:00,3,Talla o presentacion,6510.03
2206,47854,2026-03-09 18:55:00,1,Danado en transporte,1937.40
2207,55681,2024-01-05 12:19:00,2,Producto equivocado,4232.88
2208,55871,2023-04-17 23:24:00,2,Talla o presentacion,4276.52
2209,52887,2024-12-29 22:53:00,4,Talla o presentacion,6423.22
2210,54493,2026-07-02 21:16:00,2,Cambio de opinion,896.70
2211,54623,2024-09-19 16:12:00,2,Talla o presentacion,3376.08
2212,56117,2025-03-07 07:06:00,2,Danado en transporte,835.76
2213,55362,2024-03-31 00:58:00,1,Producto defectuoso,1705.49
2214,61054,2025-03-03 06:35:00,1,Talla o presentacion,452.70
2215,59627,2023-09-25 09:59:00,2,Danado en transporte,4363.80
2216,66541,2026-05-31 01:51:00,1,Danado en transporte,1813.76
2217,67744,2023-05-22 07:59:00,1,Talla o presentacion,339.41
2218,71018,2025-01-08 12:04:00,1,Danado en transporte,2044.82
2219,74387,2025-02-16 15:14:00,2,Danado en transporte,3434.02
2220,69877,2026-08-13 08:37:00,2,Talla o presentacion,2981.78
2221,76189,2025-11-10 23:26:00,2,Producto defectuoso,4101.44
2222,70017,2025-02-21 14:49:00,2,Danado en transporte,3840.14
2223,71656,2024-02-26 07:02:00,1,Producto defectuoso,1622.33
2224,76560,2023-09-26 20:19:00,1,Producto equivocado,1927.25
2225,72008,2023-11-27 23:17:00,1,Producto equivocado,1967.60
2226,1928,2026-04-09 09:59:00,1,Talla o presentacion,2022.62
2227,175,2023-03-08 22:20:00,1,Danado en transporte,1998.04
2228,258,2023-06-19 11:32:00,1,Producto defectuoso,514.39
2229,783,2025-02-05 14:35:00,1,Producto defectuoso,2120.37
2230,3808,2024-10-01 04:38:00,1,Talla o presentacion,2275.82
2231,3934,2024-04-07 19:54:00,1,Danado en transporte,2210.17
2232,1034,2023-12-19 20:06:00,1,Talla o presentacion,2275.82
2233,1502,2025-05-24 08:40:00,3,Producto defectuoso,5889.01
2234,3039,2024-09-22 16:44:00,4,Producto equivocado,8065.40
2235,6256,2023-07-02 20:56:00,3,Cambio de opinion,1325.46
2236,10971,2026-08-31 05:50:00,3,Talla o presentacion,5438.05
2237,17061,2025-10-02 15:46:00,2,Danado en transporte,821.31
2238,12841,2024-05-12 01:34:00,1,Producto equivocado,2122.64
2239,16383,2025-11-30 10:23:00,3,Talla o presentacion,4771.50
2240,19007,2023-09-05 08:14:00,3,Producto defectuoso,5254.75
2241,26180,2025-10-01 17:36:00,3,Talla o presentacion,5662.47
2242,30748,2023-11-14 19:23:00,1,Producto defectuoso,2054.97
2243,25778,2023-11-17 13:32:00,3,Producto defectuoso,6354.57
2244,26311,2023-02-17 16:03:00,1,Producto defectuoso,428.28
2245,27005,2026-01-03 22:40:00,3,Cambio de opinion,5839.45
2246,33678,2023-12-16 11:39:00,1,Talla o presentacion,460.23
2247,37400,2025-10-16 04:23:00,2,Producto defectuoso,3565.01
2248,34799,2025-05-29 22:14:00,2,Producto defectuoso,685.47
2249,39218,2024-01-16 17:35:00,1,Cambio de opinion,405.46
2250,37287,2024-11-30 13:29:00,3,Producto equivocado,4638.95
2251,38725,2025-06-08 13:19:00,2,Talla o presentacion,2778.89
2252,44780,2024-12-05 12:36:00,1,Producto equivocado,1574.70
2253,45668,2025-09-23 11:48:00,1,Danado en transporte,2169.63
2254,42866,2023-08-31 02:11:00,3,Danado en transporte,5985.20
2255,42928,2026-08-09 06:06:00,1,Talla o presentacion,1407.45
2256,44538,2023-02-23 17:32:00,1,Producto defectuoso,1560.06
2257,40602,2023-09-22 23:27:00,3,Producto defectuoso,6177.63
2258,46406,2025-06-26 01:33:00,3,Producto equivocado,6432.00
2259,51706,2024-05-09 04:17:00,3,Danado en transporte,6825.78
2260,45797,2025-05-22 13:49:00,4,Cambio de opinion,7667.71
2261,47332,2023-12-25 00:29:00,3,Talla o presentacion,1050.80
2262,50502,2023-05-10 16:49:00,3,Danado en transporte,4924.08
2263,46918,2024-05-16 22:26:00,1,Producto equivocado,1692.12
2264,52567,2023-01-08 06:52:00,4,Producto equivocado,7348.28
2265,56162,2024-11-30 23:49:00,1,Producto defectuoso,1353.70
2266,56163,2024-11-28 23:48:00,2,Producto equivocado,2673.55
2267,54422,2023-12-06 19:39:00,1,Danado en transporte,1742.88
2268,53302,2024-07-01 07:46:00,3,Cambio de opinion,4974.84
2269,56875,2024-11-22 11:31:00,2,Danado en transporte,4109.94
2270,61430,2024-07-07 18:44:00,1,Danado en transporte,2144.52
2271,62948,2026-07-14 06:28:00,1,Cambio de opinion,2144.52
2272,63040,2025-04-19 04:30:00,1,Producto equivocado,2210.17
2273,64610,2026-03-16 18:43:00,1,Producto defectuoso,2211.19
2274,62422,2024-03-10 05:22:00,1,Talla o presentacion,477.51
2275,64109,2025-05-23 09:34:00,1,Danado en transporte,433.21
2276,63499,2025-07-30 14:21:00,1,Producto defectuoso,2097.82
2277,71339,2023-10-03 04:27:00,1,Producto equivocado,1742.88
2278,69675,2025-11-27 15:33:00,1,Talla o presentacion,1912.38
2279,70133,2025-11-10 17:14:00,1,Danado en transporte,1993.93
2280,65480,2023-07-26 03:09:00,1,Talla o presentacion,2144.52
2281,70529,2025-07-26 09:46:00,1,Danado en transporte,1871.85
2282,69098,2023-01-24 09:52:00,1,Danado en transporte,2166.41
2283,66358,2025-06-09 01:48:00,1,Talla o presentacion,2022.62
2284,75136,2023-06-28 03:33:00,1,Danado en transporte,2079.60
2285,73846,2024-09-05 02:27:00,1,Danado en transporte,1764.60
2286,75457,2024-04-14 14:41:00,2,Cambio de opinion,3862.64
2287,4997,2025-10-19 16:52:00,2,Cambio de opinion,801.22
2288,2515,2023-07-24 20:42:00,4,Producto equivocado,1735.96
2289,5862,2025-02-16 00:19:00,3,Talla o presentacion,941.81
2290,1654,2023-11-02 17:26:00,1,Danado en transporte,1812.35
2291,1710,2024-04-14 20:10:00,1,Danado en transporte,483.29
2292,3233,2025-09-26 06:43:00,2,Danado en transporte,4153.38
2293,6464,2024-08-08 05:29:00,1,Producto defectuoso,409.68
2294,7863,2024-06-14 14:34:00,2,Producto defectuoso,817.94
2295,6734,2023-09-14 16:28:00,1,Danado en transporte,2242.34
2296,10143,2024-06-18 06:54:00,1,Producto defectuoso,1832.69
2297,11798,2023-10-31 12:34:00,3,Cambio de opinion,1289.46
2298,13469,2023-07-10 21:04:00,1,Talla o presentacion,1993.62
2299,12915,2023-11-02 04:50:00,2,Cambio de opinion,3661.94
2300,10026,2025-04-14 01:55:00,3,Danado en transporte,6681.93
2301,11606,2023-07-13 20:44:00,3,Producto defectuoso,6479.28
2302,13149,2025-10-27 22:41:00,1,Producto equivocado,2118.13
2303,12147,2023-06-12 19:33:00,3,Producto defectuoso,6008.82
2304,14204,2026-06-19 22:56:00,1,Cambio de opinion,1868.72
2305,18066,2024-09-21 05:35:00,3,Producto equivocado,6537.21
2306,18122,2023-07-23 12:37:00,3,Producto defectuoso,5396.49
2307,19703,2025-09-10 11:58:00,1,Cambio de opinion,2158.73
2308,21523,2026-03-31 14:44:00,1,Danado en transporte,1885.78
2309,15974,2024-04-24 07:45:00,2,Talla o presentacion,4269.08
2310,20263,2025-03-27 02:57:00,1,Producto defectuoso,1794.92
2311,22016,2026-08-14 00:30:00,2,Producto equivocado,2937.47
2312,22077,2023-06-24 21:37:00,3,Talla o presentacion,7174.50
2313,26761,2025-04-23 15:09:00,2,Producto equivocado,4225.96
2314,26121,2025-12-17 10:43:00,1,Talla o presentacion,1683.51
2315,26312,2023-02-17 16:02:00,2,Producto equivocado,3524.47
2316,21724,2025-06-24 22:56:00,2,Cambio de opinion,3850.70
2317,28243,2025-01-31 22:12:00,1,Producto equivocado,1760.07
2318,26904,2023-01-28 18:25:00,2,Producto defectuoso,4111.84
2319,28449,2025-12-06 11:14:00,1,Danado en transporte,2156.10
2320,35675,2024-12-01 11:19:00,3,Cambio de opinion,6891.36
2321,33541,2025-12-06 11:47:00,1,Cambio de opinion,1745.82
2322,38972,2023-04-23 16:30:00,3,Danado en transporte,5990.49
2323,37720,2026-03-07 02:47:00,3,Producto equivocado,1163.97
2324,40869,2023-03-05 17:08:00,2,Producto defectuoso,3846.88
2325,33281,2025-09-15 04:25:00,3,Cambio de opinion,4072.86
2326,40676,2023-06-23 21:04:00,3,Producto defectuoso,5504.88
2327,42225,2023-12-15 06:41:00,2,Producto defectuoso,4317.45
2328,43923,2023-11-29 00:32:00,4,Talla o presentacion,9096.60
2329,42479,2024-06-02 13:35:00,2,Cambio de opinion,3794.65
2330,44272,2024-08-10 18:13:00,3,Producto defectuoso,5419.23
2331,47534,2023-08-14 20:37:00,1,Cambio de opinion,1775.48
2332,50638,2025-12-22 14:21:00,1,Danado en transporte,2281.31
2333,57611,2023-10-28 22:16:00,2,Producto equivocado,3590.24
2334,54819,2024-04-21 20:10:00,2,Producto defectuoso,3002.74
2335,57948,2026-05-02 15:28:00,1,Danado en transporte,412.98
2336,56946,2023-11-27 11:37:00,1,Talla o presentacion,408.97
2337,58614,2026-01-29 00:22:00,1,Producto equivocado,392.93
2338,57116,2024-04-21 03:55:00,1,Cambio de opinion,384.91
2339,58730,2025-12-18 02:04:00,1,Producto equivocado,404.96
2340,61882,2025-11-29 02:28:00,1,Cambio de opinion,2281.31
2341,59939,2023-05-25 09:55:00,1,Producto equivocado,2207.84
2342,64670,2026-03-29 08:49:00,1,Producto equivocado,2016.78
2343,62362,2025-09-19 05:37:00,1,Producto defectuoso,404.96
2344,66999,2023-09-30 02:05:00,1,Cambio de opinion,396.43
2345,64030,2023-12-19 04:01:00,1,Talla o presentacion,2199.22
2346,63490,2025-04-14 02:22:00,1,Cambio de opinion,422.22
2347,64990,2025-04-20 10:04:00,1,Cambio de opinion,418.04
2348,66235,2025-05-08 14:13:00,1,Cambio de opinion,425.65
2349,66281,2024-12-11 22:20:00,1,Danado en transporte,2112.98
2350,69412,2026-06-14 19:44:00,1,Cambio de opinion,2030.79
2351,67745,2023-05-22 07:58:00,1,Danado en transporte,1987.11
2352,68980,2025-07-11 13:51:00,1,Producto defectuoso,409.68
2353,69164,2024-12-08 23:09:00,1,Talla o presentacion,2069.86
2354,70772,2024-07-09 23:18:00,1,Producto equivocado,1760.68
2355,68341,2025-05-10 02:42:00,1,Talla o presentacion,429.82
2356,4242,2026-04-29 08:12:00,3,Talla o presentacion,4109.64
2357,7370,2023-05-03 20:05:00,1,Danado en transporte,1876.45
2358,9325,2024-04-11 09:26:00,4,Producto defectuoso,8327.04
2359,610,2025-09-30 12:42:00,1,Danado en transporte,1598.90
2360,818,2023-12-27 07:50:00,1,Danado en transporte,2039.71
2361,7258,2024-09-13 10:15:00,1,Danado en transporte,1756.65
2362,17832,2023-02-03 16:01:00,1,Danado en transporte,1649.10
2363,13200,2024-02-26 21:04:00,1,Producto equivocado,352.66
2364,13651,2026-04-29 13:54:00,3,Talla o presentacion,6884.16
2365,10986,2026-08-19 05:57:00,2,Talla o presentacion,3326.04
2366,12582,2023-12-14 23:08:00,2,Producto equivocado,4773.02
2367,8678,2025-08-24 08:01:00,1,Producto equivocado,1643.68
2368,10402,2025-04-27 07:32:00,3,Producto defectuoso,6119.13
2369,18258,2024-04-11 10:39:00,2,Producto defectuoso,800.42
2370,13971,2024-01-18 05:18:00,1,Danado en transporte,2271.77
2371,22977,2024-12-09 22:20:00,2,Producto equivocado,4589.44
2372,24833,2023-02-06 09:57:00,2,Producto defectuoso,4163.52
2373,25193,2025-06-03 13:54:00,1,Danado en transporte,1747.97
2374,21856,2026-06-02 07:46:00,1,Danado en transporte,1757.68
2375,28502,2023-10-15 05:22:00,1,Producto defectuoso,380.40
2376,30105,2023-01-27 21:42:00,2,Danado en transporte,782.54
2377,31557,2023-09-15 20:22:00,2,Producto equivocado,3791.08
2378,35547,2026-04-16 21:39:00,2,Danado en transporte,3441.84
2379,36089,2025-04-22 19:36:00,2,Producto equivocado,818.30
2380,41038,2025-08-15 06:05:00,1,Talla o presentacion,1574.59
2381,37989,2024-08-08 06:05:00,2,Talla o presentacion,848.70
2382,40356,2026-06-11 18:57:00,3,Talla o presentacion,4593.02
2383,46726,2024-11-28 04:31:00,3,Cambio de opinion,1523.97
2384,40674,2023-06-11 21:18:00,1,Talla o presentacion,374.09
2385,53562,2023-07-18 07:40:00,3,Producto equivocado,5266.02
2386,56686,2023-08-19 03:39:00,1,Talla o presentacion,1487.78
2387,49146,2025-08-15 10:37:00,3,Producto equivocado,5060.73
2388,49581,2026-01-31 09:54:00,2,Cambio de opinion,1036.50
2389,52681,2024-10-24 18:06:00,2,Producto defectuoso,3441.84
2390,53375,2023-11-03 11:48:00,2,Producto equivocado,789.30
2391,52889,2024-12-25 22:55:00,2,Producto defectuoso,3572.36
2392,56044,2025-12-20 12:03:00,1,Talla o presentacion,2102.79
2393,63629,2023-05-04 14:24:00,1,Producto equivocado,2073.17
2394,59747,2025-12-06 01:27:00,2,Cambio de opinion,2891.15
2395,63245,2024-12-12 22:53:00,1,Talla o presentacion,1307.90
2396,64803,2026-08-12 10:28:00,1,Producto defectuoso,2165.64
2397,70077,2023-10-02 06:17:00,2,Producto defectuoso,3656.70
2398,65685,2024-01-16 00:00:00,1,Producto defectuoso,2323.55
2399,66808,2023-02-13 03:58:00,1,Producto equivocado,1904.16
2400,72905,2024-04-13 21:10:00,2,Producto equivocado,834.36
2401,71654,2024-03-13 07:16:00,1,Talla o presentacion,1800.48
2402,735,2024-12-10 07:49:00,1,Talla o presentacion,325.62
2403,5938,2025-06-14 02:31:00,1,Danado en transporte,378.50
2404,10728,2023-10-13 01:17:00,3,Producto equivocado,5559.69
2405,449,2023-12-16 23:01:00,1,Cambio de opinion,475.89
2406,801,2025-01-02 14:11:00,1,Producto defectuoso,363.51
2407,15146,2025-08-20 06:07:00,3,Producto defectuoso,1044.90
2408,7735,2025-04-14 19:36:00,4,Cambio de opinion,1555.20
2409,9406,2026-05-08 07:49:00,3,Danado en transporte,1157.97
2410,17513,2024-11-18 18:37:00,2,Talla o presentacion,744.56
2411,20521,2026-04-07 21:01:00,3,Talla o presentacion,1175.46
2412,21073,2025-06-17 01:05:00,3,Cambio de opinion,5613.66
2413,22642,2023-07-12 01:06:00,2,Producto defectuoso,4431.80
2414,4992,2025-10-13 16:57:00,3,Producto equivocado,1345.05
2415,8600,2023-07-17 06:27:00,1,Talla o presentacion,1868.10
2416,8618,2023-06-29 06:57:00,1,Producto defectuoso,387.81
2417,7373,2023-05-11 19:56:00,2,Producto equivocado,3791.70
2418,7990,2025-07-26 21:15:00,1,Producto defectuoso,1816.47
2419,9521,2023-02-02 18:28:00,4,Producto equivocado,6684.16
2420,3518,2023-01-13 12:25:00,1,Cambio de opinion,403.63
2421,5167,2023-10-26 04:52:00,2,Talla o presentacion,930.14
2422,7580,2023-08-17 15:08:00,1,Producto defectuoso,439.64
2423,9102,2025-03-25 02:49:00,3,Cambio de opinion,5284.29
2424,1307,2025-04-28 19:53:00,2,Talla o presentacion,3824.68
2425,11026,2025-06-29 12:53:00,2,Talla o presentacion,3454.50
2426,10215,2024-09-04 17:47:00,2,Producto defectuoso,3278.23
2427,17902,2024-06-28 21:37:00,2,Cambio de opinion,3785.24
2428,13598,2023-03-07 10:57:00,1,Producto equivocado,1912.34
2429,14334,2023-01-24 13:36:00,2,Producto equivocado,3448.80
2430,16003,2025-11-12 12:30:00,2,Producto equivocado,4363.80
2431,19120,2026-07-16 12:35:00,3,Cambio de opinion,1295.56
2432,12979,2026-02-20 20:49:00,3,Cambio de opinion,5760.21
2433,12987,2026-01-07 21:19:00,2,Producto equivocado,4189.24
2434,16137,2025-10-15 13:06:00,3,Talla o presentacion,5323.20
2435,10650,2023-02-14 14:01:00,1,Producto equivocado,1762.50
2436,10087,2024-01-06 09:22:00,1,Producto equivocado,2203.72
2437,24779,2024-04-15 02:41:00,2,Cambio de opinion,3736.20
2438,20391,2025-05-28 09:41:00,3,Cambio de opinion,4868.11
2439,22078,2023-06-24 21:36:00,1,Danado en transporte,465.07
2440,22395,2023-02-05 15:47:00,2,Cambio de opinion,3474.06
2441,22398,2023-02-01 15:48:00,2,Producto defectuoso,939.62
2442,24328,2024-07-22 11:12:00,3,Producto defectuoso,5223.09
2443,25848,2026-03-21 21:16:00,3,Danado en transporte,1155.51
2444,26516,2023-08-19 18:54:00,3,Cambio de opinion,972.47
2445,21011,2024-12-23 03:59:00,1,Danado en transporte,1724.13
2446,25323,2024-08-07 18:58:00,1,Producto defectuoso,377.55
2447,26836,2024-02-04 22:40:00,3,Danado en transporte,1132.65
2448,29768,2025-10-17 15:59:00,3,Talla o presentacion,6611.16
2449,30220,2026-08-16 08:41:00,1,Danado en transporte,1498.76
2450,31801,2026-04-27 14:13:00,2,Producto equivocado,4020.24
2451,46842,2024-12-28 18:38:00,3,Talla o presentacion,4969.53
2452,50112,2024-02-27 21:41:00,3,Danado en transporte,5210.26
2453,57499,2024-03-23 14:50:00,2,Talla o presentacion,4407.44
2454,48132,2023-05-06 02:25:00,3,Talla o presentacion,1273.02
2455,57553,2023-06-13 20:38:00,2,Producto defectuoso,757.41
2456,55303,2023-08-06 20:45:00,2,Producto defectuoso,905.40
2457,59744,2025-12-14 01:32:00,1,Danado en transporte,2065.68
2458,61504,2026-04-06 06:13:00,1,Producto defectuoso,2225.54
2459,60300,2025-07-15 12:35:00,1,Producto defectuoso,1743.08
2460,63492,2025-05-14 02:10:00,1,Danado en transporte,446.08
2461,61954,2023-02-08 13:21:00,1,Producto equivocado,2181.90
2462,60694,2023-10-02 13:03:00,1,Cambio de opinion,2269.18
2463,62368,2025-09-11 05:55:00,1,Producto defectuoso,1857.03
2464,63300,2025-03-30 22:23:00,1,Producto equivocado,422.23
2465,66413,2024-09-11 06:20:00,1,Cambio de opinion,1741.03
2466,68023,2024-03-13 15:30:00,1,Danado en transporte,1639.61
2467,67032,2026-02-25 09:20:00,1,Producto equivocado,2030.62
2468,65819,2023-07-12 21:17:00,1,Producto defectuoso,1656.51
2469,67425,2024-02-28 21:41:00,1,Talla o presentacion,1715.19
2470,67800,2025-04-21 18:22:00,1,Talla o presentacion,2225.54
2471,243,2023-10-14 01:46:00,1,Talla o presentacion,509.45
2472,781,2025-02-11 14:43:00,1,Talla o presentacion,425.37
2473,3805,2024-10-07 04:41:00,4,Producto equivocado,8309.80
2474,814,2023-12-27 07:54:00,1,Producto defectuoso,1593.97
2475,3104,2025-03-01 19:19:00,1,Producto equivocado,2122.64
2476,9468,2026-03-25 15:35:00,1,Talla o presentacion,493.84
2477,9469,2026-03-23 15:34:00,4,Cambio de opinion,1929.72
2478,14583,2023-05-28 21:50:00,2,Danado en transporte,4332.82
2479,11910,2023-02-11 17:08:00,1,Producto defectuoso,2063.48
2480,18195,2023-11-21 12:52:00,3,Danado en transporte,4924.08
2481,18310,2023-02-18 17:37:00,1,Producto defectuoso,1947.58
2482,10598,2024-04-19 21:15:00,3,Producto defectuoso,1506.39
2483,18630,2025-05-21 09:33:00,1,Cambio de opinion,1757.02
2484,9595,2026-02-23 14:50:00,4,Talla o presentacion,1831.29
2485,23399,2023-07-17 21:21:00,2,Producto defectuoso,4512.64
2486,22975,2025-01-04 21:56:00,3,Danado en transporte,1394.49
2487,26123,2025-12-13 10:45:00,3,Producto defectuoso,3908.81
2488,27763,2026-03-07 19:30:00,3,Cambio de opinion,6251.73
2489,29256,2023-06-20 14:07:00,3,Talla o presentacion,6499.23
2490,31555,2023-09-19 20:24:00,3,Danado en transporte,4832.80
2491,23710,2025-03-12 02:58:00,3,Producto defectuoso,1353.09
2492,28256,2024-08-22 05:05:00,1,Danado en transporte,1797.88
2493,36782,2023-07-16 06:26:00,3,Producto defectuoso,1439.31
2494,32805,2026-08-17 12:07:00,2,Cambio de opinion,632.73
2495,39408,2023-03-01 16:46:00,1,Danado en transporte,1866.79
2496,38013,2024-06-03 06:53:00,4,Producto equivocado,1998.24
2497,38726,2025-06-08 13:18:00,3,Danado en transporte,4864.99
2498,44590,2023-08-10 14:40:00,1,Danado en transporte,1533.69
2499,39536,2024-02-17 15:12:00,3,Producto equivocado,5841.29
2500,49785,2023-08-27 06:37:00,2,Talla o presentacion,3460.40
2501,49149,2025-08-11 10:38:00,2,Danado en transporte,3458.86
2502,49202,2025-12-09 02:41:00,3,Producto equivocado,6196.14
2503,46788,2024-04-22 08:13:00,1,Producto defectuoso,1931.32
2504,51883,2023-07-14 09:04:00,4,Cambio de opinion,7467.16
2505,52492,2025-02-21 22:08:00,3,Danado en transporte,5432.42
2506,54174,2023-04-23 19:52:00,2,Producto defectuoso,3181.19
2507,58091,2025-07-28 17:11:00,2,Talla o presentacion,4512.64
2508,61058,2025-02-20 06:28:00,1,Cambio de opinion,2210.17
2509,56672,2026-09-03 00:03:00,1,Danado en transporte,1592.57
2510,66167,2026-05-31 05:50:00,1,Producto defectuoso,2233.76
2511,71132,2025-06-24 09:07:00,1,Cambio de opinion,1965.12
2512,75441,2023-12-14 16:49:00,2,Producto equivocado,746.88
2513,75513,2024-09-11 05:49:00,2,Producto equivocado,2964.14
2514,72904,2024-04-20 21:16:00,1,Producto defectuoso,1627.89
2515,75892,2024-08-01 13:01:00,1,Talla o presentacion,2046.04
2516,76444,2026-03-11 09:52:00,1,Producto equivocado,1904.51
2517,12919,2023-10-03 05:16:00,3,Producto equivocado,7026.72
2518,670,2026-03-13 15:22:00,1,Talla o presentacion,2356.61
2519,5107,2025-01-20 12:20:00,2,Cambio de opinion,3359.70
2520,8325,2025-04-07 21:58:00,4,Producto equivocado,9567.64
2521,13071,2026-06-06 18:59:00,2,Producto equivocado,3663.01
2522,15277,2024-10-06 01:39:00,1,Producto equivocado,2391.91
2523,9597,2026-02-19 14:48:00,2,Producto equivocado,3289.69
2524,3997,2025-10-09 15:55:00,2,Cambio de opinion,4598.04
2525,4315,2025-01-06 00:25:00,4,Cambio de opinion,9474.72
2526,12262,2025-05-07 15:31:00,1,Producto defectuoso,1791.38
2527,13788,2025-10-29 04:50:00,1,Talla o presentacion,466.52
2528,2867,2026-06-30 09:11:00,2,Producto equivocado,4644.48
2529,4457,2024-09-10 06:01:00,2,Producto equivocado,3114.71
2530,10925,2026-05-30 13:06:00,1,Producto equivocado,416.49
2531,10973,2023-01-28 05:36:00,2,Producto defectuoso,1023.68
2532,27060,2024-09-22 06:21:00,2,Danado en transporte,4324.12
2533,27252,2024-05-18 04:04:00,1,Talla o presentacion,2183.70
2534,19891,2025-04-27 14:20:00,2,Producto equivocado,4324.12
2535,22773,2023-06-06 01:57:00,1,Producto defectuoso,398.38
2536,29708,2026-04-23 12:47:00,3,Cambio de opinion,6621.33
2537,29064,2024-12-28 14:20:00,1,Danado en transporte,2345.46
2538,30306,2026-07-20 16:44:00,3,Talla o presentacion,1330.95
2539,33412,2025-04-05 09:27:00,1,Danado en transporte,1239.78
2540,38010,2024-07-03 06:26:00,1,Talla o presentacion,1787.76
2541,2653,2025-01-19 11:36:00,2,Talla o presentacion,3525.00
2542,5360,2023-03-05 07:16:00,1,Cambio de opinion,2160.08
2543,6819,2024-01-30 18:31:00,4,Danado en transporte,7649.36
2544,861,2024-06-28 10:59:00,1,Danado en transporte,1976.94
2545,2510,2023-07-28 20:37:00,1,Producto defectuoso,444.00
2546,9177,2025-08-02 05:08:00,2,Talla o presentacion,939.62
2547,11024,2025-07-03 12:51:00,3,Producto equivocado,5884.06
2548,12521,2025-03-10 06:43:00,1,Danado en transporte,1798.12
2549,14131,2026-02-10 20:46:00,2,Producto equivocado,3545.68
2550,16323,2026-06-06 07:11:00,3,Cambio de opinion,5825.68
2551,12018,2024-03-26 14:28:00,3,Cambio de opinion,5806.04
2552,18646,2025-05-29 09:39:00,1,Talla o presentacion,1701.21
2553,11986,2023-09-12 17:54:00,1,Cambio de opinion,1912.34
2554,19892,2025-04-23 14:23:00,3,Cambio de opinion,5884.06
2555,20275,2025-01-01 10:29:00,3,Cambio de opinion,1380.97
2556,28255,2024-08-10 05:18:00,3,Talla o presentacion,1352.50
2557,22321,2023-05-06 20:17:00,1,Cambio de opinion,366.11
2558,19572,2025-09-29 21:21:00,3,Producto defectuoso,5946.67
2559,24570,2025-07-08 13:22:00,2,Producto equivocado,3410.98
2560,26181,2025-09-27 17:39:00,1,Danado en transporte,399.68
2561,27701,2025-03-02 07:29:00,1,Danado en transporte,1796.25
2562,20214,2024-09-28 05:52:00,2,Producto defectuoso,3700.28
2563,23339,2024-05-02 14:21:00,2,Danado en transporte,3279.22
2564,21468,2026-06-25 13:21:00,2,Producto equivocado,4451.08
2565,24459,2026-03-31 08:51:00,1,Producto equivocado,1850.14
2566,27838,2024-11-06 03:43:00,1,Producto defectuoso,1774.40
2567,29448,2023-08-26 06:55:00,2,Cambio de opinion,3709.23
2568,29501,2024-03-23 03:44:00,2,Talla o presentacion,896.70
2569,40036,2023-05-01 19:17:00,3,Cambio de opinion,4150.80
2570,40037,2023-04-29 19:16:00,4,Talla o presentacion,5108.64
2571,45270,2024-12-23 10:05:00,1,Cambio de opinion,1993.32
2572,45273,2025-01-21 09:53:00,4,Producto defectuoso,5215.08
2573,53432,2024-06-30 20:05:00,3,Cambio de opinion,5908.53
2574,52043,2024-07-20 11:24:00,4,Danado en transporte,8210.08
2575,57238,2025-09-23 16:26:00,1,Talla o presentacion,387.81
2576,54439,2024-06-25 23:08:00,2,Producto equivocado,4538.36
2577,57815,2024-10-01 16:09:00,2,Cambio de opinion,3339.38
2578,55308,2023-08-10 20:58:00,1,Danado en transporte,1515.76
2579,55433,2024-09-22 09:29:00,2,Producto defectuoso,3449.46
2580,61112,2024-06-13 01:58:00,1,Danado en transporte,1567.67
2581,62887,2023-09-28 01:38:00,1,Danado en transporte,422.23
2582,64555,2023-04-29 14:11:00,1,Producto equivocado,1705.49
2583,64992,2026-06-04 20:02:00,1,Danado en transporte,408.12
2584,65612,2026-02-21 19:00:00,1,Producto equivocado,1603.88
2585,66367,2025-06-06 01:56:00,1,Talla o presentacion,1580.70
2586,59033,2025-01-09 23:27:00,2,Talla o presentacion,3700.28
2587,65815,2023-08-02 21:00:00,1,Producto equivocado,1772.84
2588,69037,2024-10-17 18:11:00,1,Cambio de opinion,426.58
2589,74515,2024-12-22 22:43:00,2,Talla o presentacion,3110.19
2590,72716,2026-02-25 02:51:00,1,Producto defectuoso,2070.08
2591,69860,2024-06-01 20:07:00,1,Producto equivocado,1577.94
2592,70079,2023-09-24 06:11:00,2,Cambio de opinion,4047.90
2593,67295,2025-04-22 02:56:00,1,Cambio de opinion,1935.34
2594,68865,2026-06-12 14:05:00,1,Producto equivocado,1794.04
2595,75194,2023-08-06 20:49:00,1,Talla o presentacion,1766.47
2596,2092,2023-08-21 19:48:00,3,Danado en transporte,5482.87
2597,3804,2024-10-09 04:42:00,1,Cambio de opinion,1981.76
2598,17909,2025-10-24 11:10:00,2,Talla o presentacion,939.28
2599,17510,2024-12-18 18:10:00,2,Producto defectuoso,911.26
2600,12019,2024-03-20 14:53:00,1,Talla o presentacion,1946.48
2601,31032,2024-08-07 15:24:00,2,Talla o presentacion,3846.72
2602,32602,2024-11-06 01:14:00,2,Cambio de opinion,4375.50
2603,33614,2026-08-06 23:40:00,3,Talla o presentacion,4268.68
2604,35225,2025-12-02 23:20:00,2,Producto equivocado,2572.03
2605,35412,2025-10-16 18:44:00,3,Producto equivocado,1204.71
2606,32678,2023-03-30 23:17:00,2,Danado en transporte,1028.78
2607,37403,2025-10-09 04:19:00,2,Talla o presentacion,4118.42
2608,34414,2023-08-01 23:37:00,2,Talla o presentacion,3519.60
2609,37478,2026-03-26 15:32:00,1,Danado en transporte,2014.27
2610,36539,2025-06-03 22:43:00,3,Talla o presentacion,5036.29
2611,40807,2025-09-01 17:40:00,4,Cambio de opinion,7438.35
2612,39855,2025-10-24 10:19:00,2,Cambio de opinion,3909.63
2613,39985,2024-07-27 02:49:00,2,Producto equivocado,1018.90
2614,44911,2024-12-06 22:59:00,2,Talla o presentacion,754.20
2615,45853,2023-12-06 06:12:00,4,Cambio de opinion,5414.78
2616,40486,2024-09-16 17:39:00,3,Talla o presentacion,5188.89
2617,40600,2023-10-21 23:00:00,1,Talla o presentacion,336.84
2618,42415,2024-09-08 23:48:00,2,Cambio de opinion,3067.39
2619,44082,2023-10-26 11:32:00,3,Talla o presentacion,5127.12
2620,45593,2026-04-07 18:10:00,4,Producto equivocado,1461.32
2621,49464,2026-03-27 09:00:00,1,Producto equivocado,1874.52
2622,46534,2026-08-06 22:39:00,1,Talla o presentacion,415.47
2623,47344,2023-12-20 00:32:00,1,Producto defectuoso,2166.41
2624,47592,2025-12-07 04:44:00,3,Cambio de opinion,5066.21
2625,49262,2024-09-01 10:29:00,3,Cambio de opinion,4895.70
2626,51562,2025-06-10 02:10:00,3,Danado en transporte,4808.41
2627,51897,2025-11-23 03:01:00,4,Producto equivocado,5685.50
2628,57160,2024-08-31 06:17:00,1,Cambio de opinion,1860.05
2629,53826,2025-11-28 19:40:00,3,Producto defectuoso,4632.05
2630,55870,2023-04-07 23:33:00,1,Cambio de opinion,469.64
2631,57364,2025-05-30 02:12:00,1,Talla o presentacion,367.43
2632,53374,2023-11-06 11:46:00,1,Producto defectuoso,1969.19
2633,53695,2025-04-20 19:14:00,2,Talla o presentacion,746.88
2634,61621,2026-03-28 14:22:00,1,Cambio de opinion,507.05
2635,57946,2026-04-22 15:40:00,1,Cambio de opinion,446.42
2636,55756,2025-08-04 05:41:00,1,Talla o presentacion,489.00
2637,62420,2024-02-29 05:34:00,1,Producto equivocado,384.72
2638,62494,2023-12-10 06:55:00,1,Producto equivocado,1872.75
2639,66998,2023-10-28 01:38:00,1,Producto equivocado,1961.33
2640,70583,2025-02-09 11:49:00,1,Producto defectuoso,1759.80
2641,65933,2023-06-20 19:26:00,1,Talla o presentacion,2025.12
2642,66730,2023-11-24 10:52:00,1,Producto defectuoso,1912.38
2643,66731,2023-12-04 10:41:00,1,Producto equivocado,1287.38
2644,68356,2025-01-11 20:48:00,1,Talla o presentacion,2188.63
2645,71393,2023-03-02 07:16:00,1,Cambio de opinion,499.56
2646,76066,2023-09-25 18:25:00,1,Danado en transporte,1742.88
2647,1772,2026-07-20 11:31:00,3,Talla o presentacion,1441.14
2648,8535,2023-02-13 09:16:00,4,Talla o presentacion,7252.28
2649,6660,2025-11-28 23:15:00,1,Producto equivocado,1787.76
2650,6737,2023-09-28 16:25:00,2,Producto equivocado,4690.92
2651,1029,2024-01-04 20:11:00,4,Danado en transporte,9196.08
2652,1097,2024-06-06 22:43:00,2,Producto equivocado,4180.02
2653,3727,2025-11-27 07:54:00,2,Danado en transporte,3140.17
2654,8409,2024-05-11 21:33:00,4,Cambio de opinion,7476.56
2655,15019,2025-03-30 04:28:00,2,Danado en transporte,1023.68
2656,1290,2025-06-03 20:22:00,1,Producto defectuoso,420.33
2657,2935,2023-04-08 11:37:00,4,Danado en transporte,7069.36
2658,24253,2025-01-30 07:57:00,1,Talla o presentacion,2342.24
2659,20784,2023-01-26 22:08:00,3,Danado en transporte,6966.72
2660,23014,2023-11-15 04:53:00,2,Talla o presentacion,942.28
2661,23015,2023-11-15 04:52:00,3,Danado en transporte,5475.03
2662,24586,2026-01-30 09:50:00,2,Cambio de opinion,3534.68
2663,23208,2024-03-14 09:24:00,3,Danado en transporte,6279.45
2664,26966,2025-06-21 01:55:00,1,Talla o presentacion,1887.83
2665,17264,2023-02-18 11:42:00,2,Danado en transporte,3044.71
2666,26760,2025-05-19 14:44:00,1,Producto defectuoso,2297.19
2667,26700,2026-05-01 06:20:00,1,Danado en transporte,2299.02
2668,29763,2025-11-24 15:30:00,2,Danado en transporte,4425.06
2669,29821,2024-08-29 22:56:00,2,Producto defectuoso,704.70
2670,19760,2026-02-25 09:17:00,1,Producto defectuoso,333.61
2671,22962,2025-01-24 21:39:00,3,Producto equivocado,6579.87
2672,38216,2025-05-09 07:40:00,3,Producto equivocado,6571.86
2673,46277,2023-02-22 17:40:00,4,Producto equivocado,1981.24
2674,44926,2024-11-01 23:29:00,3,Talla o presentacion,1141.02
2675,48772,2025-02-06 09:53:00,3,Producto equivocado,1401.09
2676,35341,2024-02-26 19:02:00,2,Producto equivocado,814.96
2677,49787,2023-08-24 06:38:00,4,Producto defectuoso,7326.05
2678,34159,2026-04-08 03:56:00,1,Cambio de opinion,442.16
2679,54683,2024-01-11 11:56:00,2,Danado en transporte,771.98
2680,50430,2024-11-30 14:57:00,1,Danado en transporte,1664.88
2681,56992,2026-03-17 03:47:00,1,Producto defectuoso,363.51
2682,68095,2025-11-30 03:08:00,1,Cambio de opinion,357.96
2683,75572,2026-04-22 18:09:00,1,Producto equivocado,471.03
2684,71078,2025-01-26 00:36:00,1,Producto defectuoso,415.17
2685,72893,2023-11-03 18:30:00,2,Talla o presentacion,760.68
2686,73017,2025-05-04 13:52:00,2,Producto defectuoso,723.38
2687,14406,2026-02-04 17:06:00,1,Cambio de opinion,492.88
2688,16076,2026-04-17 09:55:00,2,Producto defectuoso,3391.20
2689,13970,2024-01-18 05:19:00,3,Talla o presentacion,5375.85
2690,6723,2024-09-24 22:43:00,2,Producto defectuoso,3340.34
2691,8253,2024-11-22 19:36:00,2,Cambio de opinion,3340.34
2692,13477,2023-05-27 21:34:00,3,Cambio de opinion,1213.28
2693,21463,2025-10-14 17:24:00,1,Cambio de opinion,1801.58
2694,4375,2025-04-26 09:47:00,4,Talla o presentacion,1956.32
2695,12215,2023-11-15 10:28:00,1,Cambio de opinion,1687.57
2696,29004,2026-03-17 06:52:00,1,Talla o presentacion,1704.96
2697,31108,2025-05-21 08:27:00,2,Producto equivocado,894.92
2698,32600,2024-11-10 01:16:00,3,Producto defectuoso,1319.34
2699,23596,2025-09-19 06:04:00,3,Producto defectuoso,5245.77
2700,23013,2023-11-23 04:50:00,2,Talla o presentacion,940.54
2701,35660,2024-05-24 10:20:00,1,Cambio de opinion,370.02
2702,36024,2023-05-20 07:52:00,3,Producto defectuoso,1237.35
2703,40675,2023-06-23 21:05:00,2,Danado en transporte,851.90
2704,36665,2023-09-09 05:32:00,2,Danado en transporte,877.72
2705,45028,2024-05-31 03:44:00,1,Producto equivocado,475.94
2706,41934,2025-02-21 05:02:00,1,Cambio de opinion,1999.27
2707,58731,2025-12-16 02:03:00,2,Cambio de opinion,690.90
2708,60490,2023-10-23 13:25:00,1,Producto equivocado,1836.90
2709,56298,2025-06-10 14:33:00,1,Producto defectuoso,419.68
2710,57626,2023-09-16 21:39:00,1,Producto equivocado,459.93
2711,71902,2026-04-09 21:39:00,1,Producto equivocado,413.04
2712,67861,2025-03-11 21:03:00,1,Producto defectuoso,1774.56
2713,73908,2024-09-19 23:26:00,1,Talla o presentacion,1926.89
2714,69745,2025-04-04 15:33:00,1,Producto equivocado,1757.16
2715,74516,2025-08-08 18:53:00,1,Danado en transporte,457.55
2716,69997,2025-01-09 08:27:00,2,Producto equivocado,872.26
2717,65161,2023-05-22 08:19:00,1,Cambio de opinion,1739.76
2718,1779,2026-06-26 11:18:00,4,Cambio de opinion,7974.80
2719,3440,2023-05-14 00:06:00,1,Talla o presentacion,1956.05
2720,3448,2023-05-08 23:52:00,1,Producto equivocado,1704.00
2721,3726,2025-11-29 07:55:00,3,Producto defectuoso,4654.97
2722,4668,2026-07-06 23:01:00,1,Producto equivocado,2269.56
2723,11219,2025-01-23 05:50:00,2,Talla o presentacion,3712.64
2724,8812,2025-05-24 21:17:00,3,Talla o presentacion,5827.41
2725,12200,2023-11-19 10:09:00,2,Cambio de opinion,981.08
2726,9258,2024-10-30 12:51:00,1,Cambio de opinion,2090.38
2727,12842,2024-05-24 01:21:00,2,Cambio de opinion,4152.45
2728,14394,2026-02-12 16:48:00,2,Cambio de opinion,3072.85
2729,10085,2024-01-10 09:20:00,2,Danado en transporte,719.74
2730,8940,2023-08-29 07:49:00,1,Producto equivocado,1687.40
2731,10461,2024-06-14 22:16:00,2,Producto defectuoso,3305.76
2732,9405,2026-05-10 07:50:00,4,Producto defectuoso,8162.24
2733,15848,2023-11-23 10:54:00,2,Talla o presentacion,3924.18
2734,17586,2024-04-24 22:06:00,2,Cambio de opinion,928.34
2735,20712,2023-06-05 07:56:00,1,Producto equivocado,1702.35
2736,20788,2023-01-18 22:12:00,1,Talla o presentacion,1922.85
2737,15015,2024-08-16 08:18:00,1,Producto defectuoso,300.51
2738,18196,2023-10-26 13:17:00,1,Producto defectuoso,2111.49
2739,16968,2025-06-22 20:51:00,2,Danado en transporte,4187.64
2740,17077,2026-05-16 12:14:00,2,Producto defectuoso,3755.12
2741,22452,2026-02-28 19:10:00,2,Talla o presentacion,4001.98
2742,20520,2025-07-31 00:52:00,2,Cambio de opinion,4026.12
2743,22207,2024-01-19 15:57:00,3,Danado en transporte,5017.57
2744,25383,2026-07-03 01:07:00,1,Producto equivocado,1738.08
2745,26069,2025-11-07 15:17:00,2,Talla o presentacion,4081.84
2746,27647,2025-08-15 04:45:00,3,Cambio de opinion,1094.75
2747,29120,2025-06-28 11:14:00,1,Talla o presentacion,1877.56
2748,27967,2024-09-19 04:28:00,1,Talla o presentacion,422.97
2749,23336,2024-06-01 13:54:00,2,Producto equivocado,3531.76
2750,29647,2025-11-30 15:24:00,2,Danado en transporte,971.56
2751,30425,2023-02-13 18:44:00,2,Producto equivocado,3518.20
2752,38783,2024-11-17 16:32:00,4,Talla o presentacion,7542.24
2753,29820,2024-08-29 22:57:00,1,Danado en transporte,1707.40
2754,34531,2026-03-26 19:31:00,3,Danado en transporte,4753.74
2755,44218,2024-07-09 21:24:00,1,Danado en transporte,363.24
2756,45402,2024-09-30 11:31:00,3,Producto defectuoso,4852.77
2757,47729,2023-06-23 19:17:00,2,Danado en transporte,4321.98
2758,52680,2024-10-24 18:07:00,1,Danado en transporte,1884.62
2759,41939,2026-05-30 01:37:00,2,Cambio de opinion,962.02
2760,45082,2023-02-02 11:42:00,3,Cambio de opinion,6503.28
2761,49144,2025-09-13 10:10:00,1,Danado en transporte,393.77
2762,52361,2023-06-02 10:36:00,2,Talla o presentacion,726.48
2763,43343,2025-09-01 18:12:00,4,Producto equivocado,1562.09
2764,45022,2023-09-22 07:46:00,3,Producto equivocado,1485.90
2765,51313,2025-04-29 14:57:00,4,Cambio de opinion,9178.60
2766,54434,2024-07-15 23:23:00,1,Producto equivocado,2061.33
2767,53636,2026-07-11 11:42:00,3,Talla o presentacion,5120.19
2768,53824,2025-03-28 15:33:00,1,Talla o presentacion,1776.39
2769,57481,2025-04-15 21:30:00,2,Producto defectuoso,862.54
2770,56353,2026-03-17 07:34:00,2,Talla o presentacion,690.06
2771,60374,2025-04-29 13:52:00,1,Producto defectuoso,1853.67
2772,55942,2023-06-21 15:02:00,1,Cambio de opinion,1743.58
2773,59222,2026-06-03 10:04:00,1,Danado en transporte,1775.60
2774,58294,2024-11-26 23:07:00,1,Talla o presentacion,1437.54
2775,63308,2025-11-19 14:59:00,1,Talla o presentacion,2071.87
2776,60943,2025-11-16 12:17:00,1,Producto equivocado,1916.27
2777,65116,2024-01-08 04:19:00,1,Producto equivocado,1942.47
2778,65308,2024-12-03 04:28:00,1,Producto defectuoso,1415.59
2779,70641,2026-07-13 09:30:00,1,Producto equivocado,461.96
2780,73831,2024-03-18 05:03:00,2,Danado en transporte,4085.38
2781,76125,2026-05-11 06:09:00,2,Producto defectuoso,4455.64
2782,71581,2025-10-22 07:08:00,1,Cambio de opinion,2138.71
2783,75007,2024-04-23 08:01:00,2,Producto equivocado,4002.00
2784,5030,2025-08-14 15:55:00,1,Talla o presentacion,374.35
2785,8172,2026-01-08 21:22:00,3,Talla o presentacion,1318.92
2786,8537,2023-02-09 09:18:00,2,Producto equivocado,3864.10
2787,1642,2024-07-04 03:20:00,3,Producto equivocado,1305.87
2788,1719,2024-04-06 19:55:00,4,Producto equivocado,7964.76
2789,3247,2025-08-31 06:17:00,2,Danado en transporte,3066.45
2790,9582,2025-06-20 10:59:00,3,Producto equivocado,5669.58
2791,6800,2024-02-19 19:02:00,1,Talla o presentacion,383.05
2792,6815,2024-02-07 18:35:00,4,Talla o presentacion,7091.36
2793,4109,2025-01-08 12:05:00,4,Producto equivocado,6948.12
2794,4526,2026-01-14 12:23:00,3,Cambio de opinion,1437.93
2795,38012,2024-06-29 06:28:00,3,Producto defectuoso,5828.07
2796,30353,2023-10-20 23:03:00,4,Producto equivocado,7464.08
2797,30422,2023-02-24 18:48:00,3,Danado en transporte,5878.13
2798,37156,2026-04-16 09:32:00,2,Producto defectuoso,831.60
2799,33092,2025-09-18 15:41:00,1,Producto equivocado,446.11
2800,34608,2025-01-01 23:39:00,3,Danado en transporte,6045.51
2801,42544,2025-02-15 03:32:00,1,Producto defectuoso,1601.54
2802,42357,2024-04-04 02:11:00,4,Producto equivocado,7225.55
2803,44026,2024-05-09 08:04:00,3,Producto defectuoso,5929.23
2804,55628,2024-08-30 16:12:00,1,Producto equivocado,1865.69
2805,51563,2025-06-06 02:13:00,4,Producto defectuoso,6820.56
2806,53186,2025-07-13 10:57:00,3,Producto defectuoso,5547.87
2807,42799,2025-10-29 13:02:00,2,Talla o presentacion,3560.31
2808,46275,2023-02-26 17:38:00,2,Danado en transporte,4479.90
2809,59933,2023-06-03 10:14:00,1,Producto equivocado,400.87
2810,45156,2026-02-07 15:28:00,3,Talla o presentacion,5419.16
2811,59863,2024-06-11 06:53:00,1,Talla o presentacion,496.93
2812,59169,2023-06-12 14:03:00,2,Cambio de opinion,769.59
2813,60118,2023-02-10 14:01:00,1,Producto defectuoso,2077.70
2814,60171,2023-09-11 01:40:00,1,Producto defectuoso,2252.57
2815,61696,2026-06-19 01:07:00,1,Talla o presentacion,2139.54
2816,68096,2025-12-10 02:57:00,1,Talla o presentacion,1610.11
2817,64946,2024-03-05 21:17:00,1,Cambio de opinion,417.23
2818,60621,2024-01-19 17:51:00,1,Talla o presentacion,516.81
2819,63179,2026-06-19 07:48:00,1,Talla o presentacion,376.32
2820,69413,2026-06-11 19:46:00,1,Talla o presentacion,388.60
2821,70963,2024-05-02 20:06:00,1,Danado en transporte,1834.09
2822,75839,2024-02-15 21:54:00,2,Talla o presentacion,3885.38
2823,76242,2024-11-25 00:49:00,1,Cambio de opinion,1806.38
2824,2106,2023-07-22 19:22:00,3,Producto defectuoso,1345.29
2825,11142,2025-06-01 13:21:00,2,Talla o presentacion,2968.60
2826,3921,2024-05-05 20:19:00,4,Cambio de opinion,9397.36
2827,13404,2026-04-27 05:40:00,2,Cambio de opinion,836.04
2828,10599,2024-04-17 21:14:00,1,Producto equivocado,1939.46
2829,1514,2025-05-04 08:22:00,1,Talla o presentacion,452.83
2830,12580,2023-12-24 23:16:00,3,Danado en transporte,1233.27
2831,17451,2024-06-29 20:53:00,3,Danado en transporte,5823.87
2832,16907,2025-12-31 17:36:00,1,Cambio de opinion,2088.35
2833,23582,2025-02-21 09:38:00,2,Producto equivocado,3726.26
2834,25062,2024-05-25 14:22:00,2,Danado en transporte,920.38
2835,30236,2023-01-30 09:16:00,3,Producto defectuoso,5766.78
2836,24571,2025-07-04 13:25:00,3,Cambio de opinion,1495.59
2837,30424,2023-02-15 18:45:00,1,Producto defectuoso,411.48
2838,35419,2025-10-08 19:01:00,3,Cambio de opinion,1234.83
2839,35546,2026-04-19 21:41:00,1,Talla o presentacion,427.81
2840,33167,2026-05-28 19:50:00,3,Talla o presentacion,1113.39
2841,39214,2024-02-17 17:07:00,1,Talla o presentacion,2072.35
2842,38071,2024-09-12 17:55:00,2,Producto defectuoso,780.87
2843,42021,2025-09-02 05:55:00,2,Danado en transporte,715.76
2844,37476,2026-03-30 15:34:00,2,Cambio de opinion,3954.52
2845,39141,2024-10-28 13:04:00,2,Cambio de opinion,690.72
2846,42532,2025-03-08 03:13:00,3,Talla o presentacion,5837.79
2847,44140,2026-01-28 19:40:00,1,Talla o presentacion,477.96
2848,45532,2023-03-26 14:52:00,3,Danado en transporte,4483.68
2849,49147,2025-08-15 10:36:00,4,Cambio de opinion,1401.86
2850,46393,2024-11-21 05:05:00,4,Producto equivocado,1714.28
2851,48582,2024-04-29 14:39:00,3,Danado en transporte,1180.23
2852,48452,2024-03-15 09:17:00,3,Producto defectuoso,5840.01
2853,56947,2023-11-23 11:34:00,2,Danado en transporte,918.98
2854,63697,2023-02-06 15:41:00,1,Producto equivocado,1731.94
2855,57931,2025-10-08 19:01:00,2,Cambio de opinion,896.12
2856,59556,2026-02-06 14:34:00,1,Danado en transporte,422.24
2857,64299,2023-09-05 08:04:00,1,Producto defectuoso,371.57
2858,67863,2025-03-24 20:48:00,1,Cambio de opinion,1865.17
2859,63435,2026-01-18 21:50:00,1,Producto defectuoso,1944.60
2860,63756,2025-09-15 11:40:00,1,Cambio de opinion,441.07
2861,73588,2023-04-23 15:48:00,1,Producto defectuoso,341.80
2862,72455,2024-10-09 00:53:00,1,Danado en transporte,472.19
2863,67429,2024-02-11 21:54:00,1,Cambio de opinion,1827.10
2864,70718,2025-02-17 19:07:00,1,Producto defectuoso,1307.74
2865,69472,2026-06-05 18:09:00,1,Talla o presentacion,1734.88
2866,71337,2023-10-17 04:39:00,1,Danado en transporte,468.77
2867,73061,2023-11-02 13:06:00,2,Producto defectuoso,4656.96
2868,74950,2026-07-03 23:17:00,1,Danado en transporte,409.30
2869,76576,2024-01-26 18:11:00,1,Cambio de opinion,398.74
2870,8884,2024-10-24 00:47:00,1,Producto equivocado,2264.50
2871,5032,2025-08-10 15:53:00,3,Producto equivocado,5865.98
2872,6594,2025-06-23 20:41:00,1,Cambio de opinion,449.05
2873,8601,2023-07-17 06:26:00,4,Cambio de opinion,1431.36
2874,6178,2024-03-20 14:50:00,1,Producto defectuoso,2242.72
2875,6313,2023-12-11 23:39:00,2,Producto equivocado,558.23
2876,11089,2025-11-14 10:36:00,2,Cambio de opinion,929.51
2877,11157,2025-05-08 13:40:00,1,Talla o presentacion,426.44
2878,12789,2025-07-16 18:20:00,3,Producto defectuoso,4516.02
2879,16138,2025-10-11 13:09:00,1,Danado en transporte,347.10
2880,13332,2024-01-01 21:54:00,1,Cambio de opinion,372.15
2881,11987,2023-09-08 17:57:00,2,Talla o presentacion,3666.42
2882,10857,2023-05-15 09:40:00,2,Producto defectuoso,887.00
2883,14015,2023-04-24 15:46:00,2,Producto equivocado,715.68
2884,15770,2024-12-07 10:12:00,1,Cambio de opinion,354.26
2885,20406,2026-05-21 20:16:00,1,Danado en transporte,461.88
2886,19069,2026-02-12 15:28:00,2,Talla o presentacion,1001.01
2887,21392,2023-06-12 09:41:00,3,Cambio de opinion,5462.25
2888,24904,2023-10-07 17:50:00,3,Talla o presentacion,1242.54
2889,28690,2024-07-16 01:38:00,2,Danado en transporte,730.00
2890,30488,2026-02-01 14:44:00,1,Producto defectuoso,2157.60
2891,35864,2023-09-02 22:03:00,2,Talla o presentacion,804.87
2892,39537,2024-02-13 15:15:00,4,Cambio de opinion,1710.62
2893,37082,2023-05-24 13:41:00,1,Danado en transporte,2147.07
2894,40152,2024-07-09 00:35:00,3,Cambio de opinion,1474.20
2895,37271,2025-01-07 14:01:00,3,Producto defectuoso,4381.89
2896,38200,2025-06-16 08:12:00,1,Producto defectuoso,1830.27
2897,41359,2023-01-30 13:21:00,2,Producto defectuoso,4411.98
2898,42850,2023-09-18 01:39:00,1,Talla o presentacion,2090.96
2899,39911,2025-03-26 06:51:00,2,Producto equivocado,4167.84
2900,39970,2023-12-19 23:03:00,1,Producto equivocado,462.49
2901,45592,2026-04-07 18:11:00,3,Producto defectuoso,5648.13
2902,43418,2024-12-16 22:38:00,1,Danado en transporte,449.23
2903,48848,2025-04-03 02:36:00,1,Producto defectuoso,1690.20
2904,50433,2024-11-23 15:01:00,4,Cambio de opinion,7183.36
2905,53446,2023-10-18 06:08:00,3,Producto equivocado,6504.36
2906,54103,2026-06-24 16:23:00,1,Talla o presentacion,454.95
2907,51189,2023-05-17 02:20:00,2,Producto equivocado,3702.40
2908,54291,2025-01-21 14:16:00,2,Cambio de opinion,919.18
2909,49711,2024-05-17 02:13:00,2,Talla o presentacion,3555.76
2910,51241,2023-11-06 23:31:00,2,Cambio de opinion,3873.15
2911,55232,2026-03-11 13:31:00,1,Producto equivocado,2016.42
2912,56748,2026-07-03 23:19:00,1,Cambio de opinion,520.93
2913,52362,2023-05-30 10:38:00,3,Danado en transporte,5999.17
2914,53112,2026-02-27 07:08:00,3,Producto defectuoso,5910.99
2915,57816,2024-09-29 16:08:00,1,Talla o presentacion,1838.96
2916,59294,2025-08-01 05:16:00,1,Cambio de opinion,2086.08
2917,58296,2024-11-20 23:03:00,1,Producto defectuoso,2218.65
2918,59746,2025-12-10 01:30:00,1,Producto equivocado,457.94
2919,59861,2024-07-10 06:26:00,1,Producto equivocado,1550.06
2920,60568,2024-10-29 13:04:00,1,Producto equivocado,343.53
2921,62290,2024-09-21 07:47:00,1,Producto defectuoso,2155.63
2922,1562,2024-02-27 01:12:00,3,Producto equivocado,6743.22
2923,5044,2025-07-25 15:35:00,1,Talla o presentacion,1781.82
2924,6608,2025-05-30 20:21:00,1,Talla o presentacion,1854.25
2925,7178,2024-07-02 10:59:00,1,Danado en transporte,1840.56
2926,1094,2024-05-23 22:46:00,1,Danado en transporte,1811.13
2927,4160,2025-07-11 15:00:00,1,Producto defectuoso,1795.12
2928,5874,2025-01-21 23:55:00,1,Producto equivocado,1860.14
2929,2938,2023-04-02 11:34:00,1,Producto equivocado,1918.88
2930,7877,2024-06-10 14:14:00,2,Producto equivocado,717.75
2931,9408,2026-05-04 07:47:00,1,Cambio de opinion,1742.64
2932,11463,2025-06-06 09:09:00,3,Producto equivocado,6532.98
2933,8598,2023-07-27 06:25:00,1,Producto equivocado,418.04
2934,8055,2025-12-31 23:50:00,4,Talla o presentacion,8634.92
2935,11088,2025-11-14 10:37:00,1,Producto equivocado,365.04
2936,8170,2026-01-12 21:20:00,1,Producto defectuoso,1813.25
2937,11346,2023-04-08 16:45:00,3,Danado en transporte,6283.32
2938,8406,2024-06-10 21:06:00,3,Producto defectuoso,1229.04
2939,11664,2024-01-19 17:40:00,1,Danado en transporte,2276.52
2940,8888,2024-11-01 00:35:00,1,Cambio de opinion,1777.49
2941,14130,2026-02-10 20:47:00,1,Producto defectuoso,430.58
2942,15657,2023-08-13 06:22:00,1,Producto defectuoso,1889.68
2943,14962,2023-02-16 03:13:00,1,Cambio de opinion,1501.37
2944,14963,2023-02-16 03:12:00,2,Talla o presentacion,3524.47
2945,14772,2024-01-01 09:37:00,1,Producto defectuoso,1925.35
2946,21215,2023-11-03 01:32:00,2,Producto defectuoso,833.98
2947,19068,2026-01-23 15:29:00,1,Cambio de opinion,357.74
2948,20330,2024-10-16 17:34:00,2,Producto defectuoso,852.80
2949,22076,2023-06-12 21:50:00,2,Cambio de opinion,3450.42
2950,27441,2026-08-11 12:21:00,3,Danado en transporte,5820.66
2951,23078,2024-03-28 02:39:00,3,Talla o presentacion,1289.46
2952,23086,2023-04-03 08:45:00,2,Cambio de opinion,842.94
2953,24776,2024-04-07 02:52:00,2,Danado en transporte,836.08
2954,26631,2023-12-28 22:39:00,1,Cambio de opinion,459.36
2955,30862,2026-05-25 20:25:00,1,Danado en transporte,1778.83
2956,32486,2023-05-08 08:26:00,3,Producto defectuoso,991.64
2957,30297,2026-06-22 16:25:00,4,Cambio de opinion,7248.40
2958,36590,2023-11-28 00:31:00,1,Producto equivocado,2115.18
2959,28894,2023-08-10 21:02:00,3,Producto defectuoso,6597.66
2960,29503,2024-03-19 03:46:00,1,Producto defectuoso,1849.52
2961,31030,2024-08-18 15:33:00,3,Producto equivocado,5753.76
2962,38918,2024-07-30 08:32:00,1,Talla o presentacion,2059.23
2963,31429,2026-05-08 10:29:00,3,Danado en transporte,5399.01
2964,39652,2023-12-02 10:06:00,3,Cambio de opinion,5237.45
2965,43602,2023-10-28 07:10:00,3,Producto equivocado,6340.07
2966,42867,2023-08-31 02:10:00,4,Producto defectuoso,8177.73
2967,51638,2023-11-08 03:48:00,1,Talla o presentacion,1796.98
2968,51959,2025-04-21 06:43:00,2,Producto defectuoso,4226.71
2969,47856,2026-03-22 18:40:00,3,Producto equivocado,1196.85
2970,54564,2025-06-04 20:27:00,1,Producto defectuoso,368.88
2971,54870,2023-06-28 15:06:00,1,Talla o presentacion,400.95
2972,60562,2024-10-21 13:02:00,1,Producto equivocado,2118.22
2973,54689,2025-06-04 08:54:00,2,Danado en transporte,861.30
2974,55116,2026-06-20 15:07:00,1,Producto defectuoso,2205.48
2975,58234,2023-03-15 19:16:00,1,Cambio de opinion,388.78
2976,61302,2026-08-09 17:50:00,1,Producto equivocado,1547.83
2977,60040,2025-01-10 01:41:00,1,Producto defectuoso,2242.34
2978,62175,2025-01-06 03:31:00,1,Producto defectuoso,2091.42
2979,65174,2025-11-15 15:11:00,1,Producto defectuoso,2112.98
2980,64160,2024-04-24 02:26:00,1,Cambio de opinion,2225.49
2981,67874,2025-02-14 21:25:00,1,Talla o presentacion,1940.49
2982,68542,2026-07-23 23:08:00,1,Cambio de opinion,400.61
2983,73206,2023-08-04 18:29:00,1,Producto equivocado,374.14
2984,69153,2024-05-26 02:26:00,1,Cambio de opinion,1925.20
2985,75382,2023-12-24 04:28:00,1,Danado en transporte,2180.98
2986,75442,2023-12-09 16:53:00,1,Cambio de opinion,1814.73
2987,74183,2025-04-27 21:48:00,2,Talla o presentacion,755.54
2988,2314,2024-05-06 05:30:00,1,Danado en transporte,1864.20
2989,985,2023-09-04 06:01:00,1,Danado en transporte,1501.35
2990,7384,2023-04-07 19:39:00,1,Danado en transporte,1846.28
2991,1577,2024-02-21 00:51:00,2,Producto equivocado,826.34
2992,5939,2025-07-02 02:30:00,4,Talla o presentacion,1537.44
2993,13025,2026-07-22 18:05:00,3,Danado en transporte,1233.69
2994,14847,2024-07-21 18:40:00,2,Talla o presentacion,2795.12
2995,16586,2025-08-21 02:24:00,3,Talla o presentacion,970.10
2996,15975,2024-04-24 07:44:00,3,Danado en transporte,1401.18
2997,15976,2024-04-20 07:47:00,1,Producto defectuoso,1794.30
2998,10729,2023-10-13 01:16:00,1,Cambio de opinion,381.11
2999,17846,2026-08-25 16:21:00,2,Talla o presentacion,654.43
3000,27197,2024-06-16 00:16:00,3,Danado en transporte,6497.61
3001,26514,2023-08-23 18:52:00,1,Producto defectuoso,1630.04
3002,20596,2025-01-10 04:32:00,2,Danado en transporte,3808.32
3003,20840,2025-06-07 05:48:00,2,Danado en transporte,4176.39
3004,33617,2026-07-30 23:36:00,3,Producto equivocado,4951.41
3005,35152,2026-07-22 03:21:00,3,Producto defectuoso,5266.02
3006,31670,2026-06-20 15:01:00,1,Danado en transporte,1783.00
3007,34853,2024-02-24 14:32:00,2,Talla o presentacion,822.21
3008,32921,2025-11-19 11:21:00,2,Cambio de opinion,3545.10
3009,41358,2023-01-17 13:35:00,1,Danado en transporte,409.15
3010,44539,2023-02-19 17:35:00,2,Producto equivocado,2959.98
3011,43357,2026-04-30 14:27:00,4,Producto defectuoso,2052.48
3012,46597,2025-12-29 02:20:00,4,Cambio de opinion,7363.44
3013,41998,2023-02-20 23:14:00,1,Cambio de opinion,1753.62
3014,52506,2024-08-23 05:04:00,3,Danado en transporte,4285.09
3015,54100,2026-06-15 16:11:00,1,Producto defectuoso,402.86
3016,60884,2023-12-28 09:38:00,1,Danado en transporte,1812.61
3017,54945,2026-04-26 10:13:00,2,Producto defectuoso,4146.34
3018,57117,2024-04-19 03:54:00,2,Talla o presentacion,4187.00
3019,61941,2023-03-27 12:37:00,1,Talla o presentacion,408.14
3020,60043,2024-12-26 01:29:00,1,Talla o presentacion,2060.73
3021,69556,2023-01-19 10:36:00,1,Producto defectuoso,415.22
3022,63949,2023-02-20 17:38:00,1,Cambio de opinion,360.58
3023,67296,2025-04-16 03:01:00,1,Talla o presentacion,407.24
3024,70524,2026-08-15 16:06:00,1,Danado en transporte,328.93
3025,64748,2024-02-03 05:24:00,1,Producto equivocado,400.36
3026,67933,2023-04-19 15:12:00,1,Producto defectuoso,403.24
3027,73458,2023-10-22 23:11:00,1,Producto equivocado,402.86
3028,72266,2024-10-25 19:07:00,1,Talla o presentacion,1730.56
3029,69357,2025-06-19 11:28:00,1,Talla o presentacion,2271.77
3030,2729,2024-09-19 09:24:00,4,Talla o presentacion,7326.05
3031,12263,2025-05-07 15:30:00,2,Producto equivocado,719.53
3032,15466,2024-12-13 22:07:00,3,Cambio de opinion,1084.32
3033,14846,2024-07-21 18:41:00,1,Cambio de opinion,388.80
3034,4584,2024-10-23 04:57:00,1,Producto defectuoso,378.50
3035,9598,2026-02-17 14:47:00,1,Producto defectuoso,359.76
3036,23974,2023-03-01 15:08:00,1,Cambio de opinion,378.50
3037,25511,2025-09-10 06:09:00,2,Producto defectuoso,785.70
3038,22209,2024-01-15 15:59:00,2,Producto equivocado,779.48
3039,27006,2025-12-30 22:43:00,1,Talla o presentacion,370.93
3040,28561,2026-03-12 12:51:00,3,Producto defectuoso,1079.29
3041,31686,2025-05-26 08:37:00,1,Producto defectuoso,358.19
3042,48903,2024-09-03 06:05:00,4,Talla o presentacion,7416.49
3043,31237,2023-10-22 16:58:00,1,Producto defectuoso,442.16
3044,34357,2024-11-13 07:22:00,3,Talla o presentacion,1107.45
3045,47086,2026-06-02 13:38:00,3,Cambio de opinion,5869.17
3046,36463,2025-11-24 22:10:00,3,Producto defectuoso,1339.47
3047,39987,2024-07-22 02:46:00,4,Talla o presentacion,1563.00
3048,45080,2023-02-05 11:41:00,1,Producto defectuoso,354.24
3049,23536,2026-04-15 02:52:00,3,Danado en transporte,5284.29
3050,19266,2025-07-14 06:56:00,3,Talla o presentacion,5318.53
3051,20711,2023-06-05 07:57:00,3,Producto defectuoso,5145.58
3052,27714,2025-02-10 07:46:00,1,Cambio de opinion,2007.35
3053,21723,2025-06-28 22:57:00,2,Cambio de opinion,3669.64
3054,24890,2023-03-07 21:24:00,2,Talla o presentacion,3376.54
3055,27968,2024-09-15 04:31:00,2,Danado en transporte,3522.86
3056,28051,2023-07-26 09:38:00,2,Cambio de opinion,3143.99
3057,27264,2024-04-06 04:44:00,3,Producto defectuoso,5796.15
3058,24457,2026-04-04 08:49:00,2,Danado en transporte,3724.76
3059,27648,2025-08-15 04:44:00,1,Talla o presentacion,1504.56
3060,29129,2025-06-18 11:31:00,3,Producto equivocado,1151.55
3061,29631,2026-01-19 14:40:00,2,Talla o presentacion,3581.50
3062,36926,2025-07-24 20:04:00,1,Producto defectuoso,2111.07
3063,35095,2026-03-07 00:59:00,2,Producto defectuoso,2767.20
3064,43544,2025-09-26 15:57:00,1,Danado en transporte,2036.25
3065,53243,2024-12-17 14:24:00,4,Producto equivocado,6948.12
3066,47012,2023-06-17 09:36:00,3,Cambio de opinion,3951.24
3067,50955,2023-01-29 16:30:00,2,Cambio de opinion,873.90
3068,54176,2023-04-17 19:48:00,1,Cambio de opinion,1897.86
3069,55757,2025-07-25 05:32:00,2,Danado en transporte,4451.08
3070,49466,2026-04-05 08:49:00,3,Talla o presentacion,6544.17
3071,58939,2023-08-31 05:53:00,2,Cambio de opinion,3089.54
3072,60126,2026-09-02 13:32:00,1,Danado en transporte,1767.33
3073,56689,2023-08-09 03:32:00,2,Producto equivocado,3376.08
3074,59802,2025-04-16 01:41:00,1,Producto equivocado,2014.34
3075,62944,2026-07-07 06:39:00,1,Talla o presentacion,439.64
3076,59932,2023-06-06 10:16:00,1,Producto defectuoso,1991.19
3077,64627,2023-03-27 04:53:00,1,Cambio de opinion,2072.80
3078,59671,2023-02-15 06:27:00,2,Danado en transporte,671.19
3079,63567,2023-10-20 01:04:00,1,Producto equivocado,1761.43
3080,63628,2023-04-20 14:39:00,1,Producto defectuoso,1688.27
3081,66937,2024-01-13 14:24:00,1,Danado en transporte,422.23
3082,61636,2026-03-12 20:51:00,1,Cambio de opinion,1798.12
3083,68099,2023-05-28 02:09:00,1,Producto equivocado,436.59
3084,62179,2024-01-03 09:36:00,1,Danado en transporte,2003.09
3085,63812,2024-03-15 08:49:00,1,Cambio de opinion,1653.81
3086,66165,2026-06-28 05:24:00,1,Talla o presentacion,1991.19
3087,67626,2024-11-04 15:25:00,1,Cambio de opinion,1796.25
3088,69994,2026-01-15 14:35:00,1,Talla o presentacion,1853.17
3089,73453,2023-12-08 22:13:00,2,Cambio de opinion,3313.03
3090,2303,2025-01-01 09:29:00,2,Producto defectuoso,4201.52
3091,5456,2026-02-02 03:04:00,3,Producto equivocado,6827.46
3092,7044,2026-05-05 21:59:00,1,Producto equivocado,2122.64
3093,924,2023-03-26 03:22:00,1,Producto equivocado,484.72
3094,984,2023-09-06 06:02:00,1,Producto defectuoso,1749.78
3095,7318,2024-07-22 03:19:00,1,Producto equivocado,464.83
3096,5998,2025-10-07 06:52:00,1,Producto defectuoso,2232.06
3097,1578,2024-02-13 00:44:00,1,Producto defectuoso,2104.34
3098,10333,2023-11-27 13:07:00,1,Cambio de opinion,375.91
3099,16702,2026-01-08 10:13:00,2,Producto defectuoso,3116.81
3100,18631,2025-06-10 09:32:00,2,Talla o presentacion,3706.83
3101,15843,2023-12-27 10:29:00,1,Danado en transporte,2188.29
3102,23079,2024-03-28 02:38:00,1,Danado en transporte,2233.76
3103,12339,2024-09-15 19:26:00,2,Danado en transporte,3932.28
3104,22467,2026-02-16 19:17:00,1,Talla o presentacion,2075.82
3105,26196,2025-09-01 18:20:00,3,Danado en transporte,1284.86
3106,22902,2024-08-13 00:19:00,3,Producto defectuoso,4471.96
3107,29897,2025-04-05 15:40:00,2,Cambio de opinion,4154.90
3108,30093,2026-08-11 21:13:00,4,Producto equivocado,1564.78
3109,25458,2025-11-19 05:00:00,2,Danado en transporte,4195.64
3110,25584,2025-02-14 09:38:00,2,Danado en transporte,866.41
3111,34158,2026-04-16 04:03:00,3,Producto equivocado,1375.26
3112,35981,2024-03-15 18:52:00,3,Danado en transporte,1084.68
3113,33410,2025-03-21 09:30:00,2,Cambio de opinion,3357.53
3114,37734,2023-03-03 06:34:00,1,Producto defectuoso,1993.93
3115,38842,2025-03-30 14:12:00,3,Producto defectuoso,6366.36
3116,43097,2025-05-03 04:17:00,4,Producto defectuoso,8576.00
3117,39986,2024-07-24 02:47:00,3,Cambio de opinion,6022.59
3118,44989,2024-03-10 03:26:00,2,Cambio de opinion,4232.00
3119,42285,2024-12-10 22:11:00,2,Producto equivocado,2741.23
3120,45669,2025-08-28 12:13:00,2,Producto defectuoso,3737.78
3121,45796,2025-06-17 13:24:00,3,Producto equivocado,6461.55
3122,39012,2023-10-16 13:34:00,3,Danado en transporte,6201.39
3123,47087,2026-05-30 13:40:00,4,Talla o presentacion,5372.49
3124,49919,2025-03-24 03:29:00,2,Talla o presentacion,771.94
3125,46278,2023-01-27 18:05:00,1,Cambio de opinion,484.72
3126,50750,2025-10-23 15:25:00,1,Producto defectuoso,380.76
3127,57742,2026-06-27 02:52:00,1,Producto equivocado,2022.62
3128,52246,2024-04-01 07:28:00,3,Danado en transporte,6177.63
3129,53303,2024-06-28 07:48:00,4,Talla o presentacion,1833.68
3130,62625,2025-08-29 06:06:00,1,Talla o presentacion,1507.59
3131,66164,2026-06-08 05:25:00,1,Cambio de opinion,455.63
3132,70589,2024-06-20 08:05:00,1,Producto defectuoso,1987.85
3133,72527,2025-09-30 06:03:00,1,Danado en transporte,1953.24
3134,68288,2025-12-22 22:37:00,1,Cambio de opinion,2301.45
3135,75893,2024-08-10 12:51:00,2,Danado en transporte,2995.02
3136,9791,2023-03-06 06:34:00,4,Danado en transporte,8565.20
3137,11462,2025-06-10 09:06:00,2,Producto defectuoso,4324.12
3138,5781,2026-04-14 19:38:00,4,Danado en transporte,8480.40
3139,12146,2023-06-16 19:30:00,2,Danado en transporte,3947.80
3140,3167,2023-11-29 11:48:00,2,Danado en transporte,3529.81
3141,4795,2023-01-12 00:07:00,4,Producto equivocado,9288.96
3142,2105,2023-07-24 19:23:00,4,Producto equivocado,6789.36
3143,5587,2024-10-29 06:59:00,2,Producto equivocado,3604.68
3144,7175,2024-07-08 11:02:00,4,Cambio de opinion,6789.36
3145,15133,2025-10-05 05:24:00,3,Cambio de opinion,5775.63
3146,12275,2025-05-07 15:48:00,1,Talla o presentacion,2322.24
3147,12391,2025-04-09 16:16:00,1,Talla o presentacion,1847.36
3148,16328,2026-06-30 06:58:00,1,Producto equivocado,1884.68
3149,18007,2025-01-25 15:24:00,1,Producto equivocado,2162.06
3150,19442,2023-12-06 10:25:00,2,Producto equivocado,3738.56
3151,21157,2025-01-28 18:06:00,2,Danado en transporte,4690.92
3152,24207,2025-04-24 06:25:00,2,Producto equivocado,850.82
3153,16008,2025-12-02 12:21:00,3,Producto defectuoso,5598.06
3154,20857,2025-05-22 05:57:00,3,Producto equivocado,5852.04
3155,16893,2025-01-08 22:12:00,3,Cambio de opinion,1358.10
3156,21408,2023-05-17 10:09:00,2,Producto defectuoso,4459.26
3157,24382,2023-03-22 05:08:00,1,Producto equivocado,457.23
3158,28125,2025-11-09 17:48:00,3,Talla o presentacion,6219.06
3159,20260,2025-02-27 03:08:00,1,Cambio de opinion,1992.51
3160,23528,2026-04-23 02:38:00,1,Producto defectuoso,1922.00
3161,28240,2025-02-04 22:11:00,1,Talla o presentacion,1952.26
3162,27139,2024-12-17 21:06:00,2,Producto defectuoso,896.34
3163,37401,2025-10-14 04:22:00,3,Producto equivocado,5340.45
3164,29253,2024-06-20 07:48:00,1,Producto equivocado,1828.70
3165,30672,2023-10-23 06:45:00,3,Cambio de opinion,5663.49
3166,33296,2026-04-23 08:10:00,2,Cambio de opinion,3914.08
3167,34852,2024-02-26 14:33:00,1,Cambio de opinion,446.11
3168,38276,2024-06-03 22:02:00,3,Cambio de opinion,4916.34
3169,35997,2024-02-26 18:20:00,3,Producto defectuoso,5195.68
3170,41733,2023-11-27 10:23:00,4,Danado en transporte,6898.08
3171,39781,2024-09-16 19:29:00,2,Producto defectuoso,3426.54
3172,42929,2023-01-06 05:53:00,2,Danado en transporte,4806.56
3173,52301,2024-12-22 08:51:00,2,Cambio de opinion,3639.66
3174,55377,2025-01-08 11:17:00,2,Producto defectuoso,4369.16
3175,54175,2023-04-19 19:49:00,3,Producto equivocado,6789.86
3176,41281,2026-05-22 23:31:00,2,Producto defectuoso,4109.94
3177,43739,2026-01-18 21:54:00,2,Producto equivocado,4463.02
3178,45272,2025-01-09 10:06:00,3,Danado en transporte,1193.01
3179,48528,2023-12-08 16:48:00,1,Talla o presentacion,1764.31
3180,50184,2023-06-14 01:41:00,1,Cambio de opinion,2126.67
3181,45927,2026-06-22 11:11:00,4,Talla o presentacion,7421.04
3182,46856,2024-11-23 19:09:00,3,Cambio de opinion,4677.78
3183,48399,2023-03-06 09:22:00,2,Talla o presentacion,725.17
3184,48786,2025-08-31 06:23:00,3,Producto defectuoso,4264.15
3185,58678,2025-06-15 00:51:00,1,Producto equivocado,1736.60
3186,59350,2023-11-12 06:50:00,1,Producto equivocado,446.42
3187,52753,2026-02-24 13:17:00,4,Producto defectuoso,1356.73
3188,54232,2026-02-22 15:07:00,3,Cambio de opinion,4731.05
3189,58993,2024-12-24 12:01:00,2,Talla o presentacion,911.26
3190,52810,2025-09-26 18:25:00,1,Producto defectuoso,2024.62
3191,60827,2023-01-20 21:40:00,1,Producto equivocado,2324.01
3192,53568,2023-08-04 07:33:00,1,Producto equivocado,1961.08
3193,53173,2025-08-16 10:26:00,4,Cambio de opinion,7087.77
3194,54756,2024-09-19 04:21:00,1,Danado en transporte,1749.87
3195,52438,2026-05-15 14:26:00,1,Talla o presentacion,2075.31
3196,65102,2024-11-29 05:06:00,1,Cambio de opinion,1760.91
3197,59800,2025-04-22 01:37:00,1,Danado en transporte,2346.57
3198,66542,2026-05-31 01:50:00,1,Producto defectuoso,1751.58
3199,69790,2024-07-27 11:33:00,1,Cambio de opinion,2104.34
3200,61766,2024-03-19 04:20:00,1,Producto equivocado,2324.01
3201,64879,2025-11-20 22:57:00,1,Cambio de opinion,1759.80
3202,66426,2024-08-14 06:45:00,1,Producto defectuoso,1710.54
3203,69614,2025-12-29 14:58:00,1,Producto equivocado,2144.53
3204,70003,2024-12-24 07:55:00,2,Producto defectuoso,4332.82
3205,67090,2026-01-18 10:04:00,1,Producto defectuoso,2210.17
3206,72134,2023-12-13 11:15:00,1,Producto equivocado,319.70
3207,73526,2023-03-09 17:07:00,1,Cambio de opinion,2095.66
3208,75197,2023-06-20 21:33:00,2,Producto equivocado,4425.18
3209,74259,2025-05-30 01:51:00,2,Cambio de opinion,3936.34
3210,74311,2023-06-30 09:01:00,2,Cambio de opinion,3492.24
3211,76243,2024-10-27 01:17:00,2,Talla o presentacion,4109.94
3212,73459,2023-10-31 23:01:00,2,Cambio de opinion,1009.00
3213,74951,2025-07-03 05:21:00,2,Producto defectuoso,3695.88
3214,76574,2024-02-13 17:55:00,1,Producto defectuoso,405.46
3215,10271,2023-07-06 10:29:00,2,Talla o presentacion,4684.48
3216,5800,2026-02-27 19:07:00,1,Danado en transporte,471.14
3217,14900,2024-04-26 20:05:00,2,Danado en transporte,3569.68
3218,14977,2023-01-23 03:32:00,3,Cambio de opinion,6827.40
3219,23073,2024-05-05 02:10:00,2,Danado en transporte,932.56
3220,24719,2023-11-03 05:21:00,2,Producto equivocado,3769.36
3221,22205,2024-02-14 15:33:00,1,Cambio de opinion,439.12
3222,25716,2025-05-24 12:04:00,1,Cambio de opinion,471.14
3223,18327,2023-09-12 14:04:00,2,Cambio de opinion,4369.18
3224,18579,2025-12-23 06:12:00,1,Cambio de opinion,2035.30
3225,26440,2024-04-09 14:58:00,3,Danado en transporte,6824.01
3226,18905,2024-05-18 03:56:00,1,Cambio de opinion,461.75
3227,18953,2024-03-09 04:52:00,2,Producto equivocado,1003.80
3228,26633,2024-01-09 22:25:00,3,Danado en transporte,5459.49
3229,30540,2025-03-02 14:59:00,1,Producto defectuoso,452.70
3230,30090,2026-08-09 21:08:00,1,Talla o presentacion,1607.46
3231,39650,2023-12-06 10:04:00,1,Producto defectuoso,984.16
3232,34677,2025-11-23 07:38:00,3,Producto defectuoso,5475.03
3233,42416,2023-08-27 06:05:00,3,Talla o presentacion,4824.78
3234,45606,2026-02-27 18:54:00,3,Producto equivocado,5696.73
3235,48078,2026-07-28 04:51:00,1,Producto equivocado,446.11
3236,45211,2026-07-01 13:05:00,2,Cambio de opinion,3724.50
3237,56351,2026-03-23 07:38:00,2,Producto equivocado,923.80
3238,43094,2025-04-04 04:29:00,1,Cambio de opinion,1886.65
3239,55569,2025-10-16 05:08:00,2,Danado en transporte,4369.16
3240,59295,2025-08-19 05:15:00,2,Talla o presentacion,4414.20
3241,53507,2024-02-15 04:15:00,4,Danado en transporte,6799.41
3242,60682,2024-07-16 02:26:00,1,Producto defectuoso,2391.91
3243,58809,2023-12-04 00:28:00,2,Talla o presentacion,4414.20
3244,63233,2025-01-21 21:55:00,1,Producto equivocado,506.87
3245,67992,2023-09-26 18:08:00,1,Producto defectuoso,1819.83
3246,61889,2026-07-23 22:41:00,1,Talla o presentacion,404.96
3247,65046,2025-08-31 00:35:00,1,Talla o presentacion,1511.48
3248,67169,2023-09-12 06:13:00,1,Producto equivocado,1690.61
3249,67483,2026-06-30 01:18:00,1,Talla o presentacion,2162.06
3250,66221,2026-05-16 06:07:00,1,Talla o presentacion,1784.84
3251,68419,2024-04-12 04:29:00,1,Danado en transporte,1810.04
3252,504,2023-11-05 23:02:00,1,Cambio de opinion,2235.34
3253,988,2023-09-06 05:58:00,1,Danado en transporte,1955.93
3254,2650,2025-01-19 11:33:00,1,Producto equivocado,2284.27
3255,13725,2023-01-31 17:37:00,1,Danado en transporte,411.09
3256,13405,2026-04-21 06:05:00,3,Talla o presentacion,1336.05
3257,15337,2023-07-24 09:07:00,1,Talla o presentacion,2233.04
3258,14192,2026-07-05 22:54:00,3,Talla o presentacion,6699.12
3259,17267,2023-02-26 11:31:00,2,Cambio de opinion,3997.66
3260,20072,2025-05-06 18:04:00,3,Cambio de opinion,7187.58
3261,16253,2026-01-21 09:35:00,2,Danado en transporte,977.90
3262,22582,2024-05-21 22:06:00,3,Cambio de opinion,5481.30
3263,16382,2025-12-04 10:20:00,2,Cambio de opinion,3234.90
3264,23465,2025-11-10 05:17:00,1,Producto defectuoso,437.40
3265,23842,2023-05-22 13:56:00,2,Cambio de opinion,3692.26
3266,32150,2024-01-16 16:35:00,3,Cambio de opinion,1373.64
3267,33679,2023-12-14 11:38:00,2,Danado en transporte,3473.47
3268,33862,2026-05-22 22:35:00,2,Producto defectuoso,2529.26
3269,28372,2025-07-19 13:49:00,1,Danado en transporte,2372.60
3270,36462,2025-11-24 22:11:00,2,Danado en transporte,865.96
3271,39728,2025-12-25 11:49:00,1,Producto defectuoso,424.34
3272,41615,2023-11-06 19:10:00,2,Cambio de opinion,4656.96
3273,39140,2024-10-28 13:05:00,1,Producto equivocado,341.80
3274,41413,2026-02-09 17:00:00,4,Talla o presentacion,1438.40
3275,41426,2026-01-28 17:09:00,3,Producto equivocado,4138.80
3276,43020,2025-11-15 10:29:00,1,Cambio de opinion,1901.21
3277,44476,2023-09-27 13:50:00,3,Producto equivocado,4311.24
3278,55949,2026-02-06 08:51:00,2,Talla o presentacion,4708.38
3279,53620,2025-11-15 15:26:00,1,Cambio de opinion,1871.09
3280,53622,2025-12-17 15:12:00,3,Danado en transporte,822.46
3281,58542,2023-08-17 03:36:00,1,Producto equivocado,388.62
3282,62232,2024-05-28 19:31:00,1,Producto equivocado,1696.75
3283,59541,2025-06-23 11:01:00,2,Danado en transporte,958.72
3284,61896,2026-06-20 23:01:00,1,Producto equivocado,1922.26
3285,67106,2024-06-15 01:35:00,1,Cambio de opinion,1924.56
3286,71209,2023-11-18 11:00:00,1,Cambio de opinion,464.18
3287,76372,2024-02-21 07:56:00,1,Producto equivocado,1793.99
3288,68996,2026-02-13 10:08:00,1,Producto equivocado,445.80
3289,75906,2024-12-23 10:37:00,1,Talla o presentacion,381.48
3290,3246,2025-09-02 06:18:00,3,Producto defectuoso,5487.06
3291,6468,2024-07-31 05:25:00,1,Producto equivocado,426.82
3292,1022,2024-12-25 02:16:00,3,Producto defectuoso,5828.76
3293,1306,2025-04-30 19:54:00,3,Danado en transporte,1347.15
3294,9170,2025-07-31 05:15:00,1,Danado en transporte,2045.23
3295,3922,2024-04-27 20:12:00,3,Producto equivocado,5653.89
3296,10279,2023-06-10 10:15:00,3,Producto defectuoso,6337.96
3297,12710,2025-03-12 20:31:00,3,Producto defectuoso,6597.51
3298,9043,2026-06-02 10:16:00,2,Danado en transporte,878.45
3299,10606,2024-04-05 21:07:00,1,Producto equivocado,1475.54
3300,12277,2025-12-23 11:56:00,3,Producto defectuoso,1062.78
3301,15334,2023-07-16 09:18:00,1,Producto defectuoso,1962.35
3302,13012,2025-12-24 21:38:00,3,Producto equivocado,1105.74
3303,73264,2025-03-05 16:44:00,1,Producto defectuoso,2209.63
3304,73269,2025-02-06 17:06:00,2,Producto defectuoso,748.56
3305,74702,2025-09-22 21:40:00,1,Talla o presentacion,374.28
3306,8663,2025-01-14 11:48:00,2,Producto equivocado,842.64
3307,10142,2024-06-18 06:55:00,3,Danado en transporte,6013.24
3308,11722,2024-09-24 01:16:00,3,Producto defectuoso,7175.73
3309,11782,2023-11-12 12:28:00,3,Producto equivocado,6553.77
3310,13391,2026-05-29 05:23:00,3,Cambio de opinion,6279.45
3311,13026,2026-07-22 18:04:00,1,Producto defectuoso,2056.50
3312,6373,2023-10-15 22:01:00,2,Cambio de opinion,4240.20
3313,13219,2024-01-15 21:37:00,1,Producto defectuoso,2252.15
3314,4525,2026-01-16 12:24:00,4,Talla o presentacion,7177.48
3315,1445,2023-06-26 08:43:00,4,Producto equivocado,9010.28
3316,12581,2023-12-22 23:15:00,1,Producto defectuoso,2141.30
3317,16077,2026-04-17 09:54:00,3,Producto equivocado,5302.02
3318,23144,2025-06-01 01:52:00,3,Cambio de opinion,4829.55
3319,21405,2023-05-09 10:20:00,2,Cambio de opinion,3620.08
3320,21725,2025-07-10 22:59:00,3,Talla o presentacion,5486.10
3321,17380,2025-06-03 01:40:00,2,Danado en transporte,687.21
3322,20464,2023-02-15 17:50:00,2,Talla o presentacion,4133.59
3323,26839,2024-01-27 22:45:00,3,Cambio de opinion,1398.84
3324,27380,2024-03-31 04:50:00,3,Producto defectuoso,6553.77
3325,27137,2024-12-21 21:04:00,3,Talla o presentacion,6360.30
3326,27891,2025-05-11 00:32:00,1,Producto defectuoso,486.99
3327,41678,2025-03-09 02:38:00,1,Producto equivocado,1726.20
3328,38275,2024-06-05 22:03:00,2,Producto equivocado,796.93
3329,38277,2024-06-01 22:01:00,4,Talla o presentacion,6629.60
3330,31556,2023-09-17 20:23:00,1,Producto defectuoso,2239.95
3331,46598,2025-12-25 02:23:00,1,Talla o presentacion,396.78
3332,50634,2026-01-21 13:55:00,1,Producto defectuoso,1862.25
3333,56109,2025-03-27 07:32:00,2,Producto defectuoso,905.40
3334,53316,2023-06-11 14:08:00,3,Producto equivocado,5121.81
3335,57567,2024-01-17 00:20:00,2,Danado en transporte,4279.08
3336,62305,2025-04-16 04:19:00,1,Producto equivocado,2204.90
3337,65292,2025-09-28 17:40:00,1,Talla o presentacion,1749.84
3338,63433,2026-02-19 21:24:00,1,Danado en transporte,1936.84
3339,68107,2023-04-29 02:28:00,1,Producto equivocado,1884.68
3340,59031,2025-02-06 23:01:00,2,Producto equivocado,793.56
3341,67033,2026-02-22 09:22:00,1,Cambio de opinion,372.24
3342,67109,2024-06-22 01:25:00,1,Producto defectuoso,1802.34
3343,65613,2025-02-09 01:16:00,1,Cambio de opinion,421.01
3344,64423,2025-07-13 06:44:00,1,Producto equivocado,439.12
3345,71398,2023-02-11 06:46:00,1,Producto equivocado,1265.33
3346,73585,2023-05-16 15:28:00,2,Cambio de opinion,848.92
3347,256,2024-05-25 20:12:00,1,Talla o presentacion,1955.92
3348,531,2026-05-14 16:25:00,1,Cambio de opinion,1921.49
3349,1500,2025-05-28 08:42:00,1,Cambio de opinion,393.20
3350,1503,2025-05-22 08:39:00,2,Danado en transporte,4279.98
3351,21391,2023-06-16 09:38:00,2,Producto equivocado,3692.26
3352,22845,2025-09-08 10:05:00,2,Producto defectuoso,782.57
3353,24700,2024-11-11 22:56:00,2,Cambio de opinion,3812.94
3354,16969,2025-06-22 20:50:00,3,Producto defectuoso,1317.39
3355,16207,2023-08-18 02:11:00,3,Cambio de opinion,4967.42
3356,19327,2024-04-06 14:27:00,1,Producto equivocado,1781.16
3357,23773,2024-08-06 06:37:00,3,Danado en transporte,1380.57
3358,24640,2024-06-16 01:36:00,2,Producto defectuoso,3730.34
3359,27839,2024-11-06 03:42:00,2,Producto equivocado,949.14
3360,27440,2026-08-15 12:18:00,2,Talla o presentacion,2863.83
3361,28318,2023-02-21 06:11:00,3,Talla o presentacion,1317.39
3362,36349,2025-12-12 23:39:00,3,Producto equivocado,1018.42
3363,37988,2024-08-14 05:40:00,1,Cambio de opinion,342.02
3364,35021,2023-01-12 11:40:00,1,Producto defectuoso,424.15
3365,36858,2025-07-05 08:47:00,2,Danado en transporte,805.78
3366,41412,2026-02-09 17:01:00,3,Cambio de opinion,1068.12
3367,46202,2023-08-02 00:45:00,3,Producto defectuoso,1221.12
3368,48015,2023-07-22 01:09:00,2,Cambio de opinion,3959.44
3369,47026,2023-04-28 10:22:00,3,Producto equivocado,5944.41
3370,51765,2024-09-14 01:54:00,2,Danado en transporte,3998.26
3371,49406,2023-03-25 05:09:00,3,Cambio de opinion,5648.01
3372,57817,2024-09-25 16:05:00,2,Danado en transporte,4076.82
3373,59543,2025-06-11 10:51:00,2,Producto equivocado,886.96
3374,63813,2024-03-12 08:51:00,1,Talla o presentacion,1865.17
3375,65496,2023-05-10 10:22:00,1,Danado en transporte,1960.33
3376,67092,2026-01-28 09:52:00,1,Cambio de opinion,1887.41
3377,72702,2023-09-18 09:59:00,1,Producto equivocado,477.96
3378,72775,2024-10-23 04:37:00,1,Producto defectuoso,1920.22
3379,68738,2025-05-11 00:33:00,1,Danado en transporte,422.24
3380,71336,2023-10-22 04:43:00,1,Talla o presentacion,381.48
3381,4803,2023-09-17 04:09:00,2,Cambio de opinion,3800.20
3382,2571,2024-10-14 04:06:00,4,Producto defectuoso,7283.00
3383,7317,2024-07-24 03:20:00,2,Cambio de opinion,852.88
3384,5863,2025-02-08 00:12:00,2,Cambio de opinion,1031.66
3385,3441,2023-05-12 00:05:00,4,Cambio de opinion,8512.84
3386,4993,2025-10-11 16:56:00,2,Producto defectuoso,2951.08
3387,5513,2025-05-13 10:31:00,2,Producto defectuoso,2891.46
3388,7033,2026-05-19 22:16:00,2,Talla o presentacion,3605.08
3389,7101,2025-02-13 14:34:00,4,Producto defectuoso,5305.98
3390,8730,2025-02-11 23:01:00,1,Producto defectuoso,1923.49
3391,16250,2026-02-20 09:08:00,2,Producto equivocado,2623.17
3392,11665,2023-12-24 18:05:00,2,Producto defectuoso,744.30
3393,13217,2024-01-03 21:51:00,2,Talla o presentacion,722.84
3394,21598,2025-12-26 22:09:00,3,Producto defectuoso,1266.54
3395,20595,2025-01-10 04:33:00,1,Talla o presentacion,361.42
3396,29372,2026-06-02 20:00:00,3,Talla o presentacion,4697.55
3397,20087,2026-01-05 13:55:00,2,Cambio de opinion,3040.50
3398,23337,2024-05-28 13:57:00,3,Cambio de opinion,5002.28
3399,29630,2025-12-30 14:41:00,1,Cambio de opinion,372.15
3400,21843,2026-06-02 07:29:00,1,Producto equivocado,1981.43
3401,24717,2023-10-22 05:35:00,3,Danado en transporte,4560.75
3402,31103,2025-05-23 08:40:00,1,Cambio de opinion,1827.12
3403,29052,2025-02-08 13:40:00,2,Cambio de opinion,3532.26
3404,32426,2023-12-29 12:05:00,3,Danado en transporte,4381.89
3405,32869,2025-04-24 04:07:00,3,Cambio de opinion,1509.72
3406,34980,2023-11-21 22:43:00,3,Danado en transporte,6504.36
3407,33542,2024-12-11 05:48:00,2,Talla o presentacion,729.72
3408,33618,2026-07-28 23:35:00,1,Cambio de opinion,2126.02
3409,36403,2025-06-17 00:46:00,3,Danado en transporte,5176.26
3410,38469,2023-11-11 00:47:00,2,Cambio de opinion,4402.90
3411,41618,2023-11-15 18:58:00,1,Producto defectuoso,2109.90
3412,37606,2025-12-26 13:56:00,2,Talla o presentacion,4463.88
3413,37608,2025-12-15 13:47:00,1,Producto defectuoso,1490.44
3414,39854,2025-11-02 10:27:00,1,Producto equivocado,1740.55
3415,39912,2025-03-24 06:50:00,3,Cambio de opinion,6617.97
3416,41424,2026-02-04 17:04:00,1,Danado en transporte,2196.90
3417,40995,2025-03-22 08:34:00,2,Producto defectuoso,891.70
3418,43663,2026-04-26 14:23:00,4,Talla o presentacion,8736.60
3419,42662,2024-05-25 07:24:00,3,Talla o presentacion,6357.65
3420,45850,2023-12-10 06:11:00,1,Danado en transporte,2262.16
3421,43022,2025-11-09 10:53:00,3,Danado en transporte,1351.20
3422,43288,2026-07-13 07:09:00,1,Talla o presentacion,1901.35
3423,43983,2024-03-27 22:37:00,4,Danado en transporte,8099.12
3424,45722,2026-02-14 09:22:00,3,Producto equivocado,1221.35
3425,48450,2024-04-10 08:53:00,1,Talla o presentacion,468.60
3426,55550,2023-04-17 11:49:00,1,Producto defectuoso,1784.34
3427,52622,2025-06-10 14:12:00,3,Producto defectuoso,6486.93
3428,55812,2024-11-27 01:31:00,1,Talla o presentacion,1445.73
3429,51319,2025-04-09 15:27:00,2,Cambio de opinion,4148.25
3430,6115,2024-09-24 18:11:00,4,Cambio de opinion,7807.08
3431,17962,2024-08-24 18:11:00,2,Talla o presentacion,2961.01
3432,12465,2024-09-25 03:53:00,1,Producto defectuoso,388.99
3433,18701,2025-06-10 19:45:00,3,Producto equivocado,1029.68
3434,11213,2025-02-10 05:22:00,3,Talla o presentacion,1366.74
3435,18966,2023-02-25 11:27:00,2,Danado en transporte,3187.53
3436,11286,2024-06-21 09:17:00,3,Cambio de opinion,4942.48
3437,14395,2026-02-28 16:51:00,3,Talla o presentacion,1338.25
3438,19324,2024-03-29 14:38:00,1,Talla o presentacion,1940.49
3439,18123,2023-07-23 12:36:00,1,Producto equivocado,1868.10
3440,10401,2025-04-29 07:33:00,2,Danado en transporte,785.60
3441,21522,2026-03-31 14:45:00,3,Talla o presentacion,5318.52
3442,28242,2025-01-31 22:13:00,3,Producto defectuoso,4868.13
3443,22719,2026-07-17 04:49:00,3,Danado en transporte,5172.39
3444,23019,2023-11-05 05:18:00,1,Talla o presentacion,1622.71
3445,27572,2025-05-05 06:40:00,2,Danado en transporte,4028.68
3446,25399,2026-06-03 01:51:00,1,Cambio de opinion,1562.74
3447,34532,2026-03-18 19:24:00,1,Producto defectuoso,2050.72
3448,30802,2024-04-17 21:56:00,1,Talla o presentacion,2139.03
3449,44665,2024-02-01 03:28:00,2,Cambio de opinion,4278.06
3450,49019,2023-10-30 11:12:00,2,Producto defectuoso,4150.98
3451,49979,2024-12-14 10:44:00,2,Danado en transporte,3907.68
3452,49332,2023-12-30 14:27:00,3,Producto defectuoso,5264.80
3453,49333,2023-12-30 14:26:00,4,Producto equivocado,7091.37
3454,55552,2023-04-13 11:47:00,1,Cambio de opinion,383.85
3455,57175,2023-08-15 23:40:00,2,Cambio de opinion,3376.08
3456,54305,2023-12-19 07:37:00,3,Cambio de opinion,5533.41
3457,58999,2025-08-31 08:01:00,2,Talla o presentacion,2925.75
3458,48130,2023-04-24 02:39:00,1,Producto equivocado,2071.03
3459,57612,2023-10-26 22:15:00,1,Cambio de opinion,1791.63
3460,48336,2024-06-24 01:25:00,3,Danado en transporte,5683.92
3461,57743,2026-06-23 02:49:00,2,Cambio de opinion,870.58
3462,56990,2026-03-21 03:49:00,1,Talla o presentacion,1757.17
3463,63043,2025-04-26 04:20:00,1,Danado en transporte,474.56
3464,62826,2026-05-12 09:38:00,1,Cambio de opinion,2138.26
3465,62551,2025-06-09 19:10:00,1,Producto equivocado,1815.29
3466,64116,2025-05-26 09:38:00,1,Cambio de opinion,1985.53
3467,65162,2023-05-22 08:18:00,1,Talla o presentacion,1774.40
3468,59177,2023-05-09 13:43:00,2,Producto equivocado,888.00
3469,66991,2023-11-05 01:21:00,1,Producto defectuoso,1912.34
3470,68471,2023-08-28 08:33:00,1,Talla o presentacion,408.13
3471,67093,2026-01-25 09:54:00,1,Talla o presentacion,474.56
3472,68616,2025-08-28 04:45:00,1,Danado en transporte,327.97
3473,67862,2025-03-11 21:02:00,1,Producto equivocado,1653.81
3474,69732,2025-05-15 16:11:00,1,Talla o presentacion,1719.12
3475,69995,2026-01-12 14:33:00,2,Danado en transporte,844.46
3476,1929,2026-04-07 09:58:00,4,Cambio de opinion,8472.76
3477,257,2024-05-25 20:13:00,1,Cambio de opinion,1505.99
3478,860,2024-06-30 11:00:00,1,Producto defectuoso,2120.37
3479,2440,2023-01-28 16:42:00,1,Danado en transporte,2256.32
3480,2454,2023-01-24 16:22:00,1,Producto defectuoso,2100.76
3481,2804,2024-01-27 16:42:00,1,Talla o presentacion,2210.17
3482,8252,2024-11-24 19:37:00,3,Talla o presentacion,4631.46
3483,10010,2025-04-06 01:49:00,3,Talla o presentacion,6236.63
3484,13520,2026-04-01 08:03:00,2,Cambio de opinion,964.86
3485,13843,2026-03-26 02:23:00,2,Cambio de opinion,978.00
3486,15467,2024-12-13 22:06:00,1,Talla o presentacion,441.82
3487,16009,2025-12-02 12:20:00,1,Producto equivocado,296.31
3488,16904,2024-12-01 22:53:00,1,Danado en transporte,1476.89
3489,24063,2025-08-20 10:27:00,1,Producto equivocado,372.79
3490,21216,2023-10-30 01:35:00,3,Producto equivocado,6633.57
3491,27776,2026-01-20 20:13:00,3,Producto defectuoso,1348.68
3492,22787,2023-04-21 02:39:00,2,Danado en transporte,4648.02
3493,24383,2023-11-07 01:17:00,2,Cambio de opinion,892.84
3494,29577,2023-07-29 07:40:00,2,Producto defectuoso,4195.64
3495,31177,2024-09-22 04:37:00,2,Cambio de opinion,810.92
3496,27456,2026-07-16 13:02:00,2,Danado en transporte,890.48
3497,27832,2024-11-24 03:15:00,2,Producto defectuoso,2639.71
3498,31877,2025-08-17 10:02:00,2,Talla o presentacion,662.87
3499,34478,2025-10-25 16:58:00,3,Talla o presentacion,1424.49
3500,33543,2024-12-09 05:47:00,3,Danado en transporte,3566.24
3501,33282,2025-09-13 04:24:00,1,Talla o presentacion,1527.37
3502,36344,2025-12-29 23:51:00,1,Producto equivocado,1998.04
3503,38070,2024-09-15 17:57:00,1,Danado en transporte,2038.82
3504,40790,2025-10-04 17:06:00,1,Talla o presentacion,1942.22
3505,43545,2025-09-26 15:56:00,2,Producto defectuoso,4036.86
3506,43289,2026-07-13 07:08:00,2,Danado en transporte,738.20
3507,44912,2024-12-06 22:58:00,3,Danado en transporte,1122.84
3508,39086,2024-06-06 15:31:00,3,Danado en transporte,1085.60
3509,47214,2025-02-17 01:19:00,1,Producto equivocado,1543.82
3510,46725,2024-12-02 04:28:00,2,Producto equivocado,607.75
3511,46216,2025-05-08 10:04:00,3,Danado en transporte,1260.30
3512,47782,2024-12-12 00:49:00,3,Danado en transporte,1231.58
3513,49393,2024-05-14 03:59:00,4,Cambio de opinion,1497.12
3514,50957,2023-02-10 16:16:00,4,Danado en transporte,7057.24
3515,46332,2026-03-29 21:09:00,3,Danado en transporte,1468.98
3516,47333,2023-12-25 00:28:00,4,Danado en transporte,1416.11
3517,49260,2024-09-05 10:27:00,1,Producto defectuoso,319.69
3518,46919,2024-05-13 22:28:00,2,Cambio de opinion,935.74
3519,53504,2024-03-15 03:49:00,1,Producto equivocado,2218.47
3520,55551,2023-04-15 11:48:00,2,Producto equivocado,3814.32
3521,55811,2024-11-29 01:32:00,2,Cambio de opinion,787.54
3522,54363,2023-03-06 02:59:00,2,Cambio de opinion,3947.16
3523,56033,2025-05-02 08:10:00,2,Cambio de opinion,4693.14
3524,60824,2023-01-26 21:37:00,1,Talla o presentacion,474.04
3525,59990,2025-05-11 07:40:00,1,Danado en transporte,2166.41
3526,67222,2023-08-21 06:38:00,1,Talla o presentacion,1507.59
3527,68867,2026-06-22 13:53:00,1,Talla o presentacion,2278.88
3528,64877,2025-12-05 22:44:00,1,Producto defectuoso,2324.01
3529,68660,2025-01-17 08:18:00,1,Danado en transporte,2211.19
3530,64298,2023-09-07 08:03:00,1,Danado en transporte,386.60
3531,70526,2025-08-14 10:02:00,1,Producto equivocado,1422.89
3532,73715,2023-03-14 05:02:00,2,Talla o presentacion,979.32
3533,73512,2025-08-15 18:06:00,1,Talla o presentacion,372.87
3534,75196,2023-07-19 21:05:00,1,Producto defectuoso,2099.98
3535,74835,2025-04-02 02:41:00,2,Producto defectuoso,4191.32
3536,74837,2025-03-15 02:57:00,2,Cambio de opinion,831.88
3537,11344,2023-04-14 16:21:00,1,Cambio de opinion,1869.14
3538,8679,2025-08-24 08:00:00,4,Producto defectuoso,7524.06
3539,13595,2023-02-27 11:08:00,1,Talla o presentacion,2182.91
3540,10027,2025-04-14 01:54:00,1,Producto defectuoso,2207.11
3541,10084,2024-01-10 09:21:00,1,Talla o presentacion,1813.07
3542,13468,2023-06-20 21:05:00,3,Cambio de opinion,1385.70
3543,10653,2023-02-08 13:58:00,1,Danado en transporte,516.81
3544,15339,2023-07-20 09:09:00,3,Producto defectuoso,1550.43
3545,12406,2025-02-06 17:01:00,2,Producto defectuoso,3900.98
3546,7879,2024-06-06 14:12:00,4,Danado en transporte,6439.40
3547,14205,2026-07-05 22:59:00,2,Talla o presentacion,3881.32
3548,20713,2023-06-01 07:59:00,2,Cambio de opinion,3214.93
3549,19645,2026-02-28 18:58:00,2,Producto equivocado,942.28
3550,19702,2025-09-10 11:59:00,3,Producto equivocado,7036.38
3551,21273,2024-05-15 22:28:00,1,Producto defectuoso,1866.02
3552,15916,2023-11-28 10:27:00,1,Danado en transporte,1936.74
3553,20580,2026-01-11 22:12:00,2,Talla o presentacion,3657.40
3554,22208,2024-01-19 15:56:00,1,Producto defectuoso,1847.36
3555,28560,2026-03-16 12:48:00,2,Danado en transporte,3582.76
3556,22453,2026-03-12 18:57:00,3,Danado en transporte,1344.51
3557,22203,2024-02-02 15:31:00,3,Producto equivocado,6480.24
3558,27847,2025-07-12 23:40:00,1,Producto defectuoso,422.23
3559,29691,2026-06-12 12:00:00,2,Danado en transporte,3313.03
3560,40098,2025-02-03 21:08:00,1,Producto defectuoso,1949.20
3561,33413,2025-04-03 09:26:00,2,Producto defectuoso,2554.32
3562,46012,2025-10-24 15:17:00,3,Talla o presentacion,5902.80
3563,41093,2023-12-30 05:51:00,4,Producto defectuoso,6804.85
3564,51576,2025-05-06 02:41:00,3,Talla o presentacion,5930.82
3565,50126,2024-01-27 22:08:00,3,Talla o presentacion,6168.06
3566,54947,2026-04-14 10:03:00,2,Cambio de opinion,3449.46
3567,56482,2025-07-03 09:16:00,1,Cambio de opinion,375.94
3568,48849,2025-03-30 02:39:00,2,Producto equivocado,3523.76
3569,48079,2026-07-25 04:53:00,2,Cambio de opinion,3558.66
3570,52245,2024-04-01 07:29:00,2,Talla o presentacion,3795.72
3571,56627,2023-12-18 11:36:00,2,Talla o presentacion,3664.36
3572,61491,2026-04-27 05:51:00,1,Producto equivocado,1754.94
3573,64742,2023-05-31 09:22:00,1,Producto equivocado,1774.33
3574,58031,2026-04-06 21:27:00,2,Cambio de opinion,3664.36
3575,63375,2023-11-08 07:26:00,1,Cambio de opinion,1912.34
3576,60957,2025-10-01 13:19:00,1,Producto defectuoso,1622.70
3577,66876,2024-10-19 09:37:00,1,Producto equivocado,2138.26
3578,67044,2023-01-22 06:05:00,1,Talla o presentacion,1779.78
3579,68677,2026-02-02 19:59:00,1,Producto equivocado,2072.80
3580,68982,2025-07-21 13:39:00,1,Cambio de opinion,431.85
3581,64612,2026-02-16 19:09:00,1,Cambio de opinion,1698.37
3582,69296,2026-03-26 06:41:00,1,Producto defectuoso,1690.32
3583,68281,2026-02-14 21:54:00,1,Producto equivocado,1695.47
3584,69868,2023-07-20 12:05:00,1,Talla o presentacion,1796.25
3585,447,2026-08-03 17:01:00,1,Producto defectuoso,1675.20
3586,5168,2023-10-24 04:51:00,1,Cambio de opinion,2166.41
3587,2093,2023-08-19 19:47:00,2,Talla o presentacion,3503.17
3588,3728,2025-05-13 08:22:00,1,Talla o presentacion,393.37
3589,3920,2024-05-07 20:20:00,1,Talla o presentacion,2166.07
3590,5458,2026-01-29 03:02:00,1,Danado en transporte,489.00
3591,5459,2026-02-16 03:01:00,4,Talla o presentacion,1910.04
3592,6404,2026-08-16 11:36:00,1,Danado en transporte,1592.57
3593,7874,2024-05-27 14:17:00,1,Danado en transporte,1947.58
3594,9944,2024-11-20 19:03:00,1,Cambio de opinion,2253.94
3595,11911,2023-01-16 17:33:00,2,Producto equivocado,3951.24
3596,14902,2023-04-14 02:21:00,1,Producto equivocado,497.20
3597,17976,2025-03-22 14:37:00,3,Cambio de opinion,6367.92
3598,18836,2023-08-12 06:44:00,1,Producto defectuoso,1612.24
3599,20276,2025-01-01 10:28:00,1,Talla o presentacion,1961.33
3600,20916,2025-05-21 19:46:00,2,Cambio de opinion,4602.90
3601,27325,2024-09-17 02:07:00,1,Talla o presentacion,1592.57
3602,21203,2024-12-01 19:00:00,3,Talla o presentacion,4638.95
3603,26183,2025-09-23 17:41:00,3,Producto equivocado,6564.87
3604,22846,2025-09-08 10:04:00,3,Producto equivocado,1447.29
3605,29197,2024-11-14 14:57:00,2,Producto equivocado,4150.62
3606,22641,2023-07-12 01:07:00,1,Danado en transporte,427.95
3607,26384,2023-10-06 18:04:00,1,Danado en transporte,1660.04
3608,30091,2026-08-10 21:10:00,2,Danado en transporte,3720.10
3609,31749,2024-05-09 05:26:00,1,Producto defectuoso,391.70
3610,33860,2026-06-01 22:43:00,3,Talla o presentacion,982.49
3611,35544,2026-04-23 21:43:00,2,Producto equivocado,4463.02
3612,35739,2023-12-18 23:35:00,1,Talla o presentacion,1489.66
3613,37605,2025-12-28 13:57:00,1,Cambio de opinion,2324.01
3614,43341,2025-09-04 18:11:00,2,Danado en transporte,2950.55
3615,42284,2024-12-14 22:08:00,1,Producto defectuoso,405.46
3616,43922,2023-11-29 00:33:00,3,Cambio de opinion,6681.15
3617,45721,2026-02-17 09:20:00,2,Producto defectuoso,2984.48
3618,43981,2024-04-25 22:10:00,2,Cambio de opinion,3783.28
3619,45591,2026-04-11 18:08:00,2,Danado en transporte,3601.38
3620,46201,2024-08-13 18:29:00,2,Danado en transporte,3303.12
3621,48014,2023-07-25 01:07:00,1,Producto equivocado,2105.18
3622,50125,2024-01-27 22:09:00,2,Cambio de opinion,979.32
3623,47278,2025-06-25 23:11:00,1,Producto equivocado,370.38
3624,49203,2025-12-09 02:40:00,4,Cambio de opinion,7894.32
3625,55499,2023-12-01 15:38:00,2,Producto equivocado,4191.32
3626,53827,2025-11-26 19:39:00,4,Producto equivocado,6510.78
3627,55810,2024-12-09 01:41:00,1,Producto equivocado,1353.70
3628,53957,2026-08-24 21:10:00,1,Producto defectuoso,1455.22
3629,55696,2024-08-02 15:54:00,1,Producto equivocado,2275.82
3630,63309,2025-11-17 15:00:00,1,Danado en transporte,2075.31
3631,69617,2025-11-27 15:27:00,1,Danado en transporte,2095.66
3632,72776,2024-09-28 05:01:00,1,Producto equivocado,1851.51
3633,73395,2026-07-02 18:29:00,2,Producto defectuoso,999.12
3634,70643,2026-07-05 09:24:00,1,Talla o presentacion,2296.64
3635,70976,2024-11-05 23:16:00,1,Cambio de opinion,499.56
3636,72586,2024-03-30 09:07:00,1,Danado en transporte,397.67
3637,72643,2023-01-30 18:15:00,1,Producto defectuoso,382.07
3638,68340,2025-04-22 02:41:00,1,Cambio de opinion,2022.62
3639,72002,2023-04-07 19:33:00,1,Producto equivocado,1892.20
3640,76706,2023-06-08 08:28:00,1,Talla o presentacion,1539.83
3641,75326,2023-11-24 22:55:00,1,Producto equivocado,489.66
3642,3361,2024-11-26 01:41:00,4,Cambio de opinion,6108.20
3643,11273,2024-08-06 08:34:00,3,Danado en transporte,1475.88
3644,3929,2024-04-29 20:05:00,4,Producto defectuoso,8917.40
3645,3579,2023-06-16 15:04:00,4,Cambio de opinion,9288.96
3646,8467,2023-08-20 05:50:00,2,Producto defectuoso,2834.75
3647,2377,2026-04-27 14:11:00,2,Cambio de opinion,3850.42
3648,5937,2025-06-16 02:32:00,2,Producto defectuoso,3499.68
3649,15453,2025-01-28 21:24:00,3,Danado en transporte,6158.67
3650,1305,2025-05-02 19:55:00,4,Producto defectuoso,7177.48
3651,9311,2024-05-01 09:46:00,4,Producto defectuoso,8734.80
3652,19965,2026-06-29 12:49:00,3,Cambio de opinion,1399.56
3653,23131,2025-06-05 01:51:00,3,Danado en transporte,6757.71
3654,26259,2026-04-11 18:57:00,2,Producto defectuoso,914.56
3655,27009,2025-12-26 22:44:00,1,Producto equivocado,1784.84
3656,18251,2024-05-03 10:08:00,2,Danado en transporte,4594.38
3657,26007,2026-05-18 12:03:00,3,Producto defectuoso,1460.97
3658,27571,2025-05-05 06:41:00,1,Talla o presentacion,491.96
3659,21728,2025-07-06 23:00:00,3,Producto equivocado,6756.45
3660,23334,2024-06-05 13:52:00,3,Danado en transporte,1261.00
3661,33484,2025-07-01 09:24:00,3,Cambio de opinion,6719.85
3662,27905,2025-04-21 00:52:00,2,Producto defectuoso,4504.30
3663,31743,2025-01-16 09:28:00,2,Producto defectuoso,3612.76
3664,28880,2023-09-25 20:20:00,2,Producto equivocado,3881.32
3665,38331,2023-11-06 18:35:00,2,Producto defectuoso,3650.02
3666,29180,2024-12-22 14:26:00,1,Danado en transporte,1866.02
3667,44156,2023-02-08 15:56:00,3,Danado en transporte,5547.87
3668,42852,2023-09-14 01:41:00,3,Producto defectuoso,5475.02
3669,49972,2024-12-16 10:53:00,3,Talla o presentacion,6551.10
3670,52759,2026-02-22 13:09:00,2,Producto defectuoso,3362.35
3671,55179,2024-05-05 05:26:00,2,Danado en transporte,785.38
3672,59875,2023-06-03 13:05:00,1,Producto defectuoso,1609.85
3673,60697,2023-11-01 12:50:00,1,Producto defectuoso,1940.66
3674,65365,2025-02-20 17:49:00,1,Talla o presentacion,1714.85
3675,61942,2023-03-27 12:36:00,1,Danado en transporte,2252.57
3676,66747,2023-10-12 11:28:00,1,Cambio de opinion,417.23
3677,57945,2026-04-22 15:41:00,2,Producto equivocado,914.46
3678,63493,2025-05-11 02:12:00,1,Producto defectuoso,1714.84
3679,64993,2026-06-01 20:04:00,1,Producto defectuoso,1697.34
3680,62499,2023-11-19 07:11:00,1,Producto equivocado,2415.13
3681,65683,2024-01-10 00:12:00,1,Danado en transporte,1716.74
3682,68806,2026-07-08 13:34:00,1,Producto equivocado,461.75
3683,62756,2024-07-22 06:26:00,1,Talla o presentacion,516.81
3684,10214,2024-09-06 17:48:00,1,Danado en transporte,444.32
3685,9259,2023-11-05 06:52:00,4,Producto equivocado,1774.00
3686,14206,2026-07-05 22:58:00,3,Danado en transporte,1052.04
3687,25337,2024-06-22 19:40:00,2,Danado en transporte,2891.46
3688,24192,2024-09-26 10:12:00,1,Danado en transporte,1445.73
3689,25779,2023-11-13 13:35:00,1,Producto equivocado,1942.92
3690,22589,2024-05-15 22:21:00,3,Talla o presentacion,1287.67
3691,27646,2025-09-10 04:20:00,2,Producto equivocado,835.82
3692,23017,2023-10-20 05:16:00,2,Producto equivocado,3567.51
3693,29950,2025-09-24 18:33:00,2,Talla o presentacion,737.16
3694,28563,2026-03-08 12:53:00,2,Cambio de opinion,4354.80
3695,32356,2025-04-13 20:12:00,3,Producto defectuoso,6617.97
3696,32357,2025-04-11 20:11:00,1,Producto equivocado,2258.20
3697,35472,2023-04-30 01:43:00,3,Cambio de opinion,1417.89
3698,36026,2023-05-16 07:50:00,2,Cambio de opinion,4509.80
3699,28883,2023-08-26 20:47:00,2,Danado en transporte,3658.04
3700,30745,2023-11-27 19:33:00,1,Cambio de opinion,2168.12
3701,33746,2023-09-19 04:06:00,3,Danado en transporte,5436.42
3702,31234,2023-10-15 17:08:00,1,Cambio de opinion,1778.24
3703,38594,2023-04-28 09:56:00,1,Producto equivocado,2249.83
3704,39857,2025-10-20 10:17:00,4,Danado en transporte,8998.68
3705,39409,2023-03-13 16:33:00,2,Producto defectuoso,3877.26
3706,44910,2024-11-19 22:57:00,1,Cambio de opinion,1906.18
3707,45720,2026-02-17 09:21:00,1,Danado en transporte,379.25
3708,50058,2025-04-25 14:20:00,1,Cambio de opinion,2062.87
3709,51449,2025-08-12 01:04:00,2,Cambio de opinion,4437.30
3710,49522,2026-08-23 06:25:00,3,Cambio de opinion,1175.68
3711,52884,2025-01-27 22:27:00,1,Producto defectuoso,2266.84
3712,50752,2025-10-20 15:26:00,3,Cambio de opinion,6062.31
3713,53889,2024-08-14 11:48:00,2,Danado en transporte,3775.81
3714,53127,2025-02-22 13:33:00,4,Producto defectuoso,6549.55
3715,56366,2026-02-09 07:01:00,1,Producto equivocado,1638.68
3716,54948,2026-04-12 10:02:00,1,Talla o presentacion,1893.58
3717,62101,2023-12-28 18:10:00,1,Producto defectuoso,1505.34
3718,59220,2026-05-26 10:14:00,1,Cambio de opinion,1620.47
3719,60759,2023-08-18 13:51:00,1,Danado en transporte,366.73
3720,62293,2024-08-21 08:15:00,1,Talla o presentacion,362.47
3721,57044,2025-07-20 23:49:00,1,Cambio de opinion,414.18
3722,58808,2023-11-14 00:29:00,1,Cambio de opinion,2086.08
3723,59489,2023-03-09 19:07:00,2,Danado en transporte,4405.10
3724,64162,2024-04-16 02:52:00,1,Danado en transporte,1900.09
3725,65945,2023-05-29 19:46:00,1,Producto defectuoso,1266.88
3726,66425,2024-08-20 06:40:00,1,Danado en transporte,353.94
3727,70395,2023-02-27 17:00:00,1,Danado en transporte,464.05
3728,65552,2026-04-04 14:41:00,1,Talla o presentacion,1430.82
3729,68995,2026-01-30 10:23:00,1,Producto defectuoso,1401.02
3730,74709,2026-03-26 18:24:00,2,Danado en transporte,4634.64
3731,10913,2026-06-19 12:48:00,2,Danado en transporte,949.12
3732,14147,2023-02-27 16:36:00,2,Cambio de opinion,770.34
3733,13277,2024-06-15 19:11:00,2,Danado en transporte,939.63
3734,16336,2026-06-02 07:12:00,3,Producto defectuoso,5009.04
3735,12149,2026-01-12 01:49:00,2,Cambio de opinion,3617.32
3736,10859,2023-04-19 10:04:00,1,Cambio de opinion,1889.86
3737,12338,2024-09-15 19:27:00,1,Talla o presentacion,1955.09
3738,14001,2023-05-02 15:42:00,1,Cambio de opinion,444.00
3739,15523,2025-06-13 19:00:00,1,Cambio de opinion,1853.17
3740,11347,2023-04-08 16:44:00,1,Producto defectuoso,2269.18
3741,9932,2025-11-23 01:13:00,3,Producto defectuoso,5504.46
3742,13085,2025-05-04 01:33:00,3,Producto defectuoso,1109.76
3743,16252,2026-01-25 09:32:00,1,Talla o presentacion,1671.04
3744,19326,2024-04-10 14:24:00,3,Producto defectuoso,5128.89
3745,11912,2023-01-16 17:32:00,3,Cambio de opinion,1187.16
3746,25267,2024-01-18 22:04:00,1,Producto equivocado,448.35
3747,22334,2023-04-16 20:34:00,1,Producto defectuoso,426.58
3748,21331,2023-02-14 05:54:00,2,Producto defectuoso,3666.95
3749,29311,2023-12-23 10:58:00,2,Producto equivocado,3414.44
3750,21667,2025-01-19 01:41:00,2,Talla o presentacion,793.22
3751,32473,2024-05-25 14:46:00,3,Cambio de opinion,5603.97
3752,22268,2026-06-16 23:24:00,1,Producto equivocado,1616.63
3753,23772,2024-09-01 06:12:00,2,Talla o presentacion,2928.63
3754,27906,2024-04-08 07:09:00,3,Producto equivocado,6134.47
3755,34210,2023-01-12 06:32:00,1,Cambio de opinion,2117.85
3756,29895,2025-04-15 15:48:00,3,Producto defectuoso,1395.22
3757,29822,2024-08-25 22:59:00,3,Producto equivocado,4351.52
3758,39217,2024-01-19 17:33:00,4,Producto equivocado,7796.80
3759,39084,2024-05-21 15:29:00,1,Cambio de opinion,1725.86
3760,38148,2024-01-05 13:43:00,1,Danado en transporte,2003.09
3761,38390,2024-03-31 20:56:00,1,Producto defectuoso,1953.84
3762,41731,2023-12-01 10:21:00,2,Cambio de opinion,3593.54
3763,43865,2024-06-15 21:19:00,2,Cambio de opinion,3394.56
3764,47013,2023-06-13 09:39:00,4,Talla o presentacion,5321.52
3765,55249,2023-03-06 17:00:00,2,Talla o presentacion,3752.86
3766,56743,2026-07-25 23:32:00,2,Talla o presentacion,3448.80
3767,55492,2023-12-17 16:03:00,1,Producto defectuoso,1757.93
3768,50751,2025-10-20 15:27:00,2,Producto equivocado,4072.50
3769,55683,2023-12-26 12:11:00,2,Talla o presentacion,4214.84
3770,57437,2025-03-08 03:18:00,2,Producto defectuoso,835.76
3771,57482,2025-04-13 21:29:00,1,Producto equivocado,1762.50
3772,57558,2023-05-22 20:25:00,1,Danado en transporte,1692.00
3773,59497,2023-02-23 18:47:00,2,Talla o presentacion,655.95
3774,58169,2023-12-22 23:39:00,2,Talla o presentacion,3559.56
3775,58283,2024-04-14 19:20:00,2,Cambio de opinion,3412.76
3776,61372,2025-10-01 23:10:00,1,Talla o presentacion,1971.48
3777,58093,2025-07-22 17:07:00,2,Producto defectuoso,3412.76
3778,60244,2025-10-25 16:48:00,1,Producto equivocado,422.23
3779,61827,2023-09-26 13:17:00,1,Producto defectuoso,1832.18
3780,62437,2024-09-29 01:54:00,1,Talla o presentacion,1853.17
3781,63637,2023-03-26 15:09:00,1,Producto defectuoso,377.55
3782,62291,2024-09-19 07:48:00,1,Producto equivocado,1844.47
3783,63943,2023-02-27 17:21:00,1,Cambio de opinion,1794.05
3784,63694,2026-02-09 19:28:00,1,Talla o presentacion,347.03
3785,69152,2024-05-29 02:24:00,1,Producto equivocado,1533.22
3786,70847,2023-08-28 16:07:00,1,Danado en transporte,1660.16
3787,66282,2024-12-07 22:23:00,1,Producto defectuoso,455.58
3788,73062,2023-10-06 13:32:00,1,Producto equivocado,1969.51
3789,76241,2024-11-14 01:01:00,2,Producto equivocado,3953.88
3790,69999,2025-01-21 08:21:00,2,Talla o presentacion,793.22
3791,68792,2024-11-30 09:00:00,1,Producto defectuoso,1616.61
3792,734,2024-12-12 07:50:00,1,Danado en transporte,478.64
3793,815,2023-12-25 07:53:00,1,Danado en transporte,478.64
3794,2378,2026-04-19 14:04:00,1,Producto equivocado,427.95
3795,9466,2026-03-29 15:37:00,3,Producto defectuoso,6302.28
3796,15016,2024-08-12 08:21:00,2,Producto equivocado,3790.63
3797,17002,2025-04-19 22:05:00,3,Danado en transporte,4827.67
3798,9674,2024-10-13 06:51:00,1,Danado en transporte,451.03
3799,14396,2026-02-28 16:50:00,1,Danado en transporte,1797.88
3800,16002,2025-11-12 12:31:00,1,Producto defectuoso,1759.80
3801,17656,2024-05-12 08:05:00,2,Producto equivocado,4289.04
3802,21597,2025-12-14 22:22:00,2,Danado en transporte,3095.81
3803,17322,2026-07-26 18:36:00,1,Producto defectuoso,1626.16
3804,18898,2023-09-21 07:45:00,3,Talla o presentacion,1462.08
3805,22961,2025-01-28 21:36:00,2,Producto defectuoso,847.25
3806,24198,2024-09-04 10:24:00,3,Danado en transporte,5131.62
3807,26310,2023-02-21 16:00:00,3,Danado en transporte,1321.75
3808,29896,2025-04-13 15:47:00,1,Producto equivocado,1981.76
3809,35676,2024-11-29 11:18:00,1,Talla o presentacion,374.28
3810,32152,2024-01-25 16:26:00,2,Danado en transporte,4244.24
3811,32166,2023-12-29 16:03:00,3,Talla o presentacion,6972.03
3812,35342,2024-02-24 19:01:00,3,Cambio de opinion,4568.72
3813,36913,2025-08-02 19:58:00,1,Cambio de opinion,401.57
3814,34286,2025-07-19 11:21:00,1,Danado en transporte,491.50
3815,36592,2023-12-11 00:16:00,3,Talla o presentacion,4468.98
3816,37272,2025-01-04 13:59:00,1,Producto equivocado,2099.98
3817,40035,2023-05-03 19:18:00,2,Producto equivocado,771.94
3818,42226,2023-12-12 06:43:00,3,Producto equivocado,6075.81
3819,42227,2023-12-12 06:42:00,4,Cambio de opinion,8464.00
3820,40935,2025-09-29 05:19:00,2,Danado en transporte,999.12
3821,40936,2025-09-29 05:18:00,3,Producto defectuoso,6637.77
3822,45736,2026-01-10 09:53:00,3,Producto defectuoso,1043.45
3823,41283,2026-05-19 23:32:00,4,Cambio de opinion,6633.10
3824,40923,2025-11-15 04:34:00,4,Cambio de opinion,8399.92
3825,46724,2024-12-02 04:29:00,1,Producto defectuoso,373.44
3826,49391,2024-05-18 03:57:00,2,Producto defectuoso,3711.16
3827,49405,2023-03-29 05:06:00,2,Producto equivocado,4109.94
3828,44781,2024-11-09 13:01:00,2,Cambio de opinion,3996.08
3829,44859,2025-06-07 19:56:00,2,Talla o presentacion,3120.13
3830,46390,2024-11-12 05:17:00,1,Talla o presentacion,370.38
3831,47011,2023-06-17 09:37:00,2,Producto equivocado,803.14
3832,47346,2023-12-13 00:37:00,3,Cambio de opinion,1528.35
3833,50447,2025-07-03 11:15:00,4,Producto equivocado,7725.28
3834,52054,2024-07-14 11:29:00,1,Producto defectuoso,1742.88
3835,50562,2023-08-18 14:53:00,3,Producto defectuoso,4264.15
3836,51446,2025-08-03 01:16:00,3,Danado en transporte,5238.36
3837,59032,2025-02-06 23:00:00,1,Cambio de opinion,440.92
3838,53249,2024-11-26 14:55:00,2,Producto equivocado,787.54
3839,54886,2023-06-04 14:28:00,1,Danado en transporte,405.00
3840,63377,2023-11-18 07:14:00,1,Danado en transporte,2346.57
3841,71130,2025-07-02 09:13:00,1,Producto defectuoso,374.28
3842,62230,2024-05-18 19:43:00,1,Danado en transporte,2253.94
3843,73381,2026-02-12 20:53:00,2,Producto equivocado,2964.14
3844,69470,2026-05-26 18:21:00,1,Producto equivocado,2100.76
3845,68342,2025-05-06 02:45:00,1,Danado en transporte,1643.10
3846,75646,2024-08-24 10:41:00,1,Talla o presentacion,396.98
3847,75761,2023-03-07 21:35:00,2,Cambio de opinion,717.60
3848,7049,2026-04-19 21:48:00,4,Producto equivocado,6999.36
3849,12726,2025-02-28 20:37:00,3,Producto equivocado,6551.10
3850,817,2023-12-25 07:51:00,1,Producto equivocado,1802.34
3851,19441,2023-11-24 10:38:00,1,Producto defectuoso,1862.25
3852,19511,2023-05-12 14:06:00,2,Talla o presentacion,4783.82
3853,24191,2024-09-26 10:13:00,3,Talla o presentacion,1398.84
3854,18064,2024-09-25 05:33:00,1,Danado en transporte,1943.91
3855,22960,2025-01-28 21:37:00,1,Danado en transporte,400.87
3856,28444,2025-11-28 11:27:00,2,Danado en transporte,4505.14
3857,20973,2025-10-20 17:05:00,3,Producto equivocado,5821.98
3858,22844,2025-10-04 09:40:00,1,Danado en transporte,1732.34
3859,25962,2026-07-05 11:08:00,1,Cambio de opinion,413.14
3860,26646,2023-12-20 22:42:00,3,Cambio de opinion,5719.56
3861,28953,2024-01-09 18:23:00,3,Cambio de opinion,5710.02
3862,33937,2025-07-25 15:34:00,1,Cambio de opinion,1762.17
3863,36912,2025-08-02 19:59:00,3,Producto equivocado,5696.73
3864,30163,2023-09-21 01:29:00,4,Danado en transporte,7613.36
3865,37212,2025-09-20 06:04:00,1,Producto defectuoso,2286.61
3866,34417,2023-07-25 23:33:00,2,Producto equivocado,2581.80
3867,37794,2025-07-08 22:45:00,1,Producto equivocado,1957.04
3868,43342,2025-09-04 18:10:00,3,Producto defectuoso,6509.84
3869,54293,2025-01-14 14:11:00,1,Danado en transporte,404.96
3870,50636,2026-01-17 13:57:00,3,Cambio de opinion,5547.87
3871,56991,2026-03-19 03:48:00,2,Danado en transporte,3769.36
3872,54885,2023-06-06 14:29:00,2,Talla o presentacion,832.97
3873,60813,2024-02-04 15:24:00,1,Cambio de opinion,1791.38
3874,60433,2024-07-18 08:49:00,1,Talla o presentacion,448.17
3875,62689,2025-03-09 03:17:00,1,Talla o presentacion,2117.02
3876,64931,2024-04-27 20:29:00,1,Cambio de opinion,1732.34
3877,66482,2023-05-10 04:18:00,1,Talla o presentacion,2415.13
3878,66556,2026-04-28 02:39:00,1,Danado en transporte,2094.50
3879,66619,2025-05-15 01:49:00,1,Producto defectuoso,443.65
3880,67047,2023-02-01 05:52:00,1,Producto equivocado,2184.59
3881,67293,2025-03-27 03:08:00,1,Producto equivocado,2345.46
3882,62871,2025-09-23 13:38:00,1,Talla o presentacion,2299.02
3883,64673,2026-02-26 09:17:00,1,Danado en transporte,462.15
3884,66223,2026-05-29 05:52:00,1,Producto defectuoso,2207.11
3885,70960,2024-05-21 20:22:00,1,Producto equivocado,2403.28
3886,66106,2023-04-14 04:53:00,1,Talla o presentacion,452.70
3887,74514,2025-05-16 09:38:00,1,Cambio de opinion,389.81
3888,69616,2025-12-01 15:24:00,1,Talla o presentacion,1862.25
3889,6600,2025-06-25 20:35:00,1,Producto defectuoso,470.92
3890,7176,2024-07-06 11:01:00,3,Producto equivocado,1345.29
3891,3300,2024-06-25 23:02:00,1,Cambio de opinion,2307.58
3892,10217,2024-08-31 17:45:00,1,Cambio de opinion,360.50
3893,7452,2023-09-24 22:11:00,3,Cambio de opinion,5877.75
3894,11027,2025-06-29 12:52:00,3,Danado en transporte,5395.89
3895,15582,2024-03-26 02:29:00,3,Cambio de opinion,1271.82
3896,20018,2026-08-13 10:26:00,2,Producto equivocado,810.70
3897,18516,2025-07-16 08:51:00,1,Talla o presentacion,2284.26
3898,24199,2024-08-31 10:27:00,1,Producto defectuoso,379.48
3899,26630,2024-01-01 22:36:00,3,Producto equivocado,1318.92
3900,31671,2026-06-18 15:00:00,2,Producto defectuoso,865.96
3901,34023,2023-11-16 05:13:00,1,Talla o presentacion,437.07
3902,31031,2024-08-16 15:32:00,1,Cambio de opinion,345.36
3903,32806,2026-08-15 12:06:00,3,Talla o presentacion,1239.84
3904,35982,2024-03-13 18:51:00,1,Producto defectuoso,401.35
3905,36664,2023-09-09 05:33:00,1,Talla o presentacion,411.61
3906,35288,2023-09-26 16:28:00,2,Producto defectuoso,857.16
3907,37285,2024-12-04 13:31:00,1,Danado en transporte,299.07
3908,35983,2024-03-11 18:50:00,2,Producto equivocado,3511.65
3909,45989,2025-12-09 14:28:00,2,Producto equivocado,3632.43
3910,48208,2025-04-23 14:13:00,1,Cambio de opinion,427.81
3911,53057,2024-02-08 17:53:00,4,Cambio de opinion,1617.73
3912,48657,2023-04-14 22:53:00,4,Cambio de opinion,7604.84
3913,49659,2024-11-16 23:10:00,2,Talla o presentacion,831.70
3914,50053,2025-05-31 13:53:00,4,Talla o presentacion,1590.57
3915,55246,2023-03-02 17:13:00,1,Producto defectuoso,426.45
3916,47781,2024-11-30 01:02:00,2,Talla o presentacion,831.70
3917,55498,2023-12-11 15:47:00,1,Producto defectuoso,360.50
3918,57045,2025-08-07 23:48:00,2,Talla o presentacion,847.88
3919,58615,2026-01-25 00:19:00,2,Cambio de opinion,914.40
3920,60119,2023-02-06 13:58:00,1,Producto equivocado,436.78
3921,57483,2025-04-11 21:28:00,2,Cambio de opinion,3768.40
3922,61432,2024-06-09 19:10:00,1,Producto equivocado,1830.21
3923,62049,2024-08-28 14:06:00,1,Producto defectuoso,360.50
3924,65044,2025-08-21 00:47:00,1,Producto equivocado,384.05
3925,70323,2023-06-26 15:07:00,1,Producto equivocado,1882.20
3926,71900,2026-04-19 21:47:00,1,Danado en transporte,1451.45
3927,70132,2025-11-13 17:16:00,1,Talla o presentacion,1882.20
3928,71582,2025-10-19 07:06:00,1,Talla o presentacion,476.96
3929,76563,2023-08-10 21:03:00,2,Danado en transporte,770.92
3930,6466,2024-08-04 05:27:00,3,Talla o presentacion,6466.89
3931,5923,2025-07-10 02:52:00,2,Danado en transporte,3787.16
3932,5990,2025-10-13 07:06:00,1,Cambio de opinion,2090.18
3933,7528,2024-10-22 22:28:00,1,Cambio de opinion,2264.50
3934,3374,2024-10-29 01:16:00,1,Danado en transporte,453.49
3935,6818,2024-02-01 18:32:00,1,Producto defectuoso,449.05
3936,6944,2026-04-07 16:01:00,1,Producto defectuoso,2112.08
3937,7102,2025-02-11 14:33:00,3,Danado en transporte,6675.08
3938,8536,2023-02-09 09:19:00,3,Cambio de opinion,1360.47
3939,4044,2025-03-31 12:56:00,1,Danado en transporte,2177.40
3940,8054,2025-12-13 23:51:00,1,Danado en transporte,2199.17
3941,9583,2025-06-12 10:52:00,2,Producto defectuoso,3605.08
3942,15450,2025-02-01 21:23:00,3,Producto equivocado,1052.04
3943,9933,2025-11-21 01:12:00,2,Danado en transporte,3495.84
3944,15130,2025-10-09 05:23:00,3,Danado en transporte,1320.45
3945,18197,2023-10-26 13:16:00,2,Producto equivocado,818.76
3946,14078,2023-09-05 13:33:00,2,Producto defectuoso,690.83
3947,18906,2024-05-14 03:59:00,2,Talla o presentacion,2861.64
3948,12072,2026-08-22 22:06:00,1,Talla o presentacion,307.74
3949,17452,2024-06-29 20:52:00,1,Producto defectuoso,1747.92
3950,23771,2024-09-01 06:13:00,1,Cambio de opinion,1842.95
3951,25459,2025-11-15 05:03:00,3,Producto defectuoso,5770.47
3952,22526,2024-01-02 00:34:00,3,Danado en transporte,1230.12
3953,21406,2023-05-05 10:23:00,3,Talla o presentacion,1073.52
3954,30092,2026-08-11 21:12:00,3,Producto defectuoso,5528.87
3955,33992,2025-01-12 12:07:00,3,Danado en transporte,4650.18
3956,34533,2026-03-16 19:23:00,2,Producto equivocado,4350.30
3957,32153,2024-01-23 16:25:00,3,Producto defectuoso,1323.91
3958,36218,2023-09-27 04:07:00,1,Producto equivocado,1690.20
3959,36476,2026-01-01 02:20:00,3,Talla o presentacion,1459.74
3960,37927,2025-03-17 02:22:00,4,Producto defectuoso,1890.52
3961,39972,2023-12-15 23:01:00,3,Talla o presentacion,5481.39
3962,41486,2024-02-07 17:32:00,3,Cambio de opinion,6604.35
3963,42996,2025-05-05 13:57:00,3,Talla o presentacion,6590.70
3964,37532,2026-08-17 17:58:00,2,Producto equivocado,790.09
3965,40937,2025-10-11 05:05:00,4,Producto equivocado,7914.69
3966,42734,2026-05-24 09:16:00,1,Cambio de opinion,1830.90
3967,46217,2025-05-04 10:07:00,4,Producto defectuoso,6831.24
3968,47910,2023-12-22 00:31:00,1,Talla o presentacion,1838.96
3969,47666,2024-01-24 15:57:00,3,Danado en transporte,6695.81
3970,45349,2024-05-25 13:56:00,2,Talla o presentacion,4490.08
3971,45416,2024-09-03 12:14:00,3,Danado en transporte,1317.67
3972,50187,2023-06-05 02:07:00,4,Producto defectuoso,5986.14
3973,45795,2025-06-17 13:25:00,2,Producto defectuoso,4679.64
3974,47460,2025-04-03 18:43:00,1,Producto equivocado,2088.14
3975,51444,2026-07-27 19:00:00,1,Cambio de opinion,1814.54
3976,49580,2026-01-31 09:55:00,1,Producto equivocado,1789.51
3977,53171,2025-08-20 10:24:00,2,Producto defectuoso,3313.27
3978,61377,2025-09-06 23:26:00,1,Cambio de opinion,1593.19
3979,67802,2025-05-01 18:10:00,1,Producto defectuoso,1729.71
3980,64802,2026-08-15 10:26:00,1,Danado en transporte,368.58
3981,70336,2023-05-06 13:59:00,1,Danado en transporte,2294.83
3982,66938,2024-01-10 14:26:00,1,Producto defectuoso,1460.63
3983,69674,2025-11-11 15:30:00,1,Cambio de opinion,2083.92
3984,72700,2023-10-02 10:11:00,1,Danado en transporte,496.21
3985,12788,2025-07-16 18:21:00,2,Danado en transporte,835.76
3986,14268,2026-03-28 16:04:00,2,Cambio de opinion,4363.80
3987,11285,2024-07-17 08:52:00,2,Producto equivocado,896.70
3988,11475,2024-05-28 15:41:00,2,Talla o presentacion,3942.96
3989,13088,2025-04-30 01:34:00,3,Talla o presentacion,1292.82
3990,16198,2023-09-11 01:54:00,1,Producto defectuoso,403.38
3991,18645,2025-06-02 09:36:00,3,Cambio de opinion,1109.99
3992,20148,2025-04-20 02:28:00,3,Producto defectuoso,6414.78
3993,11668,2023-12-20 18:06:00,2,Talla o presentacion,4047.90
3994,18136,2023-06-27 13:19:00,1,Danado en transporte,2116.44
3995,19646,2026-06-10 01:21:00,3,Cambio de opinion,4968.13
3996,19966,2026-06-29 12:48:00,1,Talla o presentacion,2050.34
3997,24777,2024-04-03 02:55:00,3,Producto defectuoso,5157.36
3998,27136,2024-12-21 21:05:00,2,Cambio de opinion,793.22
3999,19455,2026-07-14 16:34:00,2,Danado en transporte,3864.10
4000,24588,2026-02-11 09:36:00,1,Danado en transporte,343.22
4001,20201,2025-09-19 23:59:00,2,Cambio de opinion,879.28
4002,22147,2023-07-31 18:37:00,1,Producto equivocado,1889.86
4003,29967,2024-09-21 12:12:00,3,Producto defectuoso,1155.51
4004,36140,2024-01-27 12:04:00,3,Producto defectuoso,5285.64
4005,34929,2024-01-20 00:25:00,2,Producto equivocado,3558.66
4006,39856,2025-10-22 10:18:00,3,Talla o presentacion,5908.79
4007,46200,2024-08-17 18:26:00,1,Talla o presentacion,1739.71
4008,35418,2025-10-11 18:59:00,2,Producto equivocado,3947.16
4009,46521,2023-02-07 21:55:00,2,Producto defectuoso,3670.86
4010,47537,2023-08-05 21:03:00,4,Producto defectuoso,6698.64
4011,39026,2023-09-12 14:04:00,3,Talla o presentacion,4547.98
4012,49261,2024-09-05 10:26:00,2,Producto equivocado,3685.07
4013,51127,2023-07-18 19:25:00,4,Talla o presentacion,7578.56
4014,48133,2023-05-06 02:24:00,4,Danado en transporte,1714.16
4015,56046,2025-12-08 11:53:00,1,Producto defectuoso,1709.63
4016,49784,2026-08-04 10:28:00,1,Cambio de opinion,1640.86
4017,56160,2024-12-06 23:53:00,1,Talla o presentacion,1724.13
4018,57689,2026-03-05 00:57:00,2,Producto defectuoso,4407.44
4019,63117,2025-02-11 05:38:00,1,Producto defectuoso,1760.33
4020,63187,2025-09-24 17:53:00,1,Cambio de opinion,2094.62
4021,67220,2026-08-20 10:28:00,1,Producto equivocado,1445.25
4022,67237,2023-03-14 21:22:00,1,Talla o presentacion,2050.98
4023,58817,2024-07-29 20:16:00,2,Cambio de opinion,4320.16
4024,60493,2023-10-08 13:37:00,1,Danado en transporte,479.31
4025,66809,2023-02-23 03:47:00,1,Cambio de opinion,422.35
4026,64800,2026-07-16 10:38:00,1,Cambio de opinion,417.88
4027,67993,2023-09-23 18:10:00,1,Producto equivocado,1844.47
4028,59047,2024-12-16 23:47:00,2,Cambio de opinion,4276.52
4029,67350,2024-11-25 11:12:00,1,Producto defectuoso,422.23
4030,71016,2025-01-16 12:10:00,1,Cambio de opinion,1587.44
4031,69807,2026-01-15 17:45:00,1,Producto equivocado,2181.39
4032,68410,2024-04-01 01:35:00,1,Producto equivocado,385.17
4033,68790,2024-12-28 08:34:00,1,Talla o presentacion,1862.38
4034,3570,2023-07-14 15:19:00,1,Producto defectuoso,2256.32
4035,162,2023-02-16 22:01:00,1,Talla o presentacion,459.99
4036,3454,2023-04-14 23:40:00,1,Danado en transporte,2063.48
4037,9594,2026-02-05 14:51:00,1,Danado en transporte,426.07
4038,9178,2025-07-31 05:07:00,1,Cambio de opinion,2188.29
4039,7798,2024-02-01 12:05:00,1,Producto defectuoso,455.63
4040,14641,2023-10-31 19:08:00,2,Producto defectuoso,987.68
4041,16455,2023-10-16 23:29:00,1,Talla o presentacion,507.05
4042,11858,2024-04-20 09:54:00,2,Producto defectuoso,1014.10
4043,9662,2024-11-08 07:15:00,3,Producto equivocado,5566.73
4044,21596,2025-12-14 22:23:00,1,Talla o presentacion,1634.44
4045,17266,2023-03-02 11:28:00,1,Producto equivocado,472.59
4046,17381,2025-05-08 02:05:00,3,Producto defectuoso,1244.93
4047,18760,2024-11-22 23:10:00,2,Producto equivocado,779.74
4048,21276,2024-04-11 22:55:00,3,Cambio de opinion,6630.51
4049,31046,2024-07-11 15:01:00,3,Cambio de opinion,1468.98
4050,34082,2023-05-02 08:08:00,3,Talla o presentacion,4883.68
4051,35096,2026-03-04 00:57:00,3,Producto equivocado,6116.46
4052,35343,2024-02-22 19:00:00,1,Talla o presentacion,1814.02
4053,32355,2024-08-08 16:03:00,2,Danado en transporte,2744.15
4054,37029,2024-09-23 01:09:00,1,Danado en transporte,2089.24
4055,32675,2023-04-05 23:20:00,2,Producto equivocado,4550.52
4056,35865,2023-08-31 22:02:00,3,Danado en transporte,1211.00
4057,37590,2026-01-25 14:28:00,3,Producto defectuoso,6075.81
4058,33297,2026-04-21 08:09:00,3,Talla o presentacion,1134.51
4059,36347,2025-12-22 23:47:00,1,Danado en transporte,2100.24
4060,37669,2023-10-17 10:19:00,2,Cambio de opinion,4134.27
4061,43547,2025-10-05 15:45:00,4,Cambio de opinion,6850.72
4062,38392,2024-03-26 20:53:00,3,Cambio de opinion,1169.61
4063,41614,2023-11-09 19:08:00,1,Producto equivocado,420.10
4064,43806,2025-05-11 02:05:00,3,Cambio de opinion,6122.23
4065,45852,2023-12-06 06:13:00,3,Producto equivocado,970.79
4066,39013,2023-10-28 13:21:00,4,Producto defectuoso,8352.92
4067,49916,2025-02-23 03:41:00,3,Producto defectuoso,1460.34
4068,51240,2023-11-10 23:28:00,1,Producto equivocado,2169.63
4069,46789,2024-04-22 08:12:00,2,Producto equivocado,3900.50
4070,60316,2026-02-01 09:08:00,1,Producto equivocado,2233.76
4071,52758,2026-02-25 13:07:00,1,Danado en transporte,2025.27
4072,59093,2024-05-02 03:43:00,2,Danado en transporte,4512.64
4073,60622,2024-01-19 17:50:00,1,Danado en transporte,2144.52
4074,52812,2025-09-22 18:27:00,3,Cambio de opinion,5895.36
4075,52826,2025-08-19 18:57:00,3,Producto equivocado,4171.48
4076,53634,2026-07-15 11:40:00,1,Producto equivocado,385.97
4077,53172,2025-08-16 10:27:00,3,Producto equivocado,5254.75
4078,65101,2024-11-29 05:07:00,1,Producto equivocado,1759.80
4079,71146,2025-12-15 12:05:00,1,Producto equivocado,2233.76
4080,73190,2024-03-13 14:45:00,1,Talla o presentacion,509.45
4081,71849,2025-10-08 18:53:00,1,Producto defectuoso,1985.17
4082,73641,2023-04-12 12:17:00,2,Cambio de opinion,3938.38
4083,71450,2024-03-25 03:38:00,1,Cambio de opinion,479.77
4084,73076,2025-05-28 09:19:00,1,Producto defectuoso,1881.47
4085,75645,2024-08-13 10:53:00,2,Cambio de opinion,795.34
4086,75327,2023-12-03 22:45:00,2,Cambio de opinion,2814.89
4087,75777,2026-03-04 01:19:00,2,Talla o presentacion,3711.16
4088,76126,2026-05-06 06:13:00,1,Producto equivocado,1909.12
4089,74836,2025-03-28 02:45:00,1,Producto equivocado,1695.72
4090,76183,2026-01-07 22:38:00,2,Producto defectuoso,3906.48
4091,3360,2024-11-28 01:42:00,1,Talla o presentacion,355.66
4092,6580,2026-07-10 02:59:00,1,Producto equivocado,443.42
4093,2301,2025-01-01 09:27:00,4,Cambio de opinion,1701.64
4094,3853,2025-03-28 07:39:00,2,Producto defectuoso,4240.20
4095,11402,2023-10-11 13:39:00,2,Danado en transporte,4737.36
4096,14657,2023-03-08 04:50:00,2,Producto equivocado,4598.04
4097,12728,2025-02-02 21:01:00,2,Talla o presentacion,923.50
4098,5301,2023-09-15 10:27:00,4,Producto defectuoso,8650.00
4099,11591,2023-09-09 20:03:00,2,Talla o presentacion,3783.61
4100,14719,2025-03-02 02:36:00,1,Producto defectuoso,496.93
4101,9117,2025-02-27 02:28:00,2,Cambio de opinion,3044.71
4102,10605,2024-04-07 21:08:00,3,Producto defectuoso,1303.77
4103,14208,2026-07-01 23:00:00,2,Producto equivocado,4369.18
4104,15771,2024-12-01 10:37:00,2,Talla o presentacion,3873.48
4105,19571,2025-09-17 21:34:00,2,Danado en transporte,4369.18
4106,22640,2023-07-16 01:04:00,3,Talla o presentacion,1214.88
4107,27762,2026-03-07 19:31:00,2,Producto equivocado,964.04
4108,18384,2023-07-08 15:17:00,2,Producto defectuoso,3588.74
4109,20919,2025-04-21 20:13:00,2,Producto defectuoso,964.04
4110,28764,2024-11-15 23:40:00,3,Producto defectuoso,6827.40
4111,23393,2026-07-10 01:25:00,3,Producto defectuoso,1412.43
4112,61888,2026-06-23 22:52:00,1,Cambio de opinion,531.15
4113,63552,2024-11-28 18:24:00,1,Producto equivocado,335.48
4114,58032,2026-04-04 21:26:00,1,Talla o presentacion,350.68
4115,64366,2026-04-13 02:11:00,1,Producto defectuoso,2292.45
4116,56878,2024-11-10 11:22:00,1,Cambio de opinion,2175.15
4117,68035,2023-01-26 22:20:00,1,Producto equivocado,430.70
4118,70525,2025-08-17 10:04:00,1,Producto defectuoso,454.54
4119,72199,2026-01-09 00:03:00,1,Cambio de opinion,491.40
4120,72457,2024-09-23 01:07:00,1,Producto equivocado,496.21
4121,75005,2025-04-28 01:53:00,2,Danado en transporte,4543.04
4122,45794,2025-06-21 13:22:00,1,Danado en transporte,1290.90
4123,53697,2025-04-16 19:16:00,4,Producto defectuoso,5112.48
4124,58353,2024-03-29 18:52:00,2,Producto defectuoso,793.56
4125,51691,2024-04-16 01:23:00,2,Talla o presentacion,3724.50
4126,60683,2024-07-13 02:28:00,1,Producto equivocado,477.05
4127,65304,2025-01-03 04:01:00,1,Producto equivocado,2035.30
4128,66732,2023-12-04 10:40:00,1,Cambio de opinion,1382.37
4129,68923,2024-08-05 05:09:00,1,Cambio de opinion,2297.19
4130,61752,2025-09-17 05:38:00,1,Cambio de opinion,2162.50
4131,60302,2025-06-17 13:01:00,1,Cambio de opinion,2077.70
4132,62818,2026-05-11 09:33:00,1,Talla o presentacion,2120.10
4133,69106,2025-10-18 18:09:00,1,Danado en transporte,2071.98
4134,69169,2024-12-07 23:25:00,1,Talla o presentacion,439.12
4135,61507,2026-08-03 00:17:00,1,Talla o presentacion,1903.34
4136,64685,2026-02-04 09:37:00,1,Producto equivocado,1627.35
4137,64557,2023-04-01 14:37:00,1,Talla o presentacion,1952.26
4138,69804,2025-12-21 17:17:00,1,Talla o presentacion,491.96
4139,69615,2025-12-25 15:01:00,1,Cambio de opinion,2113.24
4140,70014,2025-03-12 15:05:00,1,Producto equivocado,2056.50
4141,9040,2026-06-08 10:19:00,1,Cambio de opinion,1761.35
4142,13919,2025-09-11 05:41:00,2,Producto defectuoso,3492.48
4143,20339,2024-10-06 17:51:00,1,Talla o presentacion,436.78
4144,15208,2025-05-14 22:10:00,1,Producto defectuoso,1781.16
4145,17831,2023-01-22 16:14:00,3,Talla o presentacion,5890.98
4146,24062,2025-08-24 10:24:00,3,Producto defectuoso,1076.71
4147,21148,2025-02-21 17:37:00,2,Danado en transporte,4335.45
4148,29371,2026-06-02 20:01:00,2,Cambio de opinion,3501.95
4149,26385,2023-10-02 18:07:00,2,Producto defectuoso,4801.62
4150,31162,2024-02-15 00:52:00,3,Cambio de opinion,1183.91
4151,30426,2023-02-11 18:43:00,3,Cambio de opinion,5652.60
4152,35227,2025-11-27 23:17:00,1,Talla o presentacion,407.04
4153,29051,2025-02-08 13:41:00,1,Producto equivocado,1960.33
4154,38856,2025-03-20 04:53:00,3,Danado en transporte,6985.44
4155,42020,2025-09-06 05:52:00,1,Talla o presentacion,459.49
4156,42982,2025-05-17 13:49:00,3,Danado en transporte,1430.88
4157,52247,2024-03-29 07:30:00,4,Producto defectuoso,1578.33
4158,49145,2025-09-09 10:13:00,2,Producto defectuoso,797.48
4159,48464,2024-03-10 09:20:00,1,Cambio de opinion,424.15
4160,47780,2024-11-10 01:03:00,1,Cambio de opinion,411.61
4161,49338,2023-12-26 14:41:00,1,Producto defectuoso,407.37
4162,55435,2023-08-22 05:42:00,2,Producto equivocado,3245.63
4163,59297,2025-08-13 05:11:00,2,Producto defectuoso,3958.08
4164,56670,2023-01-05 00:07:00,1,Cambio de opinion,2279.56
4165,65946,2023-05-01 20:13:00,1,Producto equivocado,484.15
4166,59221,2026-06-11 10:11:00,2,Talla o presentacion,3601.85
4167,64306,2023-08-05 08:46:00,1,Danado en transporte,1846.13
4168,64686,2026-02-02 09:38:00,1,Cambio de opinion,2018.62
4169,70205,2024-08-22 15:50:00,1,Danado en transporte,397.76
4170,68094,2025-11-30 03:09:00,1,Producto equivocado,437.07
4171,66169,2026-06-07 05:41:00,1,Cambio de opinion,1674.84
4172,71657,2024-02-23 07:00:00,1,Producto equivocado,1451.45
4173,65163,2023-05-19 08:20:00,1,Danado en transporte,1827.10
4174,74708,2026-04-08 18:12:00,1,Talla o presentacion,455.07
4175,1643,2024-07-02 03:19:00,2,Producto defectuoso,2861.64
4176,1150,2025-11-13 17:30:00,1,Danado en transporte,1981.78
4177,6114,2024-09-26 18:12:00,1,Talla o presentacion,457.94
4178,1771,2026-07-22 11:32:00,4,Danado en transporte,7290.15
4179,5573,2024-11-18 07:19:00,2,Producto equivocado,3605.08
4180,9523,2023-01-23 18:20:00,2,Danado en transporte,2921.26
4181,9873,2025-06-22 22:32:00,2,Cambio de opinion,1041.86
4182,17715,2023-11-14 11:14:00,1,Cambio de opinion,401.75
4183,17772,2026-03-30 18:41:00,2,Producto equivocado,3532.26
4184,18181,2024-12-01 06:40:00,2,Producto defectuoso,2781.79
4185,12392,2025-04-05 16:19:00,2,Danado en transporte,730.00
4186,17204,2026-04-22 14:22:00,2,Talla o presentacion,3750.74
4187,23770,2024-09-05 06:10:00,3,Producto equivocado,3845.32
4188,21072,2025-06-05 01:18:00,2,Producto equivocado,3168.10
4189,27388,2024-03-05 05:04:00,1,Cambio de opinion,2269.98
4190,20914,2025-05-25 19:44:00,3,Producto defectuoso,6003.63
4191,29823,2024-08-25 22:58:00,1,Cambio de opinion,1872.56
4192,23656,2025-05-21 01:50:00,2,Talla o presentacion,4398.34
4193,24774,2024-04-13 02:28:00,3,Cambio de opinion,6597.51
4194,27966,2024-09-19 04:29:00,3,Cambio de opinion,1240.95
4195,32548,2024-06-10 22:47:00,2,Danado en transporte,873.51
4196,31298,2026-08-13 12:09:00,2,Cambio de opinion,3624.28
4197,33615,2026-08-04 23:39:00,1,Danado en transporte,2348.53
4198,35094,2026-03-09 01:00:00,1,Danado en transporte,445.95
4199,30747,2023-11-16 19:24:00,3,Danado en transporte,5070.60
4200,32098,2023-07-28 05:28:00,1,Cambio de opinion,2041.82
4201,33809,2025-12-30 20:07:00,2,Producto defectuoso,744.30
4202,32793,2025-12-19 08:12:00,1,Talla o presentacion,1970.33
4203,37795,2025-07-05 22:43:00,2,Cambio de opinion,3450.84
4204,34211,2023-01-29 06:30:00,2,Talla o presentacion,907.82
4205,34285,2025-07-21 11:22:00,3,Talla o presentacion,6706.86
4206,39651,2023-12-02 10:07:00,2,Producto equivocado,3599.73
4207,40034,2023-05-05 19:19:00,1,Producto defectuoso,1789.51
4208,41679,2025-03-22 02:24:00,2,Cambio de opinion,4090.46
4209,40153,2024-07-09 00:34:00,4,Talla o presentacion,1992.60
4210,40167,2024-06-05 01:04:00,4,Cambio de opinion,7241.09
4211,41746,2024-01-12 21:52:00,3,Cambio de opinion,1405.41
4212,37273,2025-01-02 13:58:00,2,Cambio de opinion,844.36
4213,38843,2025-03-04 14:37:00,4,Producto equivocado,1778.21
4214,40616,2026-05-31 05:24:00,3,Danado en transporte,6800.52
4215,43036,2023-03-29 02:45:00,3,Talla o presentacion,1337.84
4216,44460,2023-11-04 13:18:00,1,Producto defectuoso,2317.32
4217,47279,2025-07-08 22:57:00,2,Cambio de opinion,4454.66
4218,51517,2025-11-13 23:25:00,4,Talla o presentacion,6972.08
4219,47461,2025-04-03 18:42:00,2,Cambio de opinion,4219.80
4220,49786,2023-08-24 06:39:00,3,Danado en transporte,1332.97
4221,48770,2025-01-25 10:07:00,1,Danado en transporte,2227.83
4222,54306,2023-12-17 07:36:00,1,Talla o presentacion,450.30
4223,49713,2024-04-21 02:37:00,4,Producto defectuoso,7754.52
4224,51243,2023-11-03 23:32:00,4,Danado en transporte,6972.08
4225,52302,2024-12-22 08:50:00,3,Talla o presentacion,1364.85
4226,53377,2023-10-08 12:12:00,4,Talla o presentacion,9089.32
4227,55309,2023-08-12 21:01:00,2,Producto defectuoso,898.86
4228,56234,2025-05-19 13:33:00,1,Producto defectuoso,410.04
4229,60887,2023-11-26 10:07:00,1,Cambio de opinion,1775.53
4230,57422,2024-07-17 23:39:00,1,Producto defectuoso,1977.65
4231,61828,2023-09-23 13:19:00,1,Producto equivocado,354.26
4232,60362,2025-05-20 13:33:00,1,Talla o presentacion,2170.35
4233,59618,2023-10-11 10:20:00,1,Danado en transporte,1917.50
4234,64352,2026-07-24 12:33:00,1,Producto equivocado,2128.21
4235,61490,2026-05-25 05:24:00,1,Producto defectuoso,2242.72
4236,68793,2024-12-08 08:51:00,1,Producto equivocado,1875.37
4237,70268,2024-08-25 04:10:00,1,Talla o presentacion,413.68
4238,68228,2023-03-09 17:49:00,1,Producto equivocado,1371.21
4239,71334,2023-11-05 04:55:00,1,Producto equivocado,468.60
4240,68412,2024-04-11 01:23:00,1,Talla o presentacion,1475.54
4241,69922,2023-12-21 23:17:00,1,Producto defectuoso,1838.96
4242,66032,2026-02-02 19:32:00,1,Cambio de opinion,443.50
4243,72328,2024-04-28 01:37:00,1,Cambio de opinion,1826.79
4244,74324,2023-03-30 15:00:00,1,Producto defectuoso,2020.77
4245,75644,2023-12-30 14:41:00,1,Producto equivocado,1813.45
4246,75004,2025-05-11 01:41:00,1,Talla o presentacion,449.23
4247,22527,2023-12-29 00:37:00,1,Producto defectuoso,2204.90
4248,23260,2024-08-09 06:52:00,2,Talla o presentacion,719.93
4249,24907,2023-10-15 17:39:00,3,Producto equivocado,1412.43
4250,23597,2025-09-15 06:07:00,1,Producto equivocado,1819.83
4251,26837,2024-01-31 22:43:00,1,Producto defectuoso,2204.90
4252,17193,2026-05-20 14:07:00,2,Producto defectuoso,869.18
4253,40470,2024-01-22 21:23:00,1,Cambio de opinion,2015.17
4254,29705,2026-05-23 12:20:00,3,Danado en transporte,4702.37
4255,44143,2026-02-06 19:28:00,4,Producto equivocado,4703.47
4256,41732,2023-12-01 10:20:00,3,Talla o presentacion,5121.81
4257,44913,2024-12-02 23:01:00,4,Producto defectuoso,5163.60
4258,42159,2024-07-12 03:11:00,2,Producto defectuoso,4293.23
4259,49973,2024-12-16 10:52:00,4,Danado en transporte,8819.60
4260,49392,2024-05-18 03:56:00,3,Producto equivocado,5812.98
4261,59947,2024-01-15 13:44:00,1,Producto defectuoso,2342.24
4262,59366,2023-09-21 06:04:00,1,Cambio de opinion,2077.70
4263,61315,2026-07-15 18:12:00,1,Danado en transporte,1714.85
4264,57627,2023-09-08 21:32:00,2,Cambio de opinion,973.98
4265,65179,2023-02-09 21:53:00,1,Producto defectuoso,402.90
4266,64239,2024-01-21 04:03:00,1,Danado en transporte,482.02
4267,60056,2024-11-08 00:44:00,1,Producto equivocado,2052.89
4268,66411,2024-10-06 05:57:00,1,Producto defectuoso,2077.70
4269,66487,2026-06-19 01:34:00,1,Cambio de opinion,466.52
4270,63755,2025-10-09 11:17:00,1,Producto equivocado,2098.90
4271,65629,2025-01-17 01:53:00,1,Talla o presentacion,2071.98
4272,65689,2023-12-26 00:17:00,1,Danado en transporte,1784.84
4273,67543,2025-09-23 06:06:00,1,Producto defectuoso,1714.84
4274,74065,2025-10-31 10:55:00,2,Producto equivocado,3452.40
4275,71451,2024-04-09 03:34:00,1,Talla o presentacion,446.11
4276,74578,2023-02-08 11:26:00,1,Cambio de opinion,394.14
4277,2572,2024-10-14 04:07:00,3,Danado en transporte,1316.73
4278,16703,2026-01-08 10:12:00,3,Producto equivocado,7132.50
4279,18182,2024-11-27 06:43:00,3,Producto equivocado,4295.74
4280,20338,2024-09-20 17:48:00,3,Cambio de opinion,1228.71
4281,24960,2023-08-10 19:00:00,3,Producto equivocado,5538.39
4282,21071,2025-06-05 01:19:00,1,Producto defectuoso,1598.71
4283,18899,2023-09-21 07:44:00,1,Danado en transporte,2058.20
4284,18951,2024-03-13 04:50:00,3,Danado en transporte,5343.48
4285,23453,2023-04-26 22:45:00,2,Talla o presentacion,997.06
4286,31612,2026-01-23 12:39:00,3,Producto defectuoso,5589.57
4287,25585,2025-02-10 09:41:00,3,Producto defectuoso,5521.52
4288,32037,2025-02-25 12:05:00,3,Producto defectuoso,939.95
4289,35487,2025-11-21 19:21:00,2,Cambio de opinion,901.32
4290,32995,2025-03-21 07:18:00,3,Cambio de opinion,1311.21
4291,37607,2025-12-24 13:55:00,3,Danado en transporte,5837.79
4292,39599,2023-07-08 18:57:00,2,Producto defectuoso,3688.34
4293,36591,2023-11-28 00:30:00,2,Cambio de opinion,733.44
4294,39010,2023-09-30 13:32:00,1,Cambio de opinion,454.98
4295,43676,2023-05-16 10:13:00,3,Producto equivocado,1156.38
4296,37546,2025-07-28 11:37:00,3,Producto defectuoso,1285.74
4297,46523,2023-02-04 21:56:00,4,Cambio de opinion,1661.40
4298,42546,2025-01-17 03:59:00,3,Cambio de opinion,1430.88
4299,39913,2025-03-22 06:49:00,4,Talla o presentacion,1714.28
4300,48016,2023-07-22 01:08:00,3,Talla o presentacion,1323.93
4301,51051,2024-04-10 14:56:00,2,Producto defectuoso,697.84
4302,51124,2023-08-16 18:59:00,1,Producto defectuoso,1979.21
4303,51125,2023-08-16 18:58:00,2,Producto equivocado,4004.98
4304,53170,2025-08-20 10:25:00,1,Danado en transporte,399.83
4305,63887,2023-11-16 13:03:00,1,Talla o presentacion,341.80
4306,65366,2025-02-18 17:50:00,1,Danado en transporte,1939.46
4307,58746,2024-11-17 19:34:00,1,Cambio de opinion,418.02
4308,73383,2026-01-25 21:09:00,2,Talla o presentacion,3696.20
4309,73513,2025-08-24 17:56:00,2,Danado en transporte,4144.70
4310,74068,2023-03-25 02:43:00,1,Danado en transporte,455.07
4311,68546,2026-06-28 23:25:00,1,Producto defectuoso,1904.08
4312,73266,2025-02-15 17:00:00,1,Cambio de opinion,373.54
4313,74762,2025-05-30 13:54:00,1,Danado en transporte,1844.17
4314,66039,2026-01-13 20:01:00,1,Talla o presentacion,1985.98
4315,72251,2026-01-05 02:19:00,1,Talla o presentacion,1733.79
4316,74122,2026-01-19 10:06:00,1,Producto equivocado,1882.20
4317,72890,2024-11-14 00:44:00,1,Producto defectuoso,1451.45
4318,74907,2024-11-23 05:19:00,2,Producto defectuoso,823.22
4319,76562,2023-09-08 20:35:00,1,Talla o presentacion,382.49
4320,6451,2023-07-14 14:35:00,4,Danado en transporte,5842.52
4321,8813,2025-05-24 21:16:00,2,Cambio de opinion,3838.96
4322,3090,2025-03-25 19:39:00,1,Producto defectuoso,1942.92
4323,4720,2023-12-29 11:40:00,1,Producto defectuoso,1904.06
4324,17320,2023-01-06 18:12:00,2,Talla o presentacion,869.94
4325,13652,2026-04-25 13:57:00,1,Danado en transporte,457.22
4326,19518,2023-04-16 14:21:00,2,Danado en transporte,844.92
4327,22335,2023-04-12 20:37:00,2,Producto equivocado,3070.30
4328,27775,2026-02-15 19:48:00,2,Danado en transporte,776.11
4329,29898,2025-04-03 15:39:00,3,Talla o presentacion,1228.14
4330,33221,2025-07-22 15:16:00,3,Producto equivocado,6329.70
4331,33863,2026-05-20 22:34:00,3,Producto equivocado,5481.37
4332,32922,2025-11-17 11:20:00,3,Talla o presentacion,1389.81
4333,34546,2026-03-11 19:01:00,2,Danado en transporte,4083.64
4334,28692,2024-07-12 01:40:00,1,Producto equivocado,2128.21
4335,32732,2023-08-22 16:08:00,3,Producto equivocado,5499.63
4336,32746,2023-07-20 15:39:00,1,Producto defectuoso,2041.82
4337,37474,2026-04-04 15:37:00,3,Producto defectuoso,6441.21
4338,34284,2025-07-03 11:23:00,2,Cambio de opinion,4411.98
4339,38468,2023-11-15 00:44:00,1,Producto equivocado,2179.65
4340,38523,2026-07-24 12:13:00,4,Danado en transporte,8335.68
4341,41617,2023-11-18 18:56:00,4,Danado en transporte,1888.48
4342,41744,2023-12-30 22:07:00,1,Producto defectuoso,1490.44
4343,38789,2024-10-27 17:03:00,2,Talla o presentacion,947.02
4344,39278,2024-09-25 01:17:00,1,Talla o presentacion,2024.78
4345,38202,2025-06-11 08:09:00,3,Cambio de opinion,5367.67
4346,41484,2024-03-04 17:08:00,1,Producto defectuoso,476.94
4347,39011,2023-10-16 13:35:00,2,Talla o presentacion,4172.26
4348,43034,2023-04-02 02:43:00,1,Producto equivocado,2088.14
4349,46391,2024-11-09 05:19:00,2,Danado en transporte,4167.84
4350,45154,2026-01-26 15:42:00,1,Producto equivocado,2070.86
4351,44987,2024-03-14 03:24:00,4,Producto defectuoso,1815.65
4352,45403,2024-09-30 11:30:00,4,Producto equivocado,8504.08
4353,49012,2023-11-23 10:59:00,3,Danado en transporte,6655.95
4354,49915,2025-03-21 03:16:00,2,Danado en transporte,4426.08
4355,48771,2025-01-25 10:06:00,2,Producto defectuoso,873.50
4356,52683,2024-11-02 17:55:00,4,Cambio de opinion,8588.28
4357,50242,2025-05-04 08:29:00,3,Danado en transporte,6425.27
4358,53753,2025-09-03 16:52:00,4,Danado en transporte,7482.51
4359,56610,2023-06-24 02:32:00,1,Producto equivocado,357.84
4360,63362,2023-11-06 07:13:00,1,Danado en transporte,510.72
4361,59426,2025-09-09 03:56:00,1,Producto defectuoso,447.89
4362,63302,2025-04-09 22:11:00,1,Talla o presentacion,372.15
4363,71772,2025-04-30 19:53:00,1,Producto defectuoso,2184.15
4364,65045,2025-08-21 00:46:00,1,Cambio de opinion,401.24
4365,71466,2024-09-27 06:30:00,1,Talla o presentacion,1983.87
4366,74312,2023-07-11 08:49:00,1,Talla o presentacion,2218.65
4367,76319,2024-08-12 10:59:00,2,Producto equivocado,4599.14
4368,73909,2024-09-28 23:16:00,2,Danado en transporte,3926.84
4369,74182,2025-05-26 21:20:00,1,Cambio de opinion,1922.05
4370,75838,2024-01-17 22:04:00,1,Cambio de opinion,2249.83
4371,76127,2026-04-23 06:25:00,2,Cambio de opinion,945.26
4372,76767,2025-12-07 19:34:00,2,Producto defectuoso,926.54
4373,30294,2026-06-21 16:21:00,1,Danado en transporte,470.81
4374,30161,2023-09-20 01:26:00,2,Cambio de opinion,923.50
4375,36402,2025-06-20 00:44:00,2,Talla o presentacion,3914.08
4376,39971,2023-12-17 23:02:00,2,Cambio de opinion,2530.68
4377,41542,2023-07-10 21:00:00,3,Producto equivocado,5828.07
4378,42356,2024-04-08 02:08:00,3,Producto defectuoso,5363.27
4379,43340,2025-09-08 18:08:00,1,Talla o presentacion,428.79
4380,42851,2023-09-18 01:38:00,2,Danado en transporte,848.92
4381,49596,2025-12-24 10:27:00,3,Cambio de opinion,6487.50
4382,55173,2025-01-10 09:26:00,2,Danado en transporte,3620.08
4383,45157,2026-02-03 15:31:00,4,Danado en transporte,7300.03
4384,54567,2025-05-27 20:22:00,2,Talla o presentacion,884.54
4385,58221,2023-04-20 19:49:00,2,Danado en transporte,850.82
4386,54507,2026-05-29 20:42:00,2,Cambio de opinion,4143.96
4387,60379,2025-04-08 14:08:00,1,Producto defectuoso,1847.36
4388,65816,2023-08-12 20:49:00,1,Cambio de opinion,406.47
4389,58617,2026-01-15 00:11:00,2,Danado en transporte,4414.20
4390,60042,2024-12-29 01:31:00,1,Cambio de opinion,1906.52
4391,68092,2025-12-15 02:40:00,1,Producto defectuoso,2275.80
4392,63363,2023-11-03 07:15:00,1,Producto defectuoso,1810.04
4393,62423,2024-03-07 05:24:00,1,Danado en transporte,1992.51
4394,64032,2023-12-13 04:05:00,1,Producto defectuoso,1869.14
4395,64369,2026-04-02 02:39:00,1,Talla o presentacion,1810.04
4396,64672,2026-03-23 08:53:00,1,Talla o presentacion,2345.46
4397,67879,2025-02-13 21:41:00,1,Talla o presentacion,457.23
4398,71079,2025-01-15 00:26:00,1,Producto equivocado,1780.15
4399,71131,2025-06-27 09:09:00,1,Producto equivocado,446.11
4400,6520,2026-02-04 00:19:00,1,Producto defectuoso,2307.58
4401,2090,2023-08-25 19:50:00,1,Producto equivocado,406.91
4402,10012,2025-04-02 01:51:00,2,Producto defectuoso,870.48
4403,10332,2023-11-29 13:08:00,3,Producto equivocado,1055.14
4404,1230,2025-04-03 13:46:00,1,Danado en transporte,2260.96
4405,13840,2026-04-25 01:56:00,2,Danado en transporte,830.74
4406,16573,2025-08-25 02:23:00,3,Producto defectuoso,1089.37
4407,16062,2026-04-25 09:51:00,1,Producto equivocado,2006.45
4408,20392,2025-05-28 09:40:00,1,Talla o presentacion,2419.12
4409,25382,2026-07-07 01:04:00,3,Producto defectuoso,1394.94
4410,23902,2023-11-06 11:16:00,2,Danado en transporte,3774.82
4411,27135,2024-12-09 21:18:00,1,Producto equivocado,343.71
4412,31874,2026-08-17 16:04:00,2,Producto defectuoso,722.71
4413,22847,2025-09-04 10:07:00,1,Cambio de opinion,1741.55
4414,34662,2025-05-28 02:12:00,1,Producto defectuoso,333.79
4415,37723,2026-02-28 02:43:00,3,Danado en transporte,1145.72
4416,41936,2026-05-21 01:49:00,3,Danado en transporte,1283.43
4417,42798,2025-10-12 13:00:00,1,Cambio de opinion,1825.16
4418,52171,2024-11-05 03:43:00,2,Producto equivocado,901.32
4419,48146,2023-03-17 03:11:00,3,Cambio de opinion,1156.38
4420,54742,2024-01-27 00:41:00,1,Producto defectuoso,439.64
4421,53621,2025-12-17 15:13:00,2,Talla o presentacion,3031.17
4422,57496,2025-03-06 20:55:00,1,Producto defectuoso,448.43
4423,61316,2026-06-17 18:39:00,1,Producto defectuoso,1939.46
4424,63042,2025-04-29 04:18:00,1,Talla o presentacion,1887.41
4425,58934,2026-08-04 09:52:00,1,Cambio de opinion,379.48
4426,60506,2026-04-08 20:28:00,1,Talla o presentacion,1945.03
4427,62369,2025-09-09 05:56:00,1,Producto equivocado,1466.84
4428,59992,2025-05-05 07:36:00,1,Producto equivocado,1849.28
4429,70204,2024-08-25 15:52:00,1,Talla o presentacion,381.45
4430,68869,2026-06-17 13:56:00,1,Producto defectuoso,1941.29
4431,76051,2025-09-07 22:29:00,2,Danado en transporte,848.68
4432,18,2025-11-24 16:37:00,2,Talla o presentacion,3521.26
4433,4874,2026-01-17 20:24:00,1,Cambio de opinion,2264.50
4434,6663,2025-11-16 23:06:00,2,Talla o presentacion,951.76
4435,3152,2023-12-21 12:09:00,3,Producto defectuoso,4650.18
4436,7797,2024-02-03 12:06:00,2,Producto equivocado,835.82
4437,11082,2025-12-02 10:09:00,2,Producto equivocado,3536.35
4438,11218,2025-01-03 05:51:00,1,Cambio de opinion,1356.30
4439,9103,2025-03-23 02:48:00,2,Producto equivocado,3677.92
4440,17000,2025-04-25 21:41:00,1,Cambio de opinion,430.70
4441,19123,2026-08-01 12:36:00,3,Producto defectuoso,5828.76
4442,13070,2026-06-10 18:56:00,1,Producto defectuoso,1812.14
4443,17206,2026-05-04 14:08:00,1,Producto defectuoso,495.39
4444,21535,2025-07-07 01:00:00,3,Producto equivocado,1105.74
4445,20583,2024-12-25 04:31:00,2,Producto equivocado,4441.90
4446,23849,2023-05-16 14:11:00,2,Talla o presentacion,867.79
4447,25513,2025-09-06 06:11:00,1,Cambio de opinion,1763.69
4448,24454,2026-03-27 09:00:00,2,Producto equivocado,4354.80
4449,29515,2024-02-28 04:04:00,3,Cambio de opinion,976.91
4450,30860,2026-05-09 20:27:00,2,Cambio de opinion,3940.67
4451,34080,2023-05-06 08:10:00,1,Producto equivocado,467.95
4452,31353,2023-06-09 14:34:00,1,Producto defectuoso,409.50
4453,32923,2025-11-14 11:18:00,1,Danado en transporte,2020.77
4454,28706,2024-05-31 02:22:00,2,Producto equivocado,849.13
4455,31816,2026-03-22 13:42:00,1,Producto equivocado,2324.64
4456,31876,2025-08-19 10:03:00,1,Cambio de opinion,428.77
4457,32228,2023-05-11 12:21:00,1,Talla o presentacion,2024.78
4458,34288,2025-07-14 11:18:00,3,Producto equivocado,6062.31
4459,37924,2025-03-26 01:56:00,1,Cambio de opinion,395.74
4460,39535,2024-02-17 15:13:00,2,Producto defectuoso,3792.59
4461,35545,2026-04-21 21:42:00,3,Cambio de opinion,1269.31
4462,41808,2024-04-24 19:59:00,1,Cambio de opinion,472.63
4463,37270,2025-01-09 14:02:00,2,Danado en transporte,918.92
4464,40806,2025-09-04 17:38:00,3,Producto equivocado,1317.67
4465,41353,2023-02-23 13:07:00,4,Producto defectuoso,8004.54
4466,42603,2024-06-23 07:26:00,4,Talla o presentacion,8251.48
4467,44088,2023-10-01 11:47:00,1,Talla o presentacion,1970.33
4468,40473,2024-01-13 21:49:00,4,Producto defectuoso,9123.12
4469,46346,2026-02-23 21:39:00,3,Talla o presentacion,4912.16
4470,46072,2024-10-04 05:52:00,3,Danado en transporte,1392.15
4471,47599,2026-08-12 00:45:00,2,Talla o presentacion,944.24
4472,43419,2024-12-28 22:25:00,2,Producto defectuoso,2951.08
4473,47409,2024-10-16 21:35:00,2,Talla o presentacion,3926.84
4474,47536,2023-08-09 21:00:00,3,Danado en transporte,5281.89
4475,51387,2026-03-09 21:25:00,4,Cambio de opinion,8756.68
4476,52885,2025-01-27 22:26:00,2,Producto equivocado,4184.92
4477,56556,2024-02-17 06:32:00,1,Talla o presentacion,469.86
4478,57685,2024-06-28 04:53:00,2,Producto equivocado,4495.00
4479,57367,2024-05-27 20:07:00,2,Producto equivocado,3264.10
4480,60376,2025-04-23 13:56:00,1,Cambio de opinion,2337.40
4481,64236,2024-01-14 04:13:00,1,Producto equivocado,1884.63
4482,62741,2024-05-31 07:59:00,1,Talla o presentacion,430.70
4483,70000,2024-12-23 08:11:00,1,Cambio de opinion,1520.25
4484,70206,2024-08-11 15:40:00,1,Producto defectuoso,1688.85
4485,72137,2024-08-06 15:15:00,1,Danado en transporte,2254.48
4486,72570,2023-09-26 06:15:00,1,Talla o presentacion,2162.31
4487,71147,2025-12-12 12:03:00,1,Cambio de opinion,365.00
4488,72968,2026-06-14 12:52:00,1,Producto defectuoso,2240.40
4489,74953,2025-06-15 05:37:00,2,Cambio de opinion,919.18
4490,70642,2026-07-08 09:26:00,1,Cambio de opinion,1265.33
4491,61563,2026-03-01 08:35:00,1,Producto equivocado,466.28
4492,75252,2024-11-30 00:45:00,1,Producto defectuoso,1471.18
4493,74442,2023-03-13 17:16:00,1,Talla o presentacion,2309.95
4494,68485,2024-03-08 05:16:00,1,Cambio de opinion,2229.35
4495,71848,2023-06-09 16:04:00,1,Danado en transporte,363.83
4496,794,2025-01-22 14:18:00,1,Talla o presentacion,2165.49
4497,11859,2024-04-16 09:57:00,3,Producto equivocado,5877.75
4498,2936,2023-04-06 11:36:00,3,Talla o presentacion,1279.35
4499,17527,2023-11-24 00:33:00,3,Cambio de opinion,5538.39
4500,28188,2026-04-10 14:57:00,3,Cambio de opinion,6922.71
4501,31366,2023-05-15 14:12:00,1,Talla o presentacion,1867.15
4502,23727,2024-02-16 09:21:00,1,Cambio de opinion,1636.78
4503,27760,2026-03-11 19:29:00,3,Danado en transporte,5133.96
4504,27519,2026-06-11 23:43:00,2,Danado en transporte,958.72
4505,29692,2026-06-08 12:03:00,3,Producto defectuoso,6768.90
4506,32036,2025-02-25 12:04:00,2,Danado en transporte,818.05
4507,37023,2024-09-25 01:17:00,2,Danado en transporte,740.56
4508,31482,2025-02-17 02:49:00,3,Danado en transporte,1270.98
4509,38405,2024-03-03 20:25:00,2,Cambio de opinion,3920.62
4510,37348,2024-04-30 09:48:00,1,Danado en transporte,1825.16
4511,38919,2024-07-27 08:34:00,2,Danado en transporte,2816.68
4512,42083,2025-04-05 22:42:00,4,Cambio de opinion,7544.84
4513,36025,2023-05-18 07:51:00,1,Producto equivocado,1920.22
4514,39087,2024-06-03 15:33:00,4,Producto defectuoso,8009.97
4515,46536,2023-01-04 22:24:00,3,Producto defectuoso,5822.70
4516,42530,2025-02-24 03:27:00,1,Producto equivocado,1635.04
4517,51958,2025-04-24 06:41:00,1,Danado en transporte,1408.34
4518,45988,2025-12-09 14:29:00,1,Producto defectuoso,1792.94
4519,51764,2024-09-14 01:55:00,1,Talla o presentacion,1979.72
4520,54436,2024-07-11 23:21:00,1,Talla o presentacion,422.05
4521,50052,2025-05-19 14:06:00,3,Cambio de opinion,1338.72
4522,55233,2026-03-09 13:30:00,2,Cambio de opinion,3920.66
4523,56235,2025-05-25 13:40:00,2,Producto equivocado,839.32
4524,60885,2023-12-24 09:41:00,1,Producto defectuoso,1925.53
4525,58092,2025-07-26 17:10:00,1,Danado en transporte,2233.04
4526,59168,2023-06-14 14:04:00,1,Producto equivocado,363.13
4527,62306,2025-04-14 04:20:00,1,Cambio de opinion,423.94
4528,58412,2023-11-21 10:59:00,1,Cambio de opinion,439.13
4529,68021,2024-03-16 15:29:00,1,Cambio de opinion,1925.53
4530,72701,2023-09-23 10:03:00,1,Producto defectuoso,389.43
4531,67747,2023-06-01 07:46:00,1,Producto equivocado,1693.87
4532,75443,2023-11-26 17:05:00,2,Talla o presentacion,982.54
4533,71452,2024-03-29 03:24:00,1,Danado en transporte,464.18
4534,7932,2024-04-12 07:23:00,3,Cambio de opinion,6337.97
4535,4163,2025-06-29 14:51:00,2,Cambio de opinion,2861.64
4536,2727,2024-08-24 09:16:00,2,Producto defectuoso,716.43
4537,3443,2023-05-08 00:03:00,2,Producto defectuoso,730.00
4538,8173,2026-01-04 21:25:00,2,Cambio de opinion,2891.46
4539,5249,2023-03-21 07:33:00,4,Producto equivocado,1756.92
4540,5375,2023-02-01 06:49:00,4,Cambio de opinion,1705.76
4541,7815,2023-12-21 11:36:00,4,Cambio de opinion,6200.24
4542,8057,2025-12-27 23:48:00,2,Producto equivocado,2921.26
4543,14335,2023-01-20 13:39:00,3,Cambio de opinion,1084.26
4544,17716,2023-11-10 11:17:00,2,Talla o presentacion,4270.25
4545,18762,2024-12-04 22:56:00,1,Talla o presentacion,1978.67
4546,15712,2024-06-20 13:16:00,3,Talla o presentacion,6793.50
4547,16906,2025-12-31 17:37:00,3,Producto equivocado,1409.59
4548,19389,2024-09-13 11:49:00,3,Danado en transporte,1516.84
4549,24526,2026-08-06 06:38:00,2,Producto equivocado,3568.68
4550,21919,2024-08-25 22:11:00,1,Danado en transporte,444.32
4551,23450,2023-05-04 22:40:00,2,Producto defectuoso,2980.88
4552,21970,2025-02-15 19:14:00,2,Cambio de opinion,615.49
4553,25138,2025-06-26 07:27:00,2,Cambio de opinion,3787.16
4554,29952,2025-09-20 18:31:00,1,Producto defectuoso,2149.28
4555,34928,2024-01-22 00:26:00,1,Producto defectuoso,1707.81
4556,32731,2023-08-24 16:09:00,2,Producto defectuoso,2887.43
4557,32790,2026-01-01 08:22:00,1,Producto defectuoso,413.65
4558,34736,2024-08-01 23:50:00,2,Producto equivocado,4556.30
4559,32616,2026-06-26 21:00:00,3,Producto equivocado,6062.31
4560,32676,2023-04-03 23:19:00,3,Cambio de opinion,1296.61
4561,34213,2023-01-25 06:28:00,1,Producto defectuoso,513.40
4562,35792,2023-05-23 20:11:00,1,Talla o presentacion,2168.12
4563,36461,2025-11-28 22:08:00,1,Talla o presentacion,2303.36
4564,37925,2025-03-20 02:21:00,2,Talla o presentacion,799.72
4565,37028,2024-09-27 01:06:00,3,Talla o presentacion,5911.00
4566,41167,2023-09-07 13:20:00,4,Producto equivocado,7404.80
4567,47926,2023-12-04 01:03:00,3,Danado en transporte,4964.96
4568,48974,2023-05-23 13:57:00,1,Producto defectuoso,420.47
4569,46857,2024-11-23 19:08:00,4,Talla o presentacion,8439.60
4570,51501,2025-12-21 22:53:00,2,Cambio de opinion,3677.92
4571,50379,2024-12-29 10:20:00,2,Danado en transporte,4041.54
4572,49582,2026-01-27 09:57:00,3,Talla o presentacion,5951.61
4573,54420,2023-11-28 19:49:00,1,Cambio de opinion,1338.08
4574,52056,2024-07-11 11:30:00,3,Cambio de opinion,1448.40
4575,53569,2023-08-04 07:32:00,2,Cambio de opinion,3728.14
4576,53694,2025-04-03 19:12:00,1,Cambio de opinion,1887.86
4577,55172,2025-01-10 09:25:00,1,Talla o presentacion,1445.73
4578,56816,2025-08-13 15:40:00,1,Danado en transporte,1475.54
4579,49275,2025-04-15 06:40:00,2,Producto defectuoso,4263.30
4580,50766,2025-09-15 15:57:00,3,Producto equivocado,6669.72
4581,50828,2025-03-02 21:21:00,1,Producto equivocado,1677.66
4582,54688,2023-12-26 11:49:00,1,Talla o presentacion,2199.17
4583,56480,2025-07-13 09:24:00,1,Producto defectuoso,1766.13
4584,58998,2025-08-01 08:12:00,1,Cambio de opinion,1917.50
4585,62177,2023-12-23 09:49:00,1,Cambio de opinion,2020.64
4586,58732,2025-12-14 02:02:00,1,Talla o presentacion,1338.08
4587,58862,2023-04-02 04:29:00,1,Talla o presentacion,475.88
4588,60505,2023-09-04 14:13:00,1,Cambio de opinion,1474.81
4589,62048,2024-08-30 14:05:00,1,Danado en transporte,444.32
4590,64749,2024-01-06 05:51:00,1,Cambio de opinion,422.18
4591,64045,2025-08-08 08:33:00,1,Talla o presentacion,343.53
4592,71786,2025-11-18 22:59:00,1,Danado en transporte,436.94
4593,70846,2023-08-31 16:09:00,1,Talla o presentacion,1749.17
4594,69805,2026-01-01 17:29:00,1,Danado en transporte,1550.06
4595,71335,2023-10-31 04:51:00,1,Cambio de opinion,486.58
4596,72891,2024-11-07 00:38:00,2,Producto equivocado,4041.54
4597,72906,2024-04-02 21:00:00,1,Cambio de opinion,454.95
4598,69038,2024-10-14 18:13:00,1,Talla o presentacion,1475.54
4599,71014,2026-06-22 20:12:00,1,Producto defectuoso,468.60
4600,75964,2023-06-15 07:31:00,1,Cambio de opinion,472.63
4601,76447,2023-02-21 06:20:00,2,Danado en transporte,3204.35
4602,71974,2023-12-07 23:35:00,1,Danado en transporte,382.16
4603,75389,2023-11-05 05:06:00,2,Producto defectuoso,992.42
4604,73138,2024-08-06 02:11:00,1,Danado en transporte,2204.83
4605,74906,2024-12-22 04:51:00,1,Danado en transporte,1766.13
4606,28197,2026-03-17 15:26:00,3,Cambio de opinion,6757.71
4607,25846,2026-04-16 20:52:00,1,Cambio de opinion,1784.84
4608,29384,2024-08-19 19:17:00,2,Producto defectuoso,4040.69
4609,30107,2023-01-28 21:45:00,4,Producto equivocado,1774.60
4610,36796,2023-07-02 06:56:00,1,Danado en transporte,1278.12
4611,44154,2023-02-14 15:32:00,1,Cambio de opinion,1676.03
4612,39723,2025-12-04 11:59:00,4,Producto equivocado,8565.20
4613,42853,2023-09-14 01:40:00,4,Producto equivocado,7374.51
4614,44402,2023-07-02 13:02:00,3,Producto equivocado,5603.91
4615,57741,2026-07-05 02:59:00,2,Producto defectuoso,1023.68
4616,53248,2024-11-30 14:52:00,1,Producto defectuoso,1860.15
4617,59619,2023-10-09 10:19:00,2,Producto defectuoso,4459.26
4618,68289,2026-01-09 22:38:00,1,Talla o presentacion,482.02
4619,63247,2026-01-09 17:39:00,1,Producto defectuoso,1922.00
4620,68473,2023-08-25 08:34:00,1,Producto defectuoso,371.21
4621,76638,2023-05-22 14:22:00,1,Cambio de opinion,2006.62
4622,74898,2026-02-01 21:55:00,1,Danado en transporte,1252.56
4623,62,2026-01-25 17:45:00,4,Cambio de opinion,1621.40
4624,5860,2025-02-20 00:21:00,1,Producto defectuoso,1860.30
4625,7799,2024-01-30 12:04:00,4,Danado en transporte,7930.92
4626,13521,2026-04-21 08:02:00,3,Talla o presentacion,6115.23
4627,16649,2025-01-25 05:41:00,2,Danado en transporte,810.70
4628,18312,2023-02-14 17:39:00,3,Cambio de opinion,1160.66
4629,23407,2023-06-11 21:51:00,3,Producto equivocado,5938.08
4630,17585,2024-04-24 22:07:00,1,Producto equivocado,461.77
4631,17642,2023-07-04 08:52:00,1,Cambio de opinion,1903.23
4632,32471,2024-05-30 14:49:00,1,Producto defectuoso,1702.69
4633,26515,2023-08-19 18:55:00,2,Producto equivocado,721.01
4634,28052,2023-07-22 09:41:00,3,Talla o presentacion,7048.02
4635,36141,2024-01-25 12:03:00,1,Producto equivocado,356.04
4636,40920,2025-11-06 04:46:00,1,Danado en transporte,2235.34
4637,38841,2025-04-02 14:10:00,2,Danado en transporte,814.08
4638,43546,2025-09-23 15:58:00,3,Producto equivocado,1221.12
4639,35738,2023-12-01 23:37:00,3,Cambio de opinion,1043.89
4640,37416,2025-09-08 03:51:00,2,Producto equivocado,848.68
4641,43867,2024-06-28 21:04:00,4,Danado en transporte,1661.40
4642,44985,2023-07-27 07:17:00,2,Talla o presentacion,830.70
4643,44858,2025-05-18 19:57:00,1,Cambio de opinion,369.66
4644,49536,2025-07-20 13:00:00,3,Producto equivocado,1222.11
4645,52825,2025-08-06 19:11:00,2,Producto defectuoso,831.70
4646,48453,2024-03-15 09:16:00,4,Producto equivocado,7863.04
4647,56993,2026-03-07 03:38:00,2,Producto equivocado,4568.52
4648,60054,2024-11-20 00:54:00,1,Danado en transporte,407.37
4649,55873,2023-04-11 23:20:00,2,Producto defectuoso,4475.28
4650,54625,2024-09-09 16:08:00,2,Danado en transporte,4116.40
4651,53941,2023-07-13 00:29:00,2,Danado en transporte,4012.90
4652,62819,2026-05-09 09:34:00,1,Danado en transporte,445.35
4653,59424,2025-09-21 04:06:00,1,Talla o presentacion,413.80
4654,56801,2025-09-10 16:23:00,2,Danado en transporte,4568.52
4655,67223,2023-09-03 06:24:00,1,Danado en transporte,393.08
4656,72009,2023-11-16 23:07:00,1,Cambio de opinion,1939.23
4657,64554,2023-05-03 14:08:00,1,Producto defectuoso,2144.41
4658,73265,2025-03-14 16:34:00,2,Producto equivocado,3726.38
4659,75700,2025-06-19 13:37:00,1,Producto defectuoso,411.61
4660,69936,2023-11-04 23:01:00,1,Danado en transporte,435.24
4661,7931,2024-04-14 07:24:00,4,Talla o presentacion,6140.60
4662,5091,2025-02-17 12:42:00,4,Talla o presentacion,7137.36
4663,5109,2025-01-10 12:12:00,4,Producto defectuoso,6081.00
4664,8251,2024-11-26 19:38:00,4,Danado en transporte,1940.84
4665,928,2023-03-26 03:18:00,1,Producto defectuoso,395.74
4666,8733,2025-01-16 23:24:00,2,Cambio de opinion,4045.70
4667,9385,2025-09-24 04:06:00,4,Producto equivocado,1705.76
4668,9404,2026-05-12 07:51:00,1,Producto equivocado,2220.95
4669,15903,2024-05-23 07:49:00,1,Producto equivocado,2022.75
4670,15452,2025-01-28 21:25:00,2,Talla o presentacion,4087.86
4671,14398,2026-02-24 16:52:00,3,Producto equivocado,1113.02
4672,14524,2024-08-22 14:09:00,2,Talla o presentacion,3730.85
4673,13390,2026-06-02 05:20:00,2,Producto equivocado,3666.43
4674,18259,2024-04-11 10:38:00,3,Producto equivocado,6203.11
4675,12469,2024-09-17 03:49:00,2,Danado en transporte,2980.88
4676,13972,2024-01-30 05:05:00,2,Producto defectuoso,905.11
4677,15772,2024-12-01 10:36:00,3,Danado en transporte,6195.00
4678,16890,2025-01-12 22:11:00,3,Danado en transporte,1192.83
4679,22206,2024-02-14 15:32:00,2,Talla o presentacion,2980.88
4680,25833,2023-09-08 14:43:00,1,Danado en transporte,1937.89
4681,20710,2023-07-01 07:32:00,2,Danado en transporte,915.88
4682,20726,2023-05-28 08:00:00,2,Producto defectuoso,783.81
4683,23916,2026-05-19 17:50:00,3,Talla o presentacion,6203.11
4684,23976,2023-03-17 15:10:00,3,Danado en transporte,6532.20
4685,27068,2024-10-08 06:13:00,3,Producto equivocado,6742.50
4686,25641,2024-12-31 14:25:00,2,Producto defectuoso,3605.08
4687,21652,2025-01-31 01:34:00,3,Talla o presentacion,6068.55
4688,27969,2024-09-15 04:30:00,3,Producto defectuoso,5516.88
4689,29835,2024-08-05 23:16:00,3,Danado en transporte,912.49
4690,21972,2025-03-03 19:16:00,1,Danado en transporte,1980.72
4691,25265,2024-02-13 21:40:00,2,Danado en transporte,4225.30
4692,31033,2024-08-05 15:23:00,3,Danado en transporte,5480.37
4693,31673,2025-06-20 08:59:00,1,Cambio de opinion,2227.33
4694,31742,2025-01-16 09:27:00,1,Danado en transporte,361.42
4695,31748,2024-05-09 05:25:00,3,Danado en transporte,1387.47
4696,33935,2025-07-30 15:37:00,2,Producto defectuoso,986.14
4697,30938,2025-05-06 20:10:00,1,Cambio de opinion,2062.87
4698,32470,2024-06-01 14:50:00,3,Danado en transporte,5816.56
4699,33426,2024-03-16 03:06:00,2,Talla o presentacion,3591.68
4700,36667,2023-09-18 05:21:00,1,Producto equivocado,486.67
4701,33732,2023-01-19 00:19:00,2,Producto defectuoso,4319.68
4702,32792,2025-12-27 08:19:00,3,Cambio de opinion,6188.61
4703,32804,2026-08-19 12:08:00,1,Producto equivocado,409.50
4704,38407,2024-02-27 20:22:00,4,Danado en transporte,7996.74
4705,38788,2024-10-11 17:00:00,1,Cambio de opinion,468.87
4706,36736,2023-01-22 09:33:00,1,Talla o presentacion,1690.20
4707,42997,2025-05-05 13:56:00,4,Danado en transporte,8874.60
4708,40994,2025-03-22 08:35:00,1,Danado en transporte,2271.52
4709,44142,2026-01-24 19:42:00,3,Producto defectuoso,5759.97
4710,46727,2024-12-11 04:17:00,4,Talla o presentacion,7137.36
4711,47215,2025-03-02 01:05:00,2,Cambio de opinion,3194.01
4712,46086,2024-08-14 06:39:00,3,Talla o presentacion,1389.81
4713,46468,2023-06-30 07:33:00,1,Danado en transporte,416.35
4714,46469,2023-06-30 07:32:00,2,Producto defectuoso,840.94
4715,48131,2023-04-24 02:38:00,2,Cambio de opinion,3860.24
4716,47010,2023-06-05 09:50:00,1,Producto defectuoso,1640.38
4717,50185,2023-07-04 01:40:00,2,Talla o presentacion,4167.85
4718,53054,2024-01-30 18:05:00,1,Danado en transporte,416.35
4719,51188,2023-05-17 02:21:00,1,Producto defectuoso,1832.87
4720,51561,2025-06-13 02:08:00,2,Talla o presentacion,804.87
4721,55434,2024-09-18 09:30:00,1,Producto defectuoso,1893.58
4722,59540,2025-06-25 11:02:00,1,Talla o presentacion,475.88
4723,64875,2025-12-11 22:40:00,1,Talla o presentacion,1338.07
4724,68418,2024-05-10 04:02:00,1,Talla o presentacion,475.88
4725,68545,2026-07-26 22:58:00,1,Danado en transporte,1875.37
4726,69996,2026-01-07 14:29:00,1,Producto defectuoso,368.58
4727,71655,2024-03-02 07:06:00,1,Danado en transporte,2249.83
4728,68357,2025-01-07 20:51:00,1,Danado en transporte,1820.75
4729,73060,2023-10-24 13:16:00,1,Danado en transporte,467.95
4730,66038,2025-12-14 20:12:00,1,Cambio de opinion,1784.34
4731,70640,2023-11-26 15:32:00,1,Producto defectuoso,1760.63
4732,72648,2026-08-08 17:47:00,1,Danado en transporte,1808.15
4733,73584,2024-01-09 05:40:00,1,Producto equivocado,1743.02
4734,75120,2024-12-29 01:57:00,1,Talla o presentacion,434.97
4735,74181,2025-05-15 21:32:00,2,Producto equivocado,3696.42
4736,74196,2025-09-23 15:58:00,1,Producto equivocado,2231.65
4737,75762,2023-03-18 21:23:00,1,Talla o presentacion,1990.44
4738,71712,2026-08-02 11:04:00,1,Danado en transporte,2159.84
4739,74631,2024-11-22 10:39:00,2,Danado en transporte,898.46
4740,76256,2023-08-15 08:33:00,1,Producto equivocado,1789.23
4741,54494,2026-06-26 21:15:00,1,Cambio de opinion,1475.54
4742,53942,2023-07-19 00:36:00,1,Producto defectuoso,520.93
4743,54624,2024-09-13 16:11:00,1,Talla o presentacion,1857.17
4744,55886,2023-03-07 13:12:00,1,Talla o presentacion,405.90
4745,57366,2024-05-31 20:10:00,1,Producto defectuoso,325.64
4746,62100,2023-12-30 18:09:00,1,Danado en transporte,2180.08
4747,62292,2024-08-24 08:13:00,1,Cambio de opinion,1727.86
4748,63872,2024-12-25 06:23:00,1,Talla o presentacion,430.70
4749,57878,2024-02-16 18:47:00,1,Producto equivocado,1430.82
4750,58038,2025-03-22 15:18:00,1,Talla o presentacion,401.75
4751,61301,2026-08-09 17:51:00,1,Producto defectuoso,1311.58
4752,61695,2026-06-09 01:18:00,1,Cambio de opinion,1628.66
4753,67168,2023-09-18 06:08:00,1,Producto defectuoso,372.15
4754,71770,2025-05-14 20:05:00,1,Talla o presentacion,2227.33
4755,67352,2025-08-07 06:55:00,1,Cambio de opinion,372.15
4756,72136,2024-08-09 15:17:00,1,Talla o presentacion,441.30
4757,72198,2026-01-14 00:07:00,1,Producto equivocado,473.15
4758,72206,2024-12-08 17:31:00,1,Cambio de opinion,1768.18
4759,70656,2023-05-18 12:26:00,1,Producto equivocado,2272.33
4760,75965,2023-06-06 07:59:00,2,Talla o presentacion,3844.10
4761,75121,2025-08-29 21:53:00,2,Danado en transporte,3788.68
4762,72456,2024-09-12 01:19:00,1,Producto defectuoso,436.75
4763,75440,2023-12-27 16:37:00,1,Producto defectuoso,1445.73
4764,58426,2024-08-24 15:40:00,1,Producto equivocado,321.97
4765,64932,2024-04-27 20:28:00,1,Talla o presentacion,368.67
4766,65930,2026-06-22 23:14:00,1,Producto defectuoso,367.25
4767,64033,2025-08-10 08:13:00,1,Producto equivocado,1967.17
4768,67297,2025-04-16 03:00:00,1,Danado en transporte,2170.68
4769,69356,2025-06-19 11:29:00,1,Cambio de opinion,2170.68
4770,69473,2026-06-02 18:11:00,1,Danado en transporte,325.85
4771,69603,2026-02-01 14:25:00,1,Producto defectuoso,365.05
4772,71843,2023-07-12 16:28:00,1,Producto defectuoso,415.17
4773,75,2026-02-14 18:04:00,1,Talla o presentacion,1642.62
4774,4796,2023-01-10 00:06:00,3,Producto defectuoso,5784.30
4775,6874,2023-06-21 16:08:00,1,Producto defectuoso,1695.60
4776,20404,2026-04-19 20:30:00,2,Cambio de opinion,3340.34
4777,15338,2023-07-24 09:06:00,2,Danado en transporte,966.24
4778,20143,2025-04-12 02:25:00,2,Producto equivocado,3461.86
4779,21783,2024-01-17 00:01:00,2,Talla o presentacion,3638.48
4780,1083,2024-06-10 23:03:00,2,Producto defectuoso,3375.14
4781,4243,2026-04-27 08:11:00,2,Cambio de opinion,3618.70
4782,13726,2023-01-31 17:36:00,2,Producto defectuoso,3444.72
4783,22132,2024-09-05 12:00:00,2,Producto equivocado,3575.03
4784,25510,2025-08-29 06:22:00,1,Danado en transporte,1727.25
4785,35289,2023-09-24 16:27:00,3,Producto equivocado,1252.02
4786,35922,2024-11-03 22:30:00,1,Danado en transporte,446.83
4787,34866,2024-01-24 14:04:00,2,Producto equivocado,850.68
4788,41282,2026-05-19 23:33:00,3,Producto equivocado,1157.91
4789,44667,2024-01-25 03:33:00,4,Danado en transporte,1830.20
4790,40282,2026-02-01 21:03:00,3,Cambio de opinion,1239.39
4791,36143,2024-01-15 11:55:00,3,Talla o presentacion,5725.35
4792,51052,2024-04-06 14:59:00,3,Producto equivocado,6530.25
4793,40354,2026-05-30 19:11:00,1,Producto equivocado,417.34
4794,49914,2025-03-21 03:17:00,1,Talla o presentacion,2273.41
4795,50635,2026-01-21 13:54:00,2,Producto equivocado,3892.48
4796,59814,2025-02-16 02:38:00,1,Talla o presentacion,1536.63
4797,49339,2023-12-26 14:40:00,2,Producto equivocado,879.56
4798,49726,2024-04-12 02:43:00,3,Talla o presentacion,5645.01
4799,54368,2023-03-01 02:43:00,3,Producto equivocado,5298.97
4800,69151,2024-05-29 02:25:00,1,Producto defectuoso,1496.19
4801,63811,2024-03-03 09:02:00,1,Producto equivocado,1774.56
4802,58359,2024-03-03 18:36:00,2,Producto defectuoso,829.08
4803,61623,2026-04-06 14:11:00,1,Danado en transporte,427.49
4804,69541,2024-02-28 03:56:00,1,Producto defectuoso,474.97
4805,66745,2023-10-02 11:40:00,1,Producto defectuoso,507.52
4806,74952,2025-06-28 05:25:00,1,Producto equivocado,2273.41
4807,3164,2023-12-05 11:51:00,1,Cambio de opinion,1759.98
4808,4794,2023-01-14 00:08:00,1,Cambio de opinion,2384.18
4809,4510,2026-01-24 12:51:00,1,Danado en transporte,2040.57
4810,4528,2026-01-10 12:21:00,1,Producto defectuoso,2069.26
4811,3514,2023-01-27 12:35:00,1,Producto equivocado,1795.37
4812,5314,2026-04-15 04:10:00,1,Cambio de opinion,1738.08
4813,2362,2024-08-10 06:48:00,3,Cambio de opinion,6003.99
4814,3866,2025-03-10 07:20:00,3,Producto equivocado,5112.00
4815,874,2024-06-08 10:34:00,1,Danado en transporte,2071.73
4816,4100,2026-06-18 20:20:00,1,Danado en transporte,402.24
4817,7316,2024-07-26 03:21:00,3,Talla o presentacion,6587.85
4818,4587,2024-10-17 04:54:00,2,Cambio de opinion,3793.84
4819,6175,2025-03-19 20:51:00,4,Talla o presentacion,7819.96
4820,7736,2025-04-12 19:35:00,3,Producto equivocado,5163.12
4821,11345,2023-05-04 16:20:00,2,Talla o presentacion,675.22
4822,8597,2023-07-15 06:38:00,2,Cambio de opinion,3832.54
4823,8949,2023-07-03 14:20:00,4,Talla o presentacion,7819.96
4824,9324,2024-04-13 09:27:00,1,Producto equivocado,1755.12
4825,14336,2023-01-20 13:38:00,1,Talla o presentacion,2128.00
4826,18183,2024-11-27 06:42:00,1,Cambio de opinion,1346.53
4827,18313,2023-02-14 17:38:00,1,Talla o presentacion,415.08
4828,19776,2026-02-13 09:23:00,1,Producto equivocado,1740.18
4829,18514,2025-07-20 08:49:00,2,Producto equivocado,821.06
4830,14588,2023-05-28 21:41:00,3,Talla o presentacion,5121.06
4831,14656,2023-03-08 04:51:00,1,Producto defectuoso,2361.25
4832,16251,2026-01-25 09:33:00,3,Cambio de opinion,5403.55
4833,16266,2026-01-17 09:36:00,2,Cambio de opinion,892.64
4834,14713,2025-04-09 02:08:00,2,Producto defectuoso,4026.12
4835,18065,2024-09-25 05:32:00,2,Producto defectuoso,704.90
4836,17337,2026-08-03 18:43:00,3,Producto defectuoso,6367.68
4837,26009,2026-05-14 12:05:00,2,Cambio de opinion,4096.30
4838,24775,2024-04-07 02:53:00,1,Talla o presentacion,2019.73
4839,26329,2025-09-27 22:25:00,3,Talla o presentacion,6207.78
4840,25060,2024-05-09 14:20:00,3,Cambio de opinion,5348.40
4841,27196,2024-06-16 00:17:00,2,Talla o presentacion,3339.84
4842,28768,2024-11-23 23:28:00,1,Danado en transporte,1883.61
4843,25770,2023-03-12 17:34:00,2,Talla o presentacion,4081.84
4844,27389,2024-03-21 05:07:00,2,Talla o presentacion,4174.10
4845,35937,2024-09-28 21:59:00,3,Danado en transporte,5656.68
4846,35226,2025-11-30 23:19:00,3,Cambio de opinion,5656.66
4847,35674,2024-12-04 11:21:00,2,Producto equivocado,981.08
4848,40808,2025-08-06 18:05:00,1,Talla o presentacion,1938.21
4849,36852,2025-08-15 08:16:00,3,Danado en transporte,6683.46
4850,38522,2026-08-19 11:48:00,3,Talla o presentacion,4010.97
4851,35473,2023-04-28 01:42:00,1,Talla o presentacion,461.96
4852,38595,2025-11-28 16:13:00,2,Cambio de opinion,4366.52
4853,42608,2024-06-24 07:16:00,1,Cambio de opinion,348.85
4854,39598,2023-06-25 19:11:00,1,Danado en transporte,2183.26
4855,48451,2024-04-10 08:52:00,2,Danado en transporte,923.92
4856,48337,2024-06-24 01:24:00,4,Producto defectuoso,7935.04
4857,45983,2025-11-18 14:39:00,4,Producto equivocado,1924.04
4858,46071,2024-10-04 05:53:00,2,Talla o presentacion,4168.76
4859,52300,2024-12-26 08:48:00,1,Producto equivocado,1778.02
4860,56429,2025-03-22 09:16:00,2,Cambio de opinion,727.16
4861,57100,2025-05-30 10:33:00,1,Producto equivocado,1778.11
4862,57497,2025-03-02 20:52:00,2,Producto equivocado,4041.90
4863,59091,2024-05-30 03:17:00,2,Cambio de opinion,3786.16
4864,54553,2024-10-21 16:40:00,2,Danado en transporte,3924.18
4865,56177,2024-11-02 23:06:00,2,Producto defectuoso,4041.90
4866,56237,2025-05-27 13:44:00,2,Talla o presentacion,682.64
4867,54437,2024-07-07 23:18:00,2,Danado en transporte,3806.46
4868,61493,2026-05-10 05:36:00,1,Talla o presentacion,424.00
4869,61506,2026-07-22 00:30:00,1,Cambio de opinion,1819.56
4870,63244,2024-12-18 22:28:00,1,Cambio de opinion,1948.25
4871,64874,2025-11-21 22:41:00,1,Cambio de opinion,395.29
4872,68676,2026-02-06 19:56:00,1,Producto defectuoso,1870.07
4873,64292,2023-01-22 12:01:00,1,Danado en transporte,2013.06
4874,69920,2023-12-09 23:03:00,1,Talla o presentacion,1903.23
4875,66934,2024-01-03 14:37:00,1,Producto equivocado,1674.53
4876,67748,2023-05-29 07:48:00,1,Cambio de opinion,1626.69
4877,66298,2023-12-01 04:49:00,1,Producto equivocado,1755.12
4878,70962,2024-05-07 20:10:00,1,Talla o presentacion,2316.93
4879,69034,2024-10-11 18:20:00,1,Danado en transporte,1691.79
4880,72063,2024-04-02 19:04:00,1,Talla o presentacion,1944.48
4881,68224,2026-02-07 21:50:00,1,Cambio de opinion,1553.69
4882,68020,2024-03-06 15:40:00,1,Producto equivocado,2079.67
4883,69549,2024-03-01 04:02:00,1,Cambio de opinion,1894.80
4884,74325,2023-03-17 15:12:00,2,Producto equivocado,990.60
4885,74384,2025-02-25 15:08:00,1,Producto equivocado,2002.67
4886,74633,2025-07-18 06:39:00,2,Producto equivocado,3696.74
4887,6583,2026-06-28 02:50:00,2,Talla o presentacion,3514.34
4888,8119,2025-07-10 00:17:00,4,Producto equivocado,7019.76
4889,2230,2025-05-29 08:38:00,1,Talla o presentacion,1876.43
4890,5511,2025-05-17 10:33:00,4,Cambio de opinion,6615.24
4891,7100,2025-02-15 14:35:00,1,Producto equivocado,404.82
4892,5780,2026-04-16 19:39:00,1,Producto defectuoso,396.61
4893,3515,2023-01-19 12:28:00,4,Producto defectuoso,1898.24
4894,5572,2024-11-20 07:20:00,3,Cambio de opinion,5669.58
4895,1293,2025-05-28 20:19:00,2,Cambio de opinion,3445.44
4896,1369,2024-01-28 12:23:00,4,Cambio de opinion,6876.48
4897,10970,2026-08-11 05:51:00,2,Cambio de opinion,2961.01
4898,10985,2026-08-23 05:54:00,1,Cambio de opinion,361.29
4899,10988,2026-07-24 06:21:00,1,Producto defectuoso,1796.25
4900,14203,2026-06-23 22:57:00,1,Cambio de opinion,1779.78
4901,16846,2026-03-02 15:27:00,3,Danado en transporte,1338.25
4902,14269,2026-03-22 16:29:00,3,Talla o presentacion,5696.29
4903,14321,2023-01-28 13:35:00,2,Talla o presentacion,896.70
4904,18968,2023-03-09 11:13:00,1,Producto equivocado,1760.33
4905,16134,2025-10-19 13:05:00,3,Producto defectuoso,1292.82
4906,16267,2026-01-13 09:39:00,3,Talla o presentacion,5284.29
4907,18515,2025-07-20 08:48:00,3,Cambio de opinion,5499.00
4908,15131,2025-10-09 05:22:00,1,Producto defectuoso,2050.34
4909,24716,2023-10-26 05:32:00,2,Talla o presentacion,844.46
4910,22001,2023-02-14 23:49:00,3,Producto equivocado,1075.42
4911,22075,2023-06-12 21:51:00,1,Producto equivocado,1504.23
4912,20262,2025-03-15 03:10:00,3,Danado en transporte,4969.53
4913,20347,2024-09-08 18:05:00,3,Cambio de opinion,1144.08
4914,23452,2023-04-30 22:42:00,1,Cambio de opinion,1705.49
4915,26587,2026-01-14 02:25:00,2,Producto defectuoso,835.76
4916,26644,2023-12-24 22:40:00,1,Producto defectuoso,2030.62
4917,28127,2025-11-05 17:50:00,2,Producto defectuoso,3279.23
4918,27123,2024-12-29 21:00:00,2,Danado en transporte,3743.04
4919,25845,2026-04-16 20:53:00,3,Producto equivocado,5449.41
4920,21274,2024-04-15 22:53:00,1,Producto defectuoso,403.63
4921,29313,2023-12-19 11:00:00,1,Talla o presentacion,2086.55
4922,27324,2024-09-01 02:04:00,3,Cambio de opinion,5035.84
4923,23787,2024-07-29 06:41:00,1,Talla o presentacion,1816.47
4924,25336,2024-06-22 19:41:00,1,Talla o presentacion,439.64
4925,26964,2025-06-25 01:53:00,2,Producto equivocado,4021.82
4926,32994,2025-03-24 07:20:00,2,Producto equivocado,3828.74
4927,29703,2026-05-31 12:18:00,2,Talla o presentacion,3155.88
4928,36666,2023-09-05 05:35:00,3,Producto defectuoso,6226.47
4929,45474,2026-06-27 16:52:00,1,Talla o presentacion,2071.03
4930,55682,2023-12-28 12:12:00,1,Cambio de opinion,2128.28
4931,55758,2025-07-23 05:31:00,1,Producto defectuoso,2044.82
4932,55872,2023-04-15 23:23:00,1,Danado en transporte,2149.15
4933,57365,2024-06-02 20:11:00,2,Danado en transporte,3089.56
4934,58555,2024-03-22 07:17:00,2,Danado en transporte,870.58
4935,58223,2023-04-08 19:39:00,2,Producto equivocado,3628.42
4936,59743,2025-12-26 01:39:00,2,Danado en transporte,4494.72
4937,61243,2024-10-24 22:55:00,1,Producto defectuoso,1892.62
4938,58679,2025-06-13 00:52:00,2,Cambio de opinion,748.69
4939,59365,2023-09-29 06:11:00,2,Producto equivocado,777.98
4940,60942,2025-11-03 12:31:00,1,Producto defectuoso,441.34
4941,67176,2024-04-20 02:39:00,1,Danado en transporte,388.99
4942,65100,2024-11-19 05:18:00,1,Producto defectuoso,2181.90
4943,60825,2023-01-26 21:36:00,1,Danado en transporte,1892.62
4944,68472,2023-08-28 08:32:00,1,Danado en transporte,1568.62
4945,65550,2026-03-25 14:53:00,1,Producto equivocado,373.73
4946,64177,2024-11-05 23:24:00,1,Danado en transporte,444.00
4947,64235,2024-02-11 03:46:00,1,Producto defectuoso,417.61
4948,65742,2024-09-28 21:36:00,1,Producto defectuoso,1754.94
4949,74006,2025-03-18 16:34:00,1,Producto equivocado,2070.08
4950,68153,2026-03-31 06:52:00,1,Talla o presentacion,1862.38
4951,68166,2025-05-30 14:27:00,1,Producto equivocado,1985.53
4952,70075,2023-10-16 06:29:00,2,Talla o presentacion,4320.16
4953,2038,2023-02-24 16:56:00,1,Talla o presentacion,2144.52
4954,590,2023-03-14 19:06:00,1,Cambio de opinion,1560.06
4955,6324,2023-11-07 23:22:00,1,Danado en transporte,1981.76
4956,3038,2024-09-30 16:51:00,1,Cambio de opinion,2104.34
4957,17830,2023-01-02 16:15:00,2,Cambio de opinion,902.06
4958,14397,2026-02-24 16:53:00,2,Producto defectuoso,3788.29
4959,19194,2026-01-10 03:42:00,1,Cambio de opinion,419.30
4960,12785,2025-08-15 17:54:00,2,Producto equivocado,866.41
4961,14077,2023-10-01 13:08:00,1,Danado en transporte,2077.45
4962,29128,2025-06-22 11:28:00,2,Producto defectuoso,3971.60
4963,30863,2026-05-23 20:24:00,2,Producto defectuoso,4221.55
4964,31238,2023-10-20 16:57:00,2,Producto equivocado,3316.56
4965,30618,2024-05-31 10:20:00,1,Producto equivocado,2122.65
4966,23146,2025-06-17 01:54:00,2,Danado en transporte,895.95
4967,32920,2025-11-21 11:22:00,1,Producto equivocado,1847.94
4968,32934,2025-10-25 10:59:00,2,Producto defectuoso,1018.90
4969,33936,2025-07-27 15:35:00,3,Producto equivocado,5292.95
4970,36986,2024-04-07 04:01:00,1,Producto equivocado,1977.66
4971,38724,2025-05-23 13:16:00,1,Cambio de opinion,1374.00
4972,42983,2025-05-14 13:51:00,4,Producto defectuoso,8057.08
4973,44986,2024-03-14 03:25:00,3,Danado en transporte,6497.61
4974,41165,2023-08-25 13:35:00,2,Danado en transporte,3340.23
4975,42735,2026-06-10 09:18:00,2,Talla o presentacion,765.34
4976,40922,2025-11-15 04:35:00,3,Producto equivocado,4822.55
4977,42472,2024-06-10 13:18:00,3,Producto equivocado,1181.31
4978,48335,2024-06-28 01:22:00,2,Talla o presentacion,3180.26
4979,46203,2023-08-02 00:44:00,4,Producto equivocado,6850.72
4980,49467,2026-04-05 08:48:00,4,Danado en transporte,8488.48
4981,49658,2024-10-27 23:11:00,1,Cambio de opinion,2120.37
4982,49712,2024-05-17 02:12:00,3,Danado en transporte,5600.37
4983,46972,2023-02-03 06:08:00,3,Cambio de opinion,4924.08
4984,47085,2026-06-02 13:39:00,2,Producto equivocado,4268.50
4985,60248,2026-06-03 13:03:00,1,Producto defectuoso,1991.35
4986,54369,2023-11-04 06:52:00,1,Cambio de opinion,1712.68
4987,56350,2026-04-02 07:47:00,1,Producto defectuoso,2166.41
4988,57933,2025-09-12 19:25:00,2,Danado en transporte,3460.40
4989,64234,2024-02-11 03:47:00,1,Danado en transporte,416.37
4990,68864,2025-10-25 17:56:00,1,Producto defectuoso,464.83
4991,73380,2026-02-03 21:03:00,1,Producto defectuoso,1746.12
4992,65814,2023-08-02 21:01:00,1,Producto defectuoso,419.30
4993,67427,2024-01-31 22:07:00,1,Producto defectuoso,2346.57
4994,69486,2024-07-25 19:40:00,1,Cambio de opinion,2346.57
4995,71015,2026-06-29 20:20:00,1,Producto equivocado,1948.49
4996,71073,2025-02-06 00:58:00,1,Producto equivocado,350.88
4997,66746,2023-10-12 11:29:00,1,Producto equivocado,1946.48
4998,75586,2023-03-04 03:25:00,1,Producto defectuoso,1953.24
4999,71915,2025-02-06 14:35:00,1,Danado en transporte,1749.78
5000,75068,2023-04-10 10:38:00,1,Talla o presentacion,369.10
5001,76692,2026-08-30 10:52:00,1,Talla o presentacion,1916.92
5002,73779,2023-02-10 03:28:00,2,Talla o presentacion,969.44
5003,74630,2024-12-21 10:11:00,1,Talla o presentacion,1987.85
5004,14453,2024-03-31 16:46:00,1,Producto defectuoso,1810.04
5005,11781,2023-11-12 12:29:00,2,Producto defectuoso,3836.24
5006,9810,2023-01-19 06:03:00,1,Danado en transporte,475.76
5007,9949,2025-11-08 22:12:00,4,Cambio de opinion,6789.36
5008,74,2026-02-14 18:03:00,2,Danado en transporte,3464.68
5009,3166,2023-12-01 11:49:00,3,Producto defectuoso,4469.40
5010,15073,2023-05-26 21:56:00,3,Producto defectuoso,5654.04
5011,12408,2025-02-02 17:03:00,1,Cambio de opinion,411.96
5012,4669,2026-07-04 23:00:00,4,Producto defectuoso,9660.52
5013,12522,2025-03-02 06:36:00,2,Producto defectuoso,3534.68
5014,21599,2025-12-26 22:08:00,1,Producto equivocado,516.81
5015,22525,2024-01-02 00:35:00,2,Talla o presentacion,785.38
5016,25642,2024-12-31 14:24:00,3,Producto equivocado,1251.69
5017,19762,2026-02-21 09:19:00,3,Cambio de opinion,6351.07
5018,17060,2025-10-02 15:47:00,1,Talla o presentacion,425.41
5019,26519,2023-08-27 18:43:00,3,Producto defectuoso,1208.71
5020,25207,2025-04-26 14:36:00,1,Producto defectuoso,452.70
5021,30556,2025-01-15 14:19:00,3,Producto equivocado,5430.12
5022,30613,2024-06-02 10:33:00,4,Cambio de opinion,7837.49
5023,32151,2024-01-28 16:28:00,1,Talla o presentacion,1880.87
5024,30861,2026-05-27 20:26:00,3,Talla o presentacion,5698.50
5025,42609,2024-06-18 07:41:00,2,Talla o presentacion,2300.61
5026,42922,2026-01-02 09:55:00,3,Talla o presentacion,5039.55
5027,55437,2023-08-18 05:40:00,2,Talla o presentacion,844.78
5028,50882,2025-07-04 19:11:00,3,Cambio de opinion,5603.91
5029,45155,2026-02-07 15:29:00,2,Cambio de opinion,840.26
5030,48523,2023-12-29 16:36:00,4,Danado en transporte,1848.57
5031,59672,2023-02-07 06:20:00,1,Producto defectuoso,1971.69
5032,59673,2023-02-05 06:19:00,2,Producto equivocado,832.96
5033,63942,2023-02-14 17:35:00,1,Producto equivocado,1644.85
5034,61957,2023-02-02 13:24:00,1,Danado en transporte,1866.02
5035,68921,2024-08-12 05:04:00,1,Producto defectuoso,1434.86
5036,63232,2025-01-24 21:53:00,1,Producto defectuoso,2322.24
5037,64933,2024-04-24 20:30:00,1,Danado en transporte,2342.24
5038,64046,2025-08-06 08:34:00,1,Danado en transporte,2012.64
5039,61242,2024-10-27 22:53:00,1,Danado en transporte,1749.84
5040,64757,2023-12-20 05:54:00,1,Producto equivocado,2162.06
5041,69282,2026-08-19 00:34:00,1,Producto equivocado,1452.36
5042,72512,2025-04-12 03:07:00,1,Danado en transporte,1811.93
5043,72571,2023-09-21 06:11:00,1,Danado en transporte,2263.28
5044,69806,2026-01-04 17:33:00,1,Producto defectuoso,1825.01
5045,68549,2026-07-25 23:15:00,1,Talla o presentacion,1784.84
5046,5570,2024-11-04 07:22:00,1,Danado en transporte,432.83
5047,5665,2023-07-11 23:01:00,4,Talla o presentacion,7778.40
5048,10536,2024-11-03 00:35:00,1,Cambio de opinion,2330.88
5049,10651,2023-02-12 14:00:00,2,Cambio de opinion,3352.78
5050,17511,2024-12-14 18:13:00,3,Producto equivocado,5948.19
5051,20019,2026-08-09 10:29:00,3,Cambio de opinion,1297.50
5052,17771,2026-03-18 18:54:00,1,Producto defectuoso,1960.33
5053,24525,2026-08-06 06:39:00,1,Producto defectuoso,1979.36
5054,27908,2024-04-04 07:11:00,2,Talla o presentacion,3882.58
5055,32807,2026-08-13 12:05:00,1,Danado en transporte,1813.07
5056,30542,2025-02-20 14:51:00,3,Cambio de opinion,5090.29
5057,28319,2023-02-21 06:10:00,1,Danado en transporte,428.22
5058,35020,2023-09-02 21:23:00,3,Danado en transporte,4676.97
5059,40603,2023-09-22 23:26:00,4,Producto equivocado,1765.24
5060,42533,2025-03-08 03:12:00,4,Danado en transporte,7185.00
5061,44666,2024-01-29 03:30:00,3,Talla o presentacion,1273.02
5062,50637,2026-01-17 13:56:00,4,Talla o presentacion,1594.96
5063,50956,2023-02-10 16:17:00,3,Talla o presentacion,4311.24
5064,54101,2026-06-15 16:12:00,2,Producto equivocado,4703.52
5065,56108,2025-03-29 07:33:00,1,Danado en transporte,426.46
5066,53491,2024-03-20 03:43:00,2,Cambio de opinion,955.92
5067,59876,2023-06-01 13:06:00,1,Producto equivocado,1721.77
5068,61172,2025-08-27 17:33:00,1,Producto defectuoso,384.05
5069,60829,2023-01-25 21:53:00,1,Talla o presentacion,1979.36
5070,59427,2025-09-07 03:55:00,2,Producto equivocado,997.06
5071,61113,2024-06-10 01:56:00,1,Producto defectuoso,1598.71
5072,68663,2024-12-17 08:46:00,1,Cambio de opinion,469.77
5073,68036,2023-02-05 22:09:00,1,Cambio de opinion,2237.64
5074,70394,2023-03-10 17:10:00,1,Talla o presentacion,457.88
5075,75647,2024-07-26 11:09:00,2,Danado en transporte,855.62
5076,76318,2024-08-03 11:09:00,1,Producto defectuoso,1863.19
5077,76446,2023-03-22 05:52:00,1,Talla o presentacion,462.65
5078,67619,2024-12-09 14:43:00,1,Danado en transporte,1883.61
5079,72253,2025-12-26 02:11:00,1,Producto defectuoso,1901.21
5080,7451,2023-09-26 22:12:00,4,Talla o presentacion,1706.44
5081,2921,2023-05-08 12:03:00,4,Talla o presentacion,6991.68
5082,1980,2025-02-07 02:45:00,1,Producto equivocado,1865.20
5083,2030,2023-03-22 17:10:00,1,Producto defectuoso,2202.56
5084,5160,2023-10-24 04:59:00,1,Danado en transporte,2225.03
5085,7161,2025-07-19 17:14:00,4,Producto equivocado,7355.84
5086,10926,2026-05-26 13:09:00,2,Cambio de opinion,2563.55
5087,9601,2026-02-05 14:44:00,4,Producto equivocado,1791.56
5088,12917,2023-10-29 04:52:00,1,Danado en transporte,343.53
5089,14589,2023-05-28 21:40:00,1,Danado en transporte,1783.76
5090,16135,2025-10-19 13:04:00,1,Producto equivocado,1550.06
5091,10408,2026-01-06 11:36:00,2,Producto defectuoso,869.94
5092,15014,2024-08-16 08:19:00,3,Danado en transporte,4954.45
5093,11538,2024-10-19 13:02:00,2,Talla o presentacion,861.50
5094,13201,2024-02-22 21:07:00,2,Cambio de opinion,4225.30
5095,16570,2025-09-04 01:56:00,3,Cambio de opinion,1205.25
5096,22269,2026-06-12 23:27:00,2,Cambio de opinion,615.48
5097,25902,2023-05-27 07:56:00,1,Producto equivocado,366.74
5098,25909,2023-06-12 07:49:00,1,Cambio de opinion,1894.34
5099,27455,2026-07-16 13:03:00,1,Talla o presentacion,426.44
5100,21650,2025-02-04 01:32:00,1,Producto equivocado,347.10
5101,21726,2025-07-10 22:58:00,1,Danado en transporte,361.42
5102,28124,2025-10-20 17:49:00,2,Cambio de opinion,4130.00
5103,29578,2023-07-25 07:43:00,3,Producto equivocado,1240.95
5104,25017,2025-03-26 03:17:00,1,Talla o presentacion,1430.82
5105,29706,2026-04-27 12:45:00,1,Producto defectuoso,354.26
5106,35600,2025-09-27 18:15:00,1,Producto equivocado,1831.06
5107,31992,2024-04-07 00:57:00,1,Cambio de opinion,2371.13
5108,36345,2025-12-27 23:50:00,2,Cambio de opinion,878.46
5109,40099,2025-09-21 17:17:00,2,Producto equivocado,3980.86
5110,38274,2024-06-07 22:04:00,1,Producto defectuoso,1789.39
5111,39973,2023-12-13 23:00:00,4,Danado en transporte,6612.44
5112,38971,2023-04-23 16:31:00,2,Talla o presentacion,4350.30
5113,42081,2025-04-08 22:41:00,2,Producto defectuoso,4148.25
5114,47728,2023-06-27 19:14:00,1,Talla o presentacion,2231.66
5115,46392,2024-11-09 05:18:00,3,Producto defectuoso,6617.97
5116,45348,2024-05-05 13:57:00,1,Cambio de opinion,2223.24
5117,46840,2024-12-31 18:37:00,1,Producto equivocado,2245.04
5118,47535,2023-08-09 21:01:00,2,Talla o presentacion,807.98
5119,49013,2023-11-23 10:58:00,4,Producto defectuoso,8961.60
5120,49072,2023-03-19 14:52:00,3,Producto defectuoso,1389.81
5121,51445,2025-08-03 01:17:00,2,Talla o presentacion,3665.74
5122,53505,2024-03-15 03:48:00,2,Cambio de opinion,891.90
5123,52041,2024-08-14 11:01:00,2,Cambio de opinion,4742.26
5124,52360,2023-05-13 10:37:00,1,Cambio de opinion,1722.60
5125,51767,2023-08-30 08:13:00,4,Producto equivocado,7717.82
5126,59860,2024-07-12 06:25:00,1,Producto defectuoso,2247.50
5127,60812,2024-02-29 15:00:00,1,Producto equivocado,505.61
5128,57176,2023-08-13 23:39:00,1,Talla o presentacion,1857.17
5129,62688,2025-02-23 03:12:00,1,Cambio de opinion,2016.42
5130,56876,2024-11-14 11:24:00,1,Producto defectuoso,1880.70
5131,63118,2025-02-08 05:40:00,1,Producto equivocado,372.15
5132,63178,2026-06-01 07:47:00,1,Cambio de opinion,449.43
5133,65684,2024-01-16 00:01:00,1,Danado en transporte,2199.17
5134,70396,2023-02-22 16:56:00,1,Producto defectuoso,481.76
5135,73642,2023-04-07 12:21:00,1,Talla o presentacion,2272.33
5136,67618,2024-11-29 14:54:00,1,Talla o presentacion,1493.02
5137,69411,2026-06-14 19:45:00,1,Producto equivocado,354.26
5138,72649,2026-08-03 17:43:00,1,Producto defectuoso,2090.96
5139,76632,2026-06-13 19:45:00,1,Cambio de opinion,2240.40
