AnioRegistro,Ciudad,ClienteID,ClienteKey,GrupoEdad,NombreCompleto,Provincia,Segmento,Sexo
2022,Puerto Plata,1,1,45 a 59,Rafael Garcia,Puerto Plata,Preferente,M
2022,La Romana,2,2,45 a 59,Daniela Martinez,La Romana,Regular,F
2022,Higuey,3,3,45 a 59,Andres Rodriguez,La Altagracia,Regular,M
2022,Santo Domingo,4,4,45 a 59,Sofia Ortiz,Distrito Nacional,Regular,F
2022,Santo Domingo Este,5,5,45 a 59,Carlos Herrera,Santo Domingo,Regular,M
2022,Santiago,6,6,45 a 59,Laura Cruz,Santiago,Regular,F
2022,La Vega,7,7,45 a 59,Miguel Vargas,La Vega,Regular,M
2022,San Cristobal,8,8,45 a 59,Carla Mendez,San Cristobal,Regular,No especificado
2022,Puerto Plata,9,9,45 a 59,Jose Castillo,Puerto Plata,Regular,No especificado
2022,San Cristobal,10,10,45 a 59,Javier Rodriguez,San Cristobal,Preferente,No especificado
2022,Puerto Plata,11,11,45 a 59,Paola Ortiz,Puerto Plata,Preferente,No especificado
2022,La Romana,12,12,45 a 59,Pedro Herrera,La Romana,Preferente,F
2022,Higuey,13,13,45 a 59,Natalia Cruz,La Altagracia,Preferente,M
2022,Santo Domingo,14,14,45 a 59,Luis Sanchez,Distrito Nacional,Preferente,F
2022,Santo Domingo Este,15,15,45 a 59,Ana Perez,Santo Domingo,Preferente,M
2022,Santiago,16,16,45 a 59,Jose Garcia,Santiago,Preferente,F
2022,La Vega,17,17,45 a 59,Maria Martinez,La Vega,Preferente,M
2022,San Cristobal,18,18,45 a 59,Miguel Reyes,San Cristobal,Preferente,F
2022,Puerto Plata,19,19,45 a 59,Carla Diaz,Puerto Plata,Preferente,M
2022,San Cristobal,20,20,45 a 59,Javier Rodriguez,San Cristobal,Regular,F
2022,Puerto Plata,21,21,45 a 59,Paola Ortiz,Puerto Plata,Regular,M
2022,La Romana,22,22,45 a 59,Pedro Herrera,La Romana,Regular,F
2022,Higuey,23,23,45 a 59,Natalia Cruz,La Altagracia,Regular,M
2022,Santo Domingo,24,24,45 a 59,Luis Sanchez,Distrito Nacional,Regular,No especificado
2022,Santo Domingo Este,25,25,45 a 59,Ana Perez,Santo Domingo,Regular,No especificado
2022,Santiago,26,26,45 a 59,Jose Garcia,Santiago,Regular,F
2022,La Vega,27,27,45 a 59,Maria Martinez,La Vega,Regular,M
2022,San Cristobal,28,28,45 a 59,Miguel Reyes,San Cristobal,Regular,F
2022,Puerto Plata,29,29,45 a 59,Carla Diaz,Puerto Plata,Regular,M
2022,San Cristobal,30,30,45 a 59,Javier Rodriguez,San Cristobal,Regular,F
2022,Puerto Plata,31,31,45 a 59,Paola Ortiz,Puerto Plata,Regular,M
2022,La Romana,32,32,45 a 59,Pedro Herrera,La Romana,Regular,F
2022,Higuey,33,33,45 a 59,Natalia Cruz,La Altagracia,Regular,M
2022,Santo Domingo,34,34,45 a 59,Luis Sanchez,Distrito Nacional,Regular,F
2022,Santo Domingo Este,35,35,45 a 59,Ana Perez,Santo Domingo,Regular,M
2022,Santiago,36,36,45 a 59,Jose Garcia,Santiago,Regular,F
2022,La Vega,37,37,45 a 59,Maria Martinez,La Vega,Regular,M
2022,San Cristobal,38,38,45 a 59,Miguel Reyes,San Cristobal,Regular,No especificado
2022,Puerto Plata,39,39,45 a 59,Carla Diaz,Puerto Plata,Regular,No especificado
2021,San Cristobal,40,40,45 a 59,Javier Rodriguez,San Cristobal,Preferente,F
2021,Puerto Plata,41,41,45 a 59,Paola Ortiz,Puerto Plata,Preferente,M
2021,La Romana,42,42,45 a 59,Pedro Herrera,La Romana,Preferente,F
2021,Higuey,43,43,45 a 59,Natalia Cruz,La Altagracia,Preferente,M
2021,Santo Domingo,44,44,45 a 59,Luis Sanchez,Distrito Nacional,Preferente,F
2021,Santo Domingo Este,45,45,45 a 59,Ana Perez,Santo Domingo,Preferente,M
2021,Santiago,46,46,45 a 59,Jose Garcia,Santiago,Preferente,F
2021,La Vega,47,47,45 a 59,Maria Martinez,La Vega,Preferente,M
2021,San Cristobal,48,48,45 a 59,Miguel Reyes,San Cristobal,Preferente,No especificado
2021,Puerto Plata,49,49,45 a 59,Carla Diaz,Puerto Plata,Preferente,No especificado
2021,San Cristobal,50,50,45 a 59,Javier Rodriguez,San Cristobal,Preferente,F
2021,Puerto Plata,51,51,45 a 59,Paola Ortiz,Puerto Plata,Preferente,M
2021,La Romana,52,52,45 a 59,Pedro Herrera,La Romana,Preferente,F
2021,Higuey,53,53,45 a 59,Natalia Cruz,La Altagracia,Preferente,M
2021,Santo Domingo,54,54,45 a 59,Luis Sanchez,Distrito Nacional,Preferente,F
2021,Santo Domingo Este,55,55,45 a 59,Ana Perez,Santo Domingo,Preferente,M
2021,Santiago,56,56,45 a 59,Jose Garcia,Santiago,Regular,F
2021,La Vega,57,57,45 a 59,Maria Martinez,La Vega,Regular,M
2021,San Cristobal,58,58,45 a 59,Miguel Reyes,San Cristobal,Regular,F
2021,Puerto Plata,59,59,45 a 59,Carla Diaz,Puerto Plata,Regular,M
2021,San Cristobal,60,60,45 a 59,Javier Rodriguez,San Cristobal,Regular,F
2021,Puerto Plata,61,61,45 a 59,Paola Ortiz,Puerto Plata,Regular,M
2021,La Romana,62,62,45 a 59,Pedro Herrera,La Romana,Regular,F
2021,Higuey,63,63,45 a 59,Natalia Cruz,La Altagracia,Regular,M
2021,Santo Domingo,64,64,45 a 59,Luis Sanchez,Distrito Nacional,Regular,F
2021,Santo Domingo Este,65,65,45 a 59,Ana Perez,Santo Domingo,Regular,M
2021,Santiago,66,66,45 a 59,Jose Garcia,Santiago,Regular,F
2021,La Vega,67,67,45 a 59,Maria Martinez,La Vega,Regular,M
2021,San Cristobal,68,68,45 a 59,Miguel Reyes,San Cristobal,Regular,F
2021,Puerto Plata,69,69,45 a 59,Carla Diaz,Puerto Plata,Regular,M
2021,San Cristobal,70,70,45 a 59,Javier Rodriguez,San Cristobal,Regular,No especificado
2021,Puerto Plata,71,71,45 a 59,Paola Ortiz,Puerto Plata,Regular,No especificado
2021,La Romana,72,72,45 a 59,Pedro Herrera,La Romana,Regular,F
2021,Higuey,73,73,45 a 59,Natalia Cruz,La Altagracia,Regular,M
2021,Santo Domingo,74,74,45 a 59,Luis Sanchez,Distrito Nacional,Regular,F
2021,Santo Domingo Este,75,75,45 a 59,Ana Perez,Santo Domingo,Regular,M
2021,Santiago,76,76,45 a 59,Jose Garcia,Santiago,Regular,F
2021,La Vega,77,77,45 a 59,Maria Martinez,La Vega,Regular,M
2021,San Cristobal,78,78,45 a 59,Miguel Reyes,San Cristobal,Regular,F
2021,Puerto Plata,79,79,45 a 59,Carla Diaz,Puerto Plata,Regular,M
2021,San Cristobal,80,80,45 a 59,Javier Rodriguez,San Cristobal,Regular,F
2021,Puerto Plata,81,81,45 a 59,Paola Ortiz,Puerto Plata,Regular,M
2021,La Romana,82,82,45 a 59,Pedro Herrera,La Romana,Regular,F
2021,Higuey,83,83,45 a 59,Natalia Cruz,La Altagracia,Regular,M
2021,Santo Domingo,84,84,45 a 59,Luis Sanchez,Distrito Nacional,Regular,No especificado
2021,Santo Domingo Este,85,85,45 a 59,Ana Perez,Santo Domingo,Regular,No especificado
2021,Santiago,86,86,45 a 59,Jose Garcia,Santiago,Regular,F
2021,La Vega,87,87,45 a 59,Maria Martinez,La Vega,Regular,M
2021,San Cristobal,88,88,45 a 59,Miguel Reyes,San Cristobal,Regular,F
2021,Puerto Plata,89,89,45 a 59,Carla Diaz,Puerto Plata,Regular,M
2021,San Cristobal,90,90,45 a 59,Javier Rodriguez,San Cristobal,Regular,F
2021,Puerto Plata,91,91,45 a 59,Paola Ortiz,Puerto Plata,Regular,M
2021,La Romana,92,92,45 a 59,Pedro Herrera,La Romana,Regular,F
2021,Higuey,93,93,45 a 59,Natalia Cruz,La Altagracia,Regular,M
2021,Santo Domingo,94,94,45 a 59,Luis Sanchez,Distrito Nacional,Corporativo,F
2021,Santo Domingo Este,95,95,45 a 59,Ana Perez,Santo Domingo,Corporativo,M
2021,Santiago,96,96,45 a 59,Jose Garcia,Santiago,Corporativo,F
2021,La Vega,97,97,45 a 59,Maria Martinez,La Vega,Corporativo,M
2021,San Cristobal,98,98,45 a 59,Miguel Reyes,San Cristobal,Corporativo,No especificado
2021,Puerto Plata,99,99,45 a 59,Carla Diaz,Puerto Plata,Corporativo,No especificado
2022,San Cristobal,100,100,45 a 59,Laura Ortiz,San Cristobal,Preferente,F
2022,Puerto Plata,101,101,45 a 59,Carlos Herrera,Puerto Plata,Preferente,M
2022,La Romana,102,102,45 a 59,Carla Cruz,La Romana,Preferente,F
2022,Higuey,103,103,45 a 59,Miguel Vargas,La Altagracia,Preferente,No especificado
2022,Santo Domingo,104,104,45 a 59,Daniela Perez,Distrito Nacional,Preferente,No especificado
2022,Santo Domingo Este,105,105,45 a 59,Rafael Garcia,Santo Domingo,Preferente,M
2022,Santiago,106,106,45 a 59,Sofia Martinez,Santiago,Preferente,F
2022,La Vega,107,107,45 a 59,Andres Rodriguez,La Vega,Preferente,M
2022,San Cristobal,108,108,45 a 59,Natalia Diaz,San Cristobal,Preferente,F
2022,Puerto Plata,109,109,45 a 59,Pedro Torres,Puerto Plata,Preferente,M
2022,San Cristobal,110,110,45 a 59,Laura Ortiz,San Cristobal,Preferente,F
2022,Puerto Plata,111,111,45 a 59,Carlos Herrera,Puerto Plata,Preferente,M
2022,La Romana,112,112,45 a 59,Carla Cruz,La Romana,Preferente,F
2022,Higuey,113,113,45 a 59,Miguel Vargas,La Altagracia,Preferente,M
2022,Santo Domingo,114,114,45 a 59,Daniela Perez,Distrito Nacional,Preferente,F
2022,Santo Domingo Este,115,115,45 a 59,Rafael Garcia,Santo Domingo,Preferente,M
2022,Santiago,116,116,45 a 59,Sofia Martinez,Santiago,Regular,F
2022,La Vega,117,117,45 a 59,Andres Rodriguez,La Vega,Regular,No especificado
2022,San Cristobal,118,118,45 a 59,Natalia Diaz,San Cristobal,Regular,No especificado
2022,Puerto Plata,119,119,45 a 59,Pedro Torres,Puerto Plata,Regular,M
2022,San Cristobal,120,120,45 a 59,Laura Ortiz,San Cristobal,Regular,F
2022,Puerto Plata,121,121,45 a 59,Carlos Herrera,Puerto Plata,Regular,M
2022,La Romana,122,122,45 a 59,Carla Cruz,La Romana,Regular,F
2022,Higuey,123,123,45 a 59,Miguel Vargas,La Altagracia,Regular,M
2022,Santo Domingo,124,124,45 a 59,Daniela Perez,Distrito Nacional,Regular,F
2022,Santo Domingo Este,125,125,45 a 59,Rafael Garcia,Santo Domingo,Regular,M
2022,Santiago,126,126,45 a 59,Sofia Martinez,Santiago,Regular,F
2022,La Vega,127,127,45 a 59,Andres Rodriguez,La Vega,Regular,M
2022,San Cristobal,128,128,45 a 59,Natalia Diaz,San Cristobal,Regular,F
2022,Puerto Plata,129,129,45 a 59,Pedro Torres,Puerto Plata,Regular,M
2022,San Cristobal,130,130,45 a 59,Laura Ortiz,San Cristobal,Regular,F
2022,Puerto Plata,131,131,45 a 59,Carlos Herrera,Puerto Plata,Regular,M
2022,La Romana,132,132,45 a 59,Carla Cruz,La Romana,Regular,F
2022,Higuey,133,133,45 a 59,Miguel Vargas,La Altagracia,Regular,M
2022,Santo Domingo,134,134,45 a 59,Daniela Perez,Distrito Nacional,Regular,F
2022,Santo Domingo Este,135,135,45 a 59,Rafael Garcia,Santo Domingo,Regular,M
2022,Santiago,136,136,45 a 59,Sofia Martinez,Santiago,Regular,F
2022,La Vega,137,137,45 a 59,Andres Rodriguez,La Vega,Regular,M
2022,San Cristobal,138,138,45 a 59,Natalia Diaz,San Cristobal,Regular,F
2022,Puerto Plata,139,139,45 a 59,Pedro Torres,Puerto Plata,Regular,M
2021,San Cristobal,140,140,45 a 59,Laura Ortiz,San Cristobal,Preferente,F
2021,Puerto Plata,141,141,45 a 59,Carlos Herrera,Puerto Plata,Preferente,M
2021,La Romana,142,142,45 a 59,Carla Cruz,La Romana,Preferente,F
2021,Higuey,143,143,45 a 59,Miguel Vargas,La Altagracia,Preferente,M
2021,Santo Domingo,144,144,45 a 59,Daniela Perez,Distrito Nacional,Preferente,F
2021,Santo Domingo Este,145,145,45 a 59,Rafael Garcia,Santo Domingo,Preferente,M
2021,Santiago,146,146,45 a 59,Sofia Martinez,Santiago,Preferente,F
2021,La Vega,147,147,45 a 59,Andres Rodriguez,La Vega,Preferente,M
2021,San Cristobal,148,148,45 a 59,Natalia Diaz,San Cristobal,Preferente,F
2021,Puerto Plata,149,149,45 a 59,Pedro Torres,Puerto Plata,Preferente,M
2021,San Cristobal,150,150,45 a 59,Laura Ortiz,San Cristobal,Regular,No especificado
2021,Puerto Plata,151,151,45 a 59,Carlos Herrera,Puerto Plata,Regular,M
2021,La Romana,152,152,45 a 59,Carla Cruz,La Romana,Regular,F
2021,Higuey,153,153,45 a 59,Miguel Vargas,La Altagracia,Regular,M
2021,Santo Domingo,154,154,45 a 59,Daniela Perez,Distrito Nacional,Regular,F
2021,Santo Domingo Este,155,155,45 a 59,Rafael Garcia,Santo Domingo,Regular,M
2021,Santiago,156,156,45 a 59,Sofia Martinez,Santiago,Regular,F
2021,La Vega,157,157,45 a 59,Andres Rodriguez,La Vega,Regular,M
2021,San Cristobal,158,158,45 a 59,Natalia Diaz,San Cristobal,Regular,F
2021,Puerto Plata,159,159,45 a 59,Pedro Torres,Puerto Plata,Regular,M
2021,San Cristobal,160,160,45 a 59,Laura Ortiz,San Cristobal,Regular,F
2021,Puerto Plata,161,161,45 a 59,Carlos Herrera,Puerto Plata,Regular,M
2021,La Romana,162,162,45 a 59,Carla Cruz,La Romana,Regular,F
2021,Higuey,163,163,45 a 59,Miguel Vargas,La Altagracia,Regular,No especificado
2021,Santo Domingo,164,164,45 a 59,Daniela Perez,Distrito Nacional,Regular,No especificado
2021,Santo Domingo Este,165,165,45 a 59,Rafael Garcia,Santo Domingo,Regular,M
2021,Santiago,166,166,45 a 59,Sofia Martinez,Santiago,Regular,F
2021,La Vega,167,167,45 a 59,Andres Rodriguez,La Vega,Regular,M
2021,San Cristobal,168,168,45 a 59,Natalia Diaz,San Cristobal,Regular,F
2021,Puerto Plata,169,169,45 a 59,Pedro Torres,Puerto Plata,Regular,M
2021,San Cristobal,170,170,45 a 59,Laura Ortiz,San Cristobal,Regular,F
2021,Puerto Plata,171,171,45 a 59,Carlos Herrera,Puerto Plata,Regular,M
2021,La Romana,172,172,45 a 59,Carla Cruz,La Romana,Regular,F
2021,Higuey,173,173,45 a 59,Miguel Vargas,La Altagracia,Regular,M
2021,Santo Domingo,174,174,45 a 59,Daniela Perez,Distrito Nacional,Regular,F
2021,Santo Domingo Este,175,175,45 a 59,Rafael Garcia,Santo Domingo,Regular,M
2021,Santiago,176,176,45 a 59,Sofia Martinez,Santiago,Regular,F
2021,La Vega,177,177,45 a 59,Andres Rodriguez,La Vega,Regular,No especificado
2021,San Cristobal,178,178,45 a 59,Natalia Diaz,San Cristobal,Regular,No especificado
2021,Puerto Plata,179,179,45 a 59,Pedro Torres,Puerto Plata,Regular,M
2021,San Cristobal,180,180,45 a 59,Laura Ortiz,San Cristobal,Regular,F
2021,Puerto Plata,181,181,45 a 59,Carlos Herrera,Puerto Plata,Regular,M
2021,La Romana,182,182,45 a 59,Carla Cruz,La Romana,Regular,F
2021,Higuey,183,183,45 a 59,Miguel Vargas,La Altagracia,Regular,M
2021,Santo Domingo,184,184,45 a 59,Daniela Perez,Distrito Nacional,Regular,F
2021,Santo Domingo Este,185,185,45 a 59,Rafael Garcia,Santo Domingo,Regular,M
2021,Santiago,186,186,45 a 59,Sofia Martinez,Santiago,Regular,F
2021,La Vega,187,187,45 a 59,Andres Rodriguez,La Vega,Regular,M
2021,San Cristobal,188,188,45 a 59,Natalia Diaz,San Cristobal,Regular,F
2021,Puerto Plata,189,189,45 a 59,Pedro Torres,Puerto Plata,Regular,M
2021,San Cristobal,190,190,45 a 59,Laura Ortiz,San Cristobal,Corporativo,F
2021,Puerto Plata,191,191,45 a 59,Carlos Herrera,Puerto Plata,Corporativo,M
2021,La Romana,192,192,45 a 59,Carla Cruz,La Romana,Corporativo,F
2021,Higuey,193,193,45 a 59,Miguel Vargas,La Altagracia,Corporativo,M
2021,Santo Domingo,194,194,45 a 59,Daniela Perez,Distrito Nacional,Corporativo,F
2021,Santo Domingo Este,195,195,45 a 59,Rafael Garcia,Santo Domingo,Corporativo,M
2021,Santiago,196,196,45 a 59,Sofia Martinez,Santiago,Corporativo,F
2021,La Vega,197,197,45 a 59,Andres Rodriguez,La Vega,Corporativo,M
2021,San Cristobal,198,198,45 a 59,Natalia Diaz,San Cristobal,Preferente,F
2021,Puerto Plata,199,199,45 a 59,Pedro Torres,Puerto Plata,Preferente,M
2022,San Cristobal,200,200,45 a 59,Laura Ortiz,San Cristobal,Regular,F
2022,Puerto Plata,201,201,45 a 59,Carlos Herrera,Puerto Plata,Regular,M
2022,La Romana,202,202,45 a 59,Carla Cruz,La Romana,Regular,F
2022,Higuey,203,203,45 a 59,Miguel Vargas,La Altagracia,Regular,M
2022,Santo Domingo,204,204,45 a 59,Daniela Perez,Distrito Nacional,Regular,F
2022,Santo Domingo Este,205,205,45 a 59,Rafael Garcia,Santo Domingo,Regular,M
2022,Santiago,206,206,45 a 59,Sofia Martinez,Santiago,Regular,F
2022,La Vega,207,207,45 a 59,Andres Rodriguez,La Vega,Regular,No especificado
2022,San Cristobal,208,208,45 a 59,Natalia Diaz,San Cristobal,Regular,No especificado
2022,Puerto Plata,209,209,45 a 59,Pedro Torres,Puerto Plata,Regular,M
2022,San Cristobal,210,210,45 a 59,Laura Ortiz,San Cristobal,Regular,F
2022,Puerto Plata,211,211,45 a 59,Carlos Herrera,Puerto Plata,Regular,M
2022,La Romana,212,212,45 a 59,Carla Cruz,La Romana,Regular,F
2022,Higuey,213,213,45 a 59,Miguel Vargas,La Altagracia,Regular,M
2022,Santo Domingo,214,214,45 a 59,Daniela Perez,Distrito Nacional,Regular,F
2022,Santo Domingo Este,215,215,45 a 59,Rafael Garcia,Santo Domingo,Regular,M
2022,Santiago,216,216,45 a 59,Sofia Martinez,Santiago,Regular,F
2022,La Vega,217,217,45 a 59,Andres Rodriguez,La Vega,Regular,M
2022,San Cristobal,218,218,45 a 59,Natalia Diaz,San Cristobal,Regular,F
2022,Puerto Plata,219,219,45 a 59,Pedro Torres,Puerto Plata,Regular,M
2022,San Cristobal,220,220,45 a 59,Laura Ortiz,San Cristobal,Corporativo,F
2022,Puerto Plata,221,221,45 a 59,Carlos Herrera,Puerto Plata,Corporativo,M
2022,La Romana,222,222,45 a 59,Carla Cruz,La Romana,Corporativo,F
2022,Higuey,223,223,45 a 59,Miguel Vargas,La Altagracia,Corporativo,M
2022,Santo Domingo,224,224,45 a 59,Daniela Perez,Distrito Nacional,Corporativo,F
2022,Santo Domingo Este,225,225,45 a 59,Rafael Garcia,Santo Domingo,Corporativo,M
2022,Santiago,226,226,45 a 59,Sofia Martinez,Santiago,Corporativo,F
2022,La Vega,227,227,45 a 59,Andres Rodriguez,La Vega,Corporativo,M
2022,San Cristobal,228,228,45 a 59,Natalia Diaz,San Cristobal,Preferente,F
2022,Puerto Plata,229,229,45 a 59,Pedro Torres,Puerto Plata,Preferente,M
2022,San Cristobal,230,230,45 a 59,Laura Ortiz,San Cristobal,Preferente,No especificado
2022,Puerto Plata,231,231,45 a 59,Carlos Herrera,Puerto Plata,Preferente,M
2022,La Romana,232,232,45 a 59,Carla Cruz,La Romana,Preferente,F
2022,Higuey,233,233,45 a 59,Miguel Vargas,La Altagracia,Preferente,M
2022,Santo Domingo,234,234,45 a 59,Daniela Perez,Distrito Nacional,Preferente,F
2022,Santo Domingo Este,235,235,45 a 59,Rafael Garcia,Santo Domingo,Preferente,M
2022,Santiago,236,236,45 a 59,Sofia Martinez,Santiago,Preferente,F
2022,La Vega,237,237,45 a 59,Andres Rodriguez,La Vega,Preferente,M
2022,San Cristobal,238,238,45 a 59,Natalia Diaz,San Cristobal,Preferente,F
2022,Puerto Plata,239,239,45 a 59,Pedro Torres,Puerto Plata,Preferente,M
2022,San Cristobal,240,240,45 a 59,Laura Ortiz,San Cristobal,Regular,No especificado
2022,Puerto Plata,241,241,45 a 59,Carlos Herrera,Puerto Plata,Regular,M
2022,La Romana,242,242,45 a 59,Carla Cruz,La Romana,Regular,F
2022,Higuey,243,243,45 a 59,Miguel Vargas,La Altagracia,Regular,M
2022,Santo Domingo,244,244,45 a 59,Daniela Perez,Distrito Nacional,Regular,F
2022,Santo Domingo Este,245,245,45 a 59,Rafael Garcia,Santo Domingo,Regular,M
2022,Santiago,246,246,45 a 59,Sofia Martinez,Santiago,Regular,F
2022,La Vega,247,247,45 a 59,Andres Rodriguez,La Vega,Regular,M
2022,San Cristobal,248,248,45 a 59,Natalia Diaz,San Cristobal,Regular,F
2022,Puerto Plata,249,249,45 a 59,Pedro Torres,Puerto Plata,Regular,M
2022,San Cristobal,250,250,45 a 59,Laura Ortiz,San Cristobal,Regular,F
2022,Puerto Plata,251,251,45 a 59,Carlos Herrera,Puerto Plata,Regular,M
2022,La Romana,252,252,45 a 59,Carla Cruz,La Romana,Regular,F
2022,Higuey,253,253,45 a 59,Miguel Vargas,La Altagracia,Regular,No especificado
2022,Santo Domingo,254,254,45 a 59,Daniela Perez,Distrito Nacional,Corporativo,No especificado
2022,Santo Domingo Este,255,255,45 a 59,Rafael Garcia,Santo Domingo,Corporativo,M
2022,Santiago,256,256,45 a 59,Sofia Martinez,Santiago,Corporativo,F
2022,La Vega,257,257,45 a 59,Andres Rodriguez,La Vega,Corporativo,M
2022,San Cristobal,258,258,45 a 59,Natalia Diaz,San Cristobal,Corporativo,F
2022,Puerto Plata,259,259,45 a 59,Pedro Torres,Puerto Plata,Corporativo,M
2022,San Cristobal,260,260,45 a 59,Laura Ortiz,San Cristobal,Preferente,F
2022,Puerto Plata,261,261,45 a 59,Carlos Herrera,Puerto Plata,Preferente,M
2022,La Romana,262,262,45 a 59,Carla Cruz,La Romana,Preferente,F
2022,Higuey,263,263,45 a 59,Miguel Vargas,La Altagracia,Preferente,M
2022,Santo Domingo,264,264,45 a 59,Daniela Perez,Distrito Nacional,Preferente,F
2022,Santo Domingo Este,265,265,45 a 59,Rafael Garcia,Santo Domingo,Preferente,M
2022,Santiago,266,266,45 a 59,Sofia Martinez,Santiago,Preferente,F
2022,La Vega,267,267,45 a 59,Andres Rodriguez,La Vega,Preferente,No especificado
2022,San Cristobal,268,268,45 a 59,Natalia Diaz,San Cristobal,Preferente,No especificado
2022,Puerto Plata,269,269,45 a 59,Pedro Torres,Puerto Plata,Preferente,M
2022,San Cristobal,270,270,45 a 59,Laura Ortiz,San Cristobal,Preferente,F
2022,Puerto Plata,271,271,45 a 59,Carlos Herrera,Puerto Plata,Preferente,M
2022,La Romana,272,272,45 a 59,Carla Cruz,La Romana,Preferente,F
2022,Higuey,273,273,45 a 59,Miguel Vargas,La Altagracia,Preferente,M
2022,Santo Domingo,274,274,45 a 59,Daniela Perez,Distrito Nacional,Preferente,F
2022,Santo Domingo Este,275,275,45 a 59,Rafael Garcia,Santo Domingo,Preferente,M
2022,Santiago,276,276,45 a 59,Sofia Martinez,Santiago,Preferente,F
2022,La Vega,277,277,45 a 59,Andres Rodriguez,La Vega,Preferente,M
2022,San Cristobal,278,278,45 a 59,Natalia Diaz,San Cristobal,Preferente,F
2022,Puerto Plata,279,279,45 a 59,Pedro Torres,Puerto Plata,Preferente,M
2022,San Cristobal,280,280,45 a 59,Laura Ortiz,San Cristobal,Regular,F
2022,Puerto Plata,281,281,45 a 59,Carlos Herrera,Puerto Plata,Regular,M
2022,La Romana,282,282,45 a 59,Carla Cruz,La Romana,Regular,F
2022,Higuey,283,283,45 a 59,Miguel Vargas,La Altagracia,Regular,M
2022,Santo Domingo,284,284,45 a 59,Daniela Perez,Distrito Nacional,Regular,F
2022,Santo Domingo Este,285,285,45 a 59,Rafael Garcia,Santo Domingo,Regular,M
2022,Santiago,286,286,45 a 59,Sofia Martinez,Santiago,Regular,F
2022,La Vega,287,287,45 a 59,Andres Rodriguez,La Vega,Regular,M
2022,San Cristobal,288,288,45 a 59,Natalia Diaz,San Cristobal,Regular,F
2022,Puerto Plata,289,289,45 a 59,Pedro Torres,Puerto Plata,Regular,M
2022,San Cristobal,290,290,45 a 59,Laura Ortiz,San Cristobal,Regular,No especificado
2022,Puerto Plata,291,291,45 a 59,Carlos Herrera,Puerto Plata,Regular,M
2022,La Romana,292,292,45 a 59,Carla Cruz,La Romana,Regular,F
2022,Higuey,293,293,45 a 59,Miguel Vargas,La Altagracia,Regular,M
2022,Santo Domingo,294,294,45 a 59,Daniela Perez,Distrito Nacional,Regular,F
2022,Santo Domingo Este,295,295,45 a 59,Rafael Garcia,Santo Domingo,Regular,M
2022,Santiago,296,296,45 a 59,Sofia Martinez,Santiago,Regular,F
2022,La Vega,297,297,45 a 59,Andres Rodriguez,La Vega,Regular,M
2022,San Cristobal,298,298,45 a 59,Natalia Diaz,San Cristobal,Regular,F
2022,Puerto Plata,299,299,45 a 59,Pedro Torres,Puerto Plata,Regular,M
2021,San Cristobal,300,300,45 a 59,Laura Ortiz,San Cristobal,Preferente,F
2021,Puerto Plata,301,301,45 a 59,Carlos Herrera,Puerto Plata,Preferente,M
2021,La Romana,302,302,45 a 59,Carla Cruz,La Romana,Preferente,F
2021,Higuey,303,303,45 a 59,Miguel Vargas,La Altagracia,Preferente,M
2021,Santo Domingo,304,304,45 a 59,Daniela Perez,Distrito Nacional,Preferente,F
2021,Santo Domingo Este,305,305,45 a 59,Rafael Garcia,Santo Domingo,Preferente,M
2021,Santiago,306,306,45 a 59,Sofia Martinez,Santiago,Preferente,F
2021,La Vega,307,307,45 a 59,Andres Rodriguez,La Vega,Preferente,M
2021,San Cristobal,308,308,45 a 59,Natalia Diaz,San Cristobal,Preferente,F
2021,Puerto Plata,309,309,45 a 59,Pedro Torres,Puerto Plata,Preferente,M
2021,San Cristobal,310,310,45 a 59,Laura Ortiz,San Cristobal,Regular,F
2021,Puerto Plata,311,311,45 a 59,Carlos Herrera,Puerto Plata,Regular,M
2021,La Romana,312,312,45 a 59,Carla Cruz,La Romana,Regular,F
2021,Higuey,313,313,45 a 59,Miguel Vargas,La Altagracia,Regular,M
2021,Santo Domingo,314,314,45 a 59,Daniela Perez,Distrito Nacional,Regular,F
2021,Santo Domingo Este,315,315,45 a 59,Rafael Garcia,Santo Domingo,Regular,M
2021,Santiago,316,316,45 a 59,Sofia Martinez,Santiago,Regular,F
2021,La Vega,317,317,45 a 59,Andres Rodriguez,La Vega,Regular,M
2021,San Cristobal,318,318,45 a 59,Natalia Diaz,San Cristobal,Regular,F
2021,Puerto Plata,319,319,45 a 59,Pedro Torres,Puerto Plata,Regular,M
2021,San Cristobal,320,320,45 a 59,Laura Ortiz,San Cristobal,Regular,No especificado
2021,Puerto Plata,321,321,45 a 59,Carlos Herrera,Puerto Plata,Regular,M
2021,La Romana,322,322,45 a 59,Carla Cruz,La Romana,Regular,F
2021,Higuey,323,323,45 a 59,Miguel Vargas,La Altagracia,Regular,M
2021,Santo Domingo,324,324,45 a 59,Daniela Perez,Distrito Nacional,Regular,F
2021,Santo Domingo Este,325,325,45 a 59,Rafael Garcia,Santo Domingo,Regular,M
2021,Santiago,326,326,45 a 59,Sofia Martinez,Santiago,Regular,F
2021,La Vega,327,327,45 a 59,Andres Rodriguez,La Vega,Regular,M
2021,San Cristobal,328,328,45 a 59,Natalia Diaz,San Cristobal,Regular,F
2021,Puerto Plata,329,329,45 a 59,Pedro Torres,Puerto Plata,Regular,M
2021,San Cristobal,330,330,45 a 59,Laura Ortiz,San Cristobal,Regular,F
2021,Puerto Plata,331,331,45 a 59,Carlos Herrera,Puerto Plata,Regular,M
2021,La Romana,332,332,45 a 59,Carla Cruz,La Romana,Regular,F
2021,Higuey,333,333,45 a 59,Miguel Vargas,La Altagracia,Regular,No especificado
2021,Santo Domingo,334,334,45 a 59,Daniela Perez,Distrito Nacional,Regular,No especificado
2021,Santo Domingo Este,335,335,45 a 59,Rafael Garcia,Santo Domingo,Regular,M
2021,Santiago,336,336,45 a 59,Sofia Martinez,Santiago,Regular,F
2021,La Vega,337,337,45 a 59,Andres Rodriguez,La Vega,Regular,M
2021,San Cristobal,338,338,45 a 59,Natalia Diaz,San Cristobal,Regular,F
2021,Puerto Plata,339,339,45 a 59,Pedro Torres,Puerto Plata,Regular,M
2022,San Cristobal,340,340,45 a 59,Laura Ortiz,San Cristobal,Preferente,F
2022,Puerto Plata,341,341,45 a 59,Carlos Herrera,Puerto Plata,Preferente,M
2022,La Romana,342,342,45 a 59,Carla Cruz,La Romana,Regular,F
2022,Higuey,343,343,45 a 59,Miguel Vargas,La Altagracia,Regular,No especificado
2022,Santo Domingo,344,344,45 a 59,Daniela Perez,Distrito Nacional,Regular,No especificado
2022,Santo Domingo Este,345,345,45 a 59,Rafael Garcia,Santo Domingo,Regular,M
2022,Santiago,346,346,45 a 59,Sofia Martinez,Santiago,Regular,F
2022,La Vega,347,347,45 a 59,Andres Rodriguez,La Vega,Regular,M
2022,San Cristobal,348,348,45 a 59,Natalia Diaz,San Cristobal,Regular,F
2022,Puerto Plata,349,349,45 a 59,Pedro Torres,Puerto Plata,Regular,M
2022,San Cristobal,350,350,45 a 59,Laura Ortiz,San Cristobal,Regular,F
2022,Puerto Plata,351,351,45 a 59,Carlos Herrera,Puerto Plata,Regular,M
2022,La Romana,352,352,45 a 59,Carla Cruz,La Romana,Regular,F
2022,Higuey,353,353,45 a 59,Miguel Vargas,La Altagracia,Regular,M
2022,Santo Domingo,354,354,45 a 59,Daniela Perez,Distrito Nacional,Regular,F
2022,Santo Domingo Este,355,355,45 a 59,Rafael Garcia,Santo Domingo,Regular,M
2022,Santiago,356,356,45 a 59,Sofia Martinez,Santiago,Regular,F
2022,La Vega,357,357,45 a 59,Andres Rodriguez,La Vega,Regular,No especificado
2022,San Cristobal,358,358,45 a 59,Natalia Diaz,San Cristobal,Regular,No especificado
2022,Puerto Plata,359,359,45 a 59,Pedro Torres,Puerto Plata,Regular,M
2022,San Cristobal,360,360,45 a 59,Laura Ortiz,San Cristobal,Regular,F
2022,Puerto Plata,361,361,45 a 59,Carlos Herrera,Puerto Plata,Regular,M
2022,La Romana,362,362,45 a 59,Carla Cruz,La Romana,Regular,F
2022,Higuey,363,363,45 a 59,Miguel Vargas,La Altagracia,Regular,M
2022,Santo Domingo,364,364,45 a 59,Daniela Perez,Distrito Nacional,Regular,F
2022,Santo Domingo Este,365,365,45 a 59,Rafael Garcia,Santo Domingo,Regular,M
2021,Santiago,366,366,45 a 59,Sofia Martinez,Santiago,Regular,F
2021,La Vega,367,367,45 a 59,Andres Rodriguez,La Vega,Regular,M
2021,San Cristobal,368,368,45 a 59,Natalia Diaz,San Cristobal,Regular,F
2021,Puerto Plata,369,369,45 a 59,Pedro Torres,Puerto Plata,Regular,M
2021,San Cristobal,370,370,45 a 59,Laura Ortiz,San Cristobal,Regular,F
2021,Puerto Plata,371,371,45 a 59,Carlos Herrera,Puerto Plata,Regular,M
2021,La Romana,372,372,45 a 59,Carla Cruz,La Romana,Regular,F
2021,Higuey,373,373,45 a 59,Miguel Vargas,La Altagracia,Regular,M
2021,Santo Domingo,374,374,45 a 59,Daniela Perez,Distrito Nacional,Regular,F
2021,Santo Domingo Este,375,375,45 a 59,Rafael Garcia,Santo Domingo,Regular,M
2021,Santiago,376,376,45 a 59,Sofia Martinez,Santiago,Regular,F
2021,La Vega,377,377,45 a 59,Andres Rodriguez,La Vega,Regular,M
2021,San Cristobal,378,378,45 a 59,Natalia Diaz,San Cristobal,Regular,F
2021,Puerto Plata,379,379,45 a 59,Pedro Torres,Puerto Plata,Regular,M
2021,San Cristobal,380,380,45 a 59,Laura Ortiz,San Cristobal,Corporativo,No especificado
2021,Puerto Plata,381,381,45 a 59,Carlos Herrera,Puerto Plata,Corporativo,M
2021,La Romana,382,382,45 a 59,Carla Cruz,La Romana,Corporativo,F
2021,Higuey,383,383,45 a 59,Miguel Vargas,La Altagracia,Corporativo,M
2021,Santo Domingo,384,384,45 a 59,Daniela Perez,Distrito Nacional,Corporativo,F
2021,Santo Domingo Este,385,385,45 a 59,Rafael Garcia,Santo Domingo,Corporativo,M
2021,Santiago,386,386,45 a 59,Sofia Martinez,Santiago,Corporativo,F
2021,La Vega,387,387,45 a 59,Andres Rodriguez,La Vega,Corporativo,M
2021,San Cristobal,388,388,45 a 59,Natalia Diaz,San Cristobal,Corporativo,F
2021,Puerto Plata,389,389,45 a 59,Pedro Torres,Puerto Plata,Corporativo,M
2021,San Cristobal,390,390,45 a 59,Laura Ortiz,San Cristobal,Preferente,F
2021,Puerto Plata,391,391,45 a 59,Carlos Herrera,Puerto Plata,Preferente,M
2021,La Romana,392,392,45 a 59,Carla Cruz,La Romana,Preferente,F
2021,Higuey,393,393,45 a 59,Miguel Vargas,La Altagracia,Preferente,No especificado
2021,Santo Domingo,394,394,45 a 59,Daniela Perez,Distrito Nacional,Preferente,No especificado
2021,Santo Domingo Este,395,395,45 a 59,Rafael Garcia,Santo Domingo,Preferente,M
2021,Santiago,396,396,45 a 59,Sofia Martinez,Santiago,Preferente,F
2021,La Vega,397,397,45 a 59,Andres Rodriguez,La Vega,Preferente,M
2021,San Cristobal,398,398,45 a 59,Natalia Diaz,San Cristobal,Preferente,F
2021,Puerto Plata,399,399,45 a 59,Pedro Torres,Puerto Plata,Preferente,M
2022,San Cristobal,400,400,45 a 59,Laura Ortiz,San Cristobal,Regular,F
2022,Puerto Plata,401,401,45 a 59,Carlos Herrera,Puerto Plata,Regular,M
2022,La Romana,402,402,45 a 59,Carla Cruz,La Romana,Regular,F
2022,Higuey,403,403,45 a 59,Miguel Vargas,La Altagracia,Regular,M
2022,Santo Domingo,404,404,45 a 59,Daniela Perez,Distrito Nacional,Regular,F
2022,Santo Domingo Este,405,405,45 a 59,Rafael Garcia,Santo Domingo,Regular,M
2022,Santiago,406,406,45 a 59,Sofia Martinez,Santiago,Regular,F
2022,La Vega,407,407,45 a 59,Andres Rodriguez,La Vega,Regular,M
2022,San Cristobal,408,408,45 a 59,Natalia Diaz,San Cristobal,Regular,F
2022,Puerto Plata,409,409,45 a 59,Pedro Torres,Puerto Plata,Regular,M
2022,San Cristobal,410,410,45 a 59,Laura Ortiz,San Cristobal,Corporativo,F
2022,Puerto Plata,411,411,45 a 59,Carlos Herrera,Puerto Plata,Corporativo,M
2022,La Romana,412,412,45 a 59,Carla Cruz,La Romana,Corporativo,F
2022,Higuey,413,413,45 a 59,Miguel Vargas,La Altagracia,Corporativo,M
2022,Santo Domingo,414,414,45 a 59,Daniela Perez,Distrito Nacional,Corporativo,F
2022,Santo Domingo Este,415,415,45 a 59,Rafael Garcia,Santo Domingo,Corporativo,M
2022,Santiago,416,416,45 a 59,Sofia Martinez,Santiago,Corporativo,F
2022,La Vega,417,417,45 a 59,Andres Rodriguez,La Vega,Corporativo,M
2022,San Cristobal,418,418,45 a 59,Natalia Diaz,San Cristobal,Preferente,F
2022,Puerto Plata,419,419,45 a 59,Pedro Torres,Puerto Plata,Preferente,M
2022,San Cristobal,420,420,45 a 59,Laura Ortiz,San Cristobal,Preferente,No especificado
2022,Puerto Plata,421,421,45 a 59,Carlos Herrera,Puerto Plata,Preferente,M
2022,La Romana,422,422,45 a 59,Carla Cruz,La Romana,Preferente,F
2022,Higuey,423,423,45 a 59,Miguel Vargas,La Altagracia,Preferente,M
2021,Santo Domingo,424,424,45 a 59,Daniela Perez,Distrito Nacional,Preferente,F
2021,Santo Domingo Este,425,425,45 a 59,Rafael Garcia,Santo Domingo,Preferente,M
2021,Santiago,426,426,45 a 59,Sofia Martinez,Santiago,Preferente,F
2021,La Vega,427,427,45 a 59,Andres Rodriguez,La Vega,Preferente,M
2021,San Cristobal,428,428,45 a 59,Natalia Diaz,San Cristobal,Preferente,F
2021,Puerto Plata,429,429,45 a 59,Pedro Torres,Puerto Plata,Preferente,M
2021,San Cristobal,430,430,45 a 59,Laura Ortiz,San Cristobal,Preferente,F
2021,Puerto Plata,431,431,45 a 59,Carlos Herrera,Puerto Plata,Preferente,M
2021,La Romana,432,432,45 a 59,Carla Cruz,La Romana,Regular,F
2021,Higuey,433,433,45 a 59,Miguel Vargas,La Altagracia,Regular,No especificado
2021,Santo Domingo,434,434,45 a 59,Daniela Perez,Distrito Nacional,Regular,No especificado
2021,Santo Domingo Este,435,435,45 a 59,Rafael Garcia,Santo Domingo,Regular,M
2021,Santiago,436,436,45 a 59,Sofia Martinez,Santiago,Regular,F
2021,La Vega,437,437,45 a 59,Andres Rodriguez,La Vega,Regular,M
2021,San Cristobal,438,438,45 a 59,Natalia Diaz,San Cristobal,Regular,F
2021,Puerto Plata,439,439,45 a 59,Pedro Torres,Puerto Plata,Regular,M
2022,San Cristobal,440,440,45 a 59,Laura Ortiz,San Cristobal,Regular,F
2022,Puerto Plata,441,441,45 a 59,Carlos Herrera,Puerto Plata,Regular,M
2022,La Romana,442,442,45 a 59,Carla Cruz,La Romana,Regular,F
2022,Higuey,443,443,45 a 59,Miguel Vargas,La Altagracia,Regular,No especificado
2022,Santo Domingo,444,444,45 a 59,Daniela Perez,Distrito Nacional,Corporativo,No especificado
2022,Santo Domingo Este,445,445,45 a 59,Rafael Garcia,Santo Domingo,Corporativo,M
2022,Santiago,446,446,45 a 59,Sofia Martinez,Santiago,Corporativo,F
2022,La Vega,447,447,45 a 59,Andres Rodriguez,La Vega,Corporativo,M
2022,San Cristobal,448,448,45 a 59,Natalia Diaz,San Cristobal,Corporativo,F
2022,Puerto Plata,449,449,45 a 59,Pedro Torres,Puerto Plata,Corporativo,M
2022,San Cristobal,450,450,45 a 59,Laura Ortiz,San Cristobal,Preferente,F
2022,Puerto Plata,451,451,45 a 59,Carlos Herrera,Puerto Plata,Preferente,M
2022,La Romana,452,452,45 a 59,Carla Cruz,La Romana,Preferente,F
2022,Higuey,453,453,45 a 59,Miguel Vargas,La Altagracia,Preferente,M
2022,Santo Domingo,454,454,45 a 59,Daniela Perez,Distrito Nacional,Preferente,F
2022,Santo Domingo Este,455,455,45 a 59,Rafael Garcia,Santo Domingo,Preferente,M
2022,Santiago,456,456,45 a 59,Sofia Martinez,Santiago,Preferente,F
2022,La Vega,457,457,45 a 59,Andres Rodriguez,La Vega,Preferente,No especificado
2022,San Cristobal,458,458,45 a 59,Natalia Diaz,San Cristobal,Preferente,No especificado
2022,Puerto Plata,459,459,45 a 59,Pedro Torres,Puerto Plata,Preferente,M
2022,San Cristobal,460,460,45 a 59,Laura Ortiz,San Cristobal,Preferente,F
2022,Puerto Plata,461,461,45 a 59,Carlos Herrera,Puerto Plata,Preferente,M
2022,La Romana,462,462,45 a 59,Carla Cruz,La Romana,Preferente,F
2022,Higuey,463,463,45 a 59,Miguel Vargas,La Altagracia,Preferente,M
2022,Santo Domingo,464,464,45 a 59,Daniela Perez,Distrito Nacional,Preferente,F
2022,Santo Domingo Este,465,465,45 a 59,Rafael Garcia,Santo Domingo,Preferente,M
2022,Santiago,466,466,45 a 59,Sofia Martinez,Santiago,Preferente,F
2022,La Vega,467,467,45 a 59,Andres Rodriguez,La Vega,Preferente,M
2022,San Cristobal,468,468,45 a 59,Natalia Diaz,San Cristobal,Preferente,F
2022,Puerto Plata,469,469,45 a 59,Pedro Torres,Puerto Plata,Preferente,M
2022,San Cristobal,470,470,45 a 59,Laura Ortiz,San Cristobal,Regular,F
2022,Puerto Plata,471,471,45 a 59,Carlos Herrera,Puerto Plata,Regular,M
2022,La Romana,472,472,45 a 59,Carla Cruz,La Romana,Regular,F
2022,Higuey,473,473,45 a 59,Miguel Vargas,La Altagracia,Regular,M
2022,Santo Domingo,474,474,45 a 59,Daniela Perez,Distrito Nacional,Regular,F
2022,Santo Domingo Este,475,475,45 a 59,Rafael Garcia,Santo Domingo,Regular,M
2022,Santiago,476,476,45 a 59,Sofia Martinez,Santiago,Regular,F
2022,La Vega,477,477,45 a 59,Andres Rodriguez,La Vega,Regular,M
2022,San Cristobal,478,478,45 a 59,Natalia Diaz,San Cristobal,Regular,F
2022,Puerto Plata,479,479,45 a 59,Pedro Torres,Puerto Plata,Regular,M
2022,San Cristobal,480,480,45 a 59,Laura Ortiz,San Cristobal,Regular,No especificado
2022,Puerto Plata,481,481,45 a 59,Carlos Herrera,Puerto Plata,Regular,M
2022,La Romana,482,482,45 a 59,Carla Cruz,La Romana,Regular,F
2022,Higuey,483,483,45 a 59,Miguel Vargas,La Altagracia,Regular,M
2022,Santo Domingo,484,484,45 a 59,Daniela Perez,Distrito Nacional,Regular,F
2022,Santo Domingo Este,485,485,45 a 59,Rafael Garcia,Santo Domingo,Regular,M
2022,Santiago,486,486,45 a 59,Sofia Martinez,Santiago,Regular,F
2022,La Vega,487,487,45 a 59,Andres Rodriguez,La Vega,Regular,M
2022,San Cristobal,488,488,45 a 59,Natalia Diaz,San Cristobal,Regular,F
2022,Puerto Plata,489,489,45 a 59,Pedro Torres,Puerto Plata,Regular,M
2022,San Cristobal,490,490,45 a 59,Laura Ortiz,San Cristobal,Regular,F
2022,Puerto Plata,491,491,45 a 59,Carlos Herrera,Puerto Plata,Regular,M
2022,La Romana,492,492,45 a 59,Carla Cruz,La Romana,Regular,F
2022,Higuey,493,493,45 a 59,Miguel Vargas,La Altagracia,Regular,No especificado
2022,Santo Domingo,494,494,45 a 59,Daniela Perez,Distrito Nacional,Regular,No especificado
2022,Santo Domingo Este,495,495,45 a 59,Rafael Garcia,Santo Domingo,Regular,M
2022,Santiago,496,496,45 a 59,Sofia Martinez,Santiago,Regular,F
2022,La Vega,497,497,45 a 59,Andres Rodriguez,La Vega,Regular,M
2022,San Cristobal,498,498,45 a 59,Natalia Diaz,San Cristobal,Regular,F
2022,Puerto Plata,499,499,45 a 59,Pedro Torres,Puerto Plata,Regular,M
2021,San Cristobal,500,500,45 a 59,Laura Ortiz,San Cristobal,Regular,F
2021,Puerto Plata,501,501,45 a 59,Carlos Herrera,Puerto Plata,Regular,M
2021,La Romana,502,502,45 a 59,Carla Cruz,La Romana,Regular,F
2021,Higuey,503,503,45 a 59,Miguel Vargas,La Altagracia,Regular,M
2021,Santo Domingo,504,504,45 a 59,Daniela Perez,Distrito Nacional,Regular,F
2021,Santo Domingo Este,505,505,45 a 59,Rafael Garcia,Santo Domingo,Regular,M
2021,Santiago,506,506,45 a 59,Sofia Martinez,Santiago,Regular,F
2021,La Vega,507,507,45 a 59,Andres Rodriguez,La Vega,Regular,M
2021,San Cristobal,508,508,45 a 59,Natalia Diaz,San Cristobal,Regular,F
2021,Puerto Plata,509,509,45 a 59,Pedro Torres,Puerto Plata,Regular,M
2021,San Cristobal,510,510,45 a 59,Laura Ortiz,San Cristobal,Regular,No especificado
2021,Puerto Plata,511,511,45 a 59,Carlos Herrera,Puerto Plata,Regular,M
2021,La Romana,512,512,45 a 59,Carla Cruz,La Romana,Regular,F
2021,Higuey,513,513,45 a 59,Miguel Vargas,La Altagracia,Regular,M
2021,Santo Domingo,514,514,45 a 59,Daniela Perez,Distrito Nacional,Regular,F
2021,Santo Domingo Este,515,515,45 a 59,Rafael Garcia,Santo Domingo,Regular,M
2021,Santiago,516,516,45 a 59,Sofia Martinez,Santiago,Regular,F
2021,La Vega,517,517,45 a 59,Andres Rodriguez,La Vega,Regular,M
2021,San Cristobal,518,518,45 a 59,Natalia Diaz,San Cristobal,Regular,F
2021,Puerto Plata,519,519,45 a 59,Pedro Torres,Puerto Plata,Regular,M
2021,San Cristobal,520,520,45 a 59,Laura Ortiz,San Cristobal,Regular,F
2021,Puerto Plata,521,521,45 a 59,Carlos Herrera,Puerto Plata,Regular,M
2021,La Romana,522,522,45 a 59,Carla Cruz,La Romana,Regular,F
2021,Higuey,523,523,45 a 59,Miguel Vargas,La Altagracia,Regular,No especificado
2021,Santo Domingo,524,524,45 a 59,Daniela Perez,Distrito Nacional,Regular,No especificado
2021,Santo Domingo Este,525,525,45 a 59,Rafael Garcia,Santo Domingo,Regular,M
2021,Santiago,526,526,45 a 59,Sofia Martinez,Santiago,Regular,F
2021,La Vega,527,527,45 a 59,Andres Rodriguez,La Vega,Regular,M
2021,San Cristobal,528,528,45 a 59,Natalia Diaz,San Cristobal,Regular,F
2021,Puerto Plata,529,529,45 a 59,Pedro Torres,Puerto Plata,Regular,M
2021,San Cristobal,530,530,45 a 59,Laura Ortiz,San Cristobal,Regular,F
2021,Puerto Plata,531,531,45 a 59,Carlos Herrera,Puerto Plata,Regular,M
2021,La Romana,532,532,45 a 59,Carla Cruz,La Romana,Regular,F
2021,Higuey,533,533,45 a 59,Miguel Vargas,La Altagracia,Regular,M
2021,Santo Domingo,534,534,45 a 59,Daniela Perez,Distrito Nacional,Regular,F
2021,Santo Domingo Este,535,535,45 a 59,Rafael Garcia,Santo Domingo,Regular,M
2021,Santiago,536,536,45 a 59,Sofia Martinez,Santiago,Regular,F
2021,La Vega,537,537,45 a 59,Andres Rodriguez,La Vega,Regular,No especificado
2021,San Cristobal,538,538,45 a 59,Natalia Diaz,San Cristobal,Corporativo,No especificado
2021,Puerto Plata,539,539,45 a 59,Pedro Torres,Puerto Plata,Corporativo,M
2021,San Cristobal,540,540,45 a 59,Laura Ortiz,San Cristobal,Regular,F
2021,Puerto Plata,541,541,45 a 59,Carlos Herrera,Puerto Plata,Regular,M
2021,La Romana,542,542,45 a 59,Carla Cruz,La Romana,Regular,F
2021,Higuey,543,543,45 a 59,Miguel Vargas,La Altagracia,Regular,M
2021,Santo Domingo,544,544,45 a 59,Daniela Perez,Distrito Nacional,Regular,F
2021,Santo Domingo Este,545,545,45 a 59,Rafael Garcia,Santo Domingo,Regular,M
2021,Santiago,546,546,45 a 59,Sofia Martinez,Santiago,Regular,F
2021,La Vega,547,547,45 a 59,Andres Rodriguez,La Vega,Regular,No especificado
2021,San Cristobal,548,548,45 a 59,Natalia Diaz,San Cristobal,Regular,No especificado
2021,Puerto Plata,549,549,45 a 59,Pedro Torres,Puerto Plata,Regular,M
2021,San Cristobal,550,550,45 a 59,Laura Ortiz,San Cristobal,Regular,F
2021,Puerto Plata,551,551,45 a 59,Carlos Herrera,Puerto Plata,Regular,M
2021,La Romana,552,552,45 a 59,Carla Cruz,La Romana,Regular,F
2021,Higuey,553,553,45 a 59,Miguel Vargas,La Altagracia,Regular,M
2021,Santo Domingo,554,554,45 a 59,Daniela Perez,Distrito Nacional,Regular,F
2021,Santo Domingo Este,555,555,45 a 59,Rafael Garcia,Santo Domingo,Regular,M
2021,Santiago,556,556,45 a 59,Sofia Martinez,Santiago,Regular,F
2021,La Vega,557,557,45 a 59,Andres Rodriguez,La Vega,Regular,M
2021,San Cristobal,558,558,45 a 59,Natalia Diaz,San Cristobal,Regular,F
2021,Puerto Plata,559,559,45 a 59,Pedro Torres,Puerto Plata,Regular,M
2021,San Cristobal,560,560,45 a 59,Laura Ortiz,San Cristobal,Regular,F
2021,Puerto Plata,561,561,45 a 59,Carlos Herrera,Puerto Plata,Regular,M
2021,La Romana,562,562,45 a 59,Carla Cruz,La Romana,Regular,F
2021,Higuey,563,563,45 a 59,Miguel Vargas,La Altagracia,Regular,M
2021,Santo Domingo,564,564,45 a 59,Daniela Perez,Distrito Nacional,Regular,F
2021,Santo Domingo Este,565,565,45 a 59,Rafael Garcia,Santo Domingo,Regular,M
2021,Santiago,566,566,45 a 59,Sofia Martinez,Santiago,Regular,F
2021,La Vega,567,567,45 a 59,Andres Rodriguez,La Vega,Regular,M
2021,San Cristobal,568,568,45 a 59,Natalia Diaz,San Cristobal,Regular,F
2021,Puerto Plata,569,569,45 a 59,Pedro Torres,Puerto Plata,Regular,M
2021,San Cristobal,570,570,45 a 59,Laura Ortiz,San Cristobal,Corporativo,No especificado
2021,Puerto Plata,571,571,45 a 59,Carlos Herrera,Puerto Plata,Corporativo,M
2021,La Romana,572,572,45 a 59,Carla Cruz,La Romana,Corporativo,F
2021,Higuey,573,573,45 a 59,Miguel Vargas,La Altagracia,Corporativo,M
2021,Santo Domingo,574,574,45 a 59,Daniela Perez,Distrito Nacional,Corporativo,F
2021,Santo Domingo Este,575,575,45 a 59,Rafael Garcia,Santo Domingo,Corporativo,M
2021,Santiago,576,576,45 a 59,Sofia Martinez,Santiago,Corporativo,F
2021,La Vega,577,577,45 a 59,Andres Rodriguez,La Vega,Corporativo,M
2021,San Cristobal,578,578,45 a 59,Natalia Diaz,San Cristobal,Corporativo,F
2021,Puerto Plata,579,579,45 a 59,Pedro Torres,Puerto Plata,Corporativo,M
2021,San Cristobal,580,580,45 a 59,Laura Ortiz,San Cristobal,Preferente,F
2021,Puerto Plata,581,581,45 a 59,Carlos Herrera,Puerto Plata,Preferente,M
2021,La Romana,582,582,45 a 59,Carla Cruz,La Romana,Preferente,F
2021,Higuey,583,583,45 a 59,Miguel Vargas,La Altagracia,Preferente,No especificado
2021,Santo Domingo,584,584,45 a 59,Daniela Perez,Distrito Nacional,Preferente,No especificado
2021,Santo Domingo Este,585,585,45 a 59,Rafael Garcia,Santo Domingo,Preferente,M
2021,Santiago,586,586,45 a 59,Sofia Martinez,Santiago,Preferente,F
2021,La Vega,587,587,45 a 59,Andres Rodriguez,La Vega,Preferente,M
2021,San Cristobal,588,588,45 a 59,Natalia Diaz,San Cristobal,Preferente,F
2021,Puerto Plata,589,589,45 a 59,Pedro Torres,Puerto Plata,Preferente,M
2021,San Cristobal,590,590,45 a 59,Laura Ortiz,San Cristobal,Preferente,F
2021,Puerto Plata,591,591,45 a 59,Carlos Herrera,Puerto Plata,Preferente,M
2021,La Romana,592,592,45 a 59,Carla Cruz,La Romana,Preferente,F
2021,Higuey,593,593,45 a 59,Miguel Vargas,La Altagracia,Preferente,M
2021,Santo Domingo,594,594,45 a 59,Daniela Perez,Distrito Nacional,Preferente,F
2021,Santo Domingo Este,595,595,45 a 59,Rafael Garcia,Santo Domingo,Preferente,M
2021,Santiago,596,596,45 a 59,Sofia Martinez,Santiago,Regular,F
2021,La Vega,597,597,45 a 59,Andres Rodriguez,La Vega,Regular,No especificado
2021,San Cristobal,598,598,45 a 59,Natalia Diaz,San Cristobal,Regular,No especificado
2021,Puerto Plata,599,599,45 a 59,Pedro Torres,Puerto Plata,Regular,M
2022,San Cristobal,600,600,45 a 59,Laura Ortiz,San Cristobal,Corporativo,No especificado
2022,Puerto Plata,601,601,45 a 59,Carlos Herrera,Puerto Plata,Corporativo,M
2022,La Romana,602,602,45 a 59,Carla Cruz,La Romana,Corporativo,F
2022,Higuey,603,603,45 a 59,Miguel Vargas,La Altagracia,Corporativo,M
2022,Santo Domingo,604,604,45 a 59,Daniela Perez,Distrito Nacional,Corporativo,F
2022,Santo Domingo Este,605,605,45 a 59,Rafael Garcia,Santo Domingo,Corporativo,M
2022,Santiago,606,606,45 a 59,Sofia Martinez,Santiago,Corporativo,F
2022,La Vega,607,607,45 a 59,Andres Rodriguez,La Vega,Corporativo,M
2022,San Cristobal,608,608,45 a 59,Natalia Diaz,San Cristobal,Corporativo,F
2022,Puerto Plata,609,609,45 a 59,Pedro Torres,Puerto Plata,Corporativo,M
2022,San Cristobal,610,610,45 a 59,Laura Ortiz,San Cristobal,Preferente,F
2022,Puerto Plata,611,611,45 a 59,Carlos Herrera,Puerto Plata,Preferente,M
2022,La Romana,612,612,45 a 59,Carla Cruz,La Romana,Preferente,F
2022,Higuey,613,613,45 a 59,Miguel Vargas,La Altagracia,Preferente,No especificado
2022,Santo Domingo,614,614,45 a 59,Daniela Perez,Distrito Nacional,Preferente,No especificado
2022,Santo Domingo Este,615,615,45 a 59,Rafael Garcia,Santo Domingo,Preferente,M
2022,Santiago,616,616,45 a 59,Sofia Martinez,Santiago,Preferente,F
2022,La Vega,617,617,45 a 59,Andres Rodriguez,La Vega,Preferente,M
2022,San Cristobal,618,618,45 a 59,Natalia Diaz,San Cristobal,Preferente,F
2022,Puerto Plata,619,619,45 a 59,Pedro Torres,Puerto Plata,Preferente,M
2022,San Cristobal,620,620,45 a 59,Laura Ortiz,San Cristobal,Preferente,F
2022,Puerto Plata,621,621,45 a 59,Carlos Herrera,Puerto Plata,Preferente,M
2022,La Romana,622,622,45 a 59,Carla Cruz,La Romana,Preferente,F
2022,Higuey,623,623,45 a 59,Miguel Vargas,La Altagracia,Preferente,M
2022,Santo Domingo,624,624,45 a 59,Daniela Perez,Distrito Nacional,Preferente,F
2022,Santo Domingo Este,625,625,45 a 59,Rafael Garcia,Santo Domingo,Preferente,M
2022,Santiago,626,626,45 a 59,Sofia Martinez,Santiago,Regular,F
2022,La Vega,627,627,45 a 59,Andres Rodriguez,La Vega,Regular,No especificado
2022,San Cristobal,628,628,45 a 59,Natalia Diaz,San Cristobal,Regular,No especificado
2022,Puerto Plata,629,629,45 a 59,Pedro Torres,Puerto Plata,Regular,M
2022,San Cristobal,630,630,45 a 59,Laura Ortiz,San Cristobal,Regular,F
2022,Puerto Plata,631,631,45 a 59,Carlos Herrera,Puerto Plata,Regular,M
2022,La Romana,632,632,45 a 59,Carla Cruz,La Romana,Regular,F
2022,Higuey,633,633,45 a 59,Miguel Vargas,La Altagracia,Regular,M
2022,Santo Domingo,634,634,45 a 59,Daniela Perez,Distrito Nacional,Regular,F
2022,Santo Domingo Este,635,635,45 a 59,Rafael Garcia,Santo Domingo,Regular,M
2022,Santiago,636,636,45 a 59,Sofia Martinez,Santiago,Regular,F
2022,La Vega,637,637,45 a 59,Andres Rodriguez,La Vega,Regular,M
2022,San Cristobal,638,638,45 a 59,Natalia Diaz,San Cristobal,Regular,F
2022,Puerto Plata,639,639,45 a 59,Pedro Torres,Puerto Plata,Regular,M
2021,San Cristobal,640,640,45 a 59,Laura Ortiz,San Cristobal,Corporativo,F
2021,Puerto Plata,641,641,45 a 59,Carlos Herrera,Puerto Plata,Corporativo,M
2021,La Romana,642,642,45 a 59,Carla Cruz,La Romana,Corporativo,F
2021,Higuey,643,643,45 a 59,Miguel Vargas,La Altagracia,Corporativo,M
2021,Santo Domingo,644,644,45 a 59,Daniela Perez,Distrito Nacional,Preferente,F
2021,Santo Domingo Este,645,645,45 a 59,Rafael Garcia,Santo Domingo,Preferente,M
2021,Santiago,646,646,45 a 59,Sofia Martinez,Santiago,Preferente,F
2021,La Vega,647,647,45 a 59,Andres Rodriguez,La Vega,Preferente,M
2021,San Cristobal,648,648,45 a 59,Natalia Diaz,San Cristobal,Preferente,F
2021,Puerto Plata,649,649,45 a 59,Pedro Torres,Puerto Plata,Preferente,M
2021,San Cristobal,650,650,45 a 59,Laura Ortiz,San Cristobal,Preferente,F
2021,Puerto Plata,651,651,45 a 59,Carlos Herrera,Puerto Plata,Preferente,M
2021,La Romana,652,652,45 a 59,Carla Cruz,La Romana,Preferente,F
2021,Higuey,653,653,45 a 59,Miguel Vargas,La Altagracia,Preferente,M
2021,Santo Domingo,654,654,45 a 59,Daniela Perez,Distrito Nacional,Preferente,F
2021,Santo Domingo Este,655,655,45 a 59,Rafael Garcia,Santo Domingo,Preferente,M
2021,Santiago,656,656,45 a 59,Sofia Martinez,Santiago,Preferente,F
2021,La Vega,657,657,45 a 59,Andres Rodriguez,La Vega,Preferente,M
2021,San Cristobal,658,658,45 a 59,Natalia Diaz,San Cristobal,Preferente,F
2021,Puerto Plata,659,659,45 a 59,Pedro Torres,Puerto Plata,Preferente,M
2021,San Cristobal,660,660,45 a 59,Laura Ortiz,San Cristobal,Regular,No especificado
2021,Puerto Plata,661,661,45 a 59,Carlos Herrera,Puerto Plata,Regular,M
2021,La Romana,662,662,45 a 59,Carla Cruz,La Romana,Regular,F
2021,Higuey,663,663,45 a 59,Miguel Vargas,La Altagracia,Regular,M
2021,Santo Domingo,664,664,45 a 59,Daniela Perez,Distrito Nacional,Regular,F
2021,Santo Domingo Este,665,665,45 a 59,Rafael Garcia,Santo Domingo,Regular,M
2021,Santiago,666,666,45 a 59,Sofia Martinez,Santiago,Regular,F
2021,La Vega,667,667,45 a 59,Andres Rodriguez,La Vega,Regular,M
2021,San Cristobal,668,668,45 a 59,Natalia Diaz,San Cristobal,Regular,F
2021,Puerto Plata,669,669,45 a 59,Pedro Torres,Puerto Plata,Regular,M
2021,San Cristobal,670,670,45 a 59,Laura Ortiz,San Cristobal,Regular,F
2021,Puerto Plata,671,671,45 a 59,Carlos Herrera,Puerto Plata,Regular,M
2021,La Romana,672,672,45 a 59,Carla Cruz,La Romana,Regular,F
2021,Higuey,673,673,45 a 59,Miguel Vargas,La Altagracia,Regular,No especificado
2021,Santo Domingo,674,674,45 a 59,Daniela Perez,Distrito Nacional,Regular,No especificado
2021,Santo Domingo Este,675,675,45 a 59,Rafael Garcia,Santo Domingo,Regular,M
2021,Santiago,676,676,45 a 59,Sofia Martinez,Santiago,Regular,F
2021,La Vega,677,677,45 a 59,Andres Rodriguez,La Vega,Regular,M
2021,San Cristobal,678,678,45 a 59,Natalia Diaz,San Cristobal,Regular,F
2021,Puerto Plata,679,679,45 a 59,Pedro Torres,Puerto Plata,Regular,M
2021,San Cristobal,680,680,45 a 59,Laura Ortiz,San Cristobal,Regular,F
2021,Puerto Plata,681,681,45 a 59,Carlos Herrera,Puerto Plata,Regular,M
2021,La Romana,682,682,45 a 59,Carla Cruz,La Romana,Regular,F
2021,Higuey,683,683,45 a 59,Miguel Vargas,La Altagracia,Regular,M
2021,Santo Domingo,684,684,45 a 59,Daniela Perez,Distrito Nacional,Regular,F
2021,Santo Domingo Este,685,685,45 a 59,Rafael Garcia,Santo Domingo,Regular,M
2021,Santiago,686,686,45 a 59,Sofia Martinez,Santiago,Regular,F
2021,La Vega,687,687,45 a 59,Andres Rodriguez,La Vega,Regular,No especificado
2021,San Cristobal,688,688,45 a 59,Natalia Diaz,San Cristobal,Regular,No especificado
2021,Puerto Plata,689,689,45 a 59,Pedro Torres,Puerto Plata,Regular,M
2021,San Cristobal,690,690,45 a 59,Laura Ortiz,San Cristobal,Regular,F
2022,Puerto Plata,691,691,45 a 59,Carlos Herrera,Puerto Plata,Regular,M
2022,La Romana,692,692,45 a 59,Carla Cruz,La Romana,Regular,F
2022,Higuey,693,693,45 a 59,Miguel Vargas,La Altagracia,Regular,M
2022,Santo Domingo,694,694,45 a 59,Daniela Perez,Distrito Nacional,Regular,F
2022,Santo Domingo Este,695,695,45 a 59,Rafael Garcia,Santo Domingo,Regular,M
2022,Santiago,696,696,45 a 59,Sofia Martinez,Santiago,Regular,F
2022,La Vega,697,697,45 a 59,Andres Rodriguez,La Vega,Regular,M
2022,San Cristobal,698,698,45 a 59,Natalia Diaz,San Cristobal,Regular,F
2022,Puerto Plata,699,699,45 a 59,Pedro Torres,Puerto Plata,Regular,M
2021,San Cristobal,700,700,45 a 59,Laura Ortiz,San Cristobal,Regular,F
2021,Puerto Plata,701,701,45 a 59,Carlos Herrera,Puerto Plata,Regular,M
2021,La Romana,702,702,45 a 59,Carla Cruz,La Romana,Regular,F
2021,Higuey,703,703,45 a 59,Miguel Vargas,La Altagracia,Regular,No especificado
2021,Santo Domingo,704,704,45 a 59,Daniela Perez,Distrito Nacional,Regular,No especificado
2021,Santo Domingo Este,705,705,45 a 59,Rafael Garcia,Santo Domingo,Regular,M
2021,Santiago,706,706,45 a 59,Sofia Martinez,Santiago,Regular,F
2021,La Vega,707,707,45 a 59,Andres Rodriguez,La Vega,Regular,M
2021,San Cristobal,708,708,45 a 59,Natalia Diaz,San Cristobal,Regular,F
2021,Puerto Plata,709,709,45 a 59,Pedro Torres,Puerto Plata,Regular,M
2021,San Cristobal,710,710,45 a 59,Laura Ortiz,San Cristobal,Regular,F
2021,Puerto Plata,711,711,45 a 59,Carlos Herrera,Puerto Plata,Regular,M
2021,La Romana,712,712,45 a 59,Carla Cruz,La Romana,Regular,F
2021,Higuey,713,713,45 a 59,Miguel Vargas,La Altagracia,Regular,M
2021,Santo Domingo,714,714,45 a 59,Daniela Perez,Distrito Nacional,Regular,F
2021,Santo Domingo Este,715,715,45 a 59,Rafael Garcia,Santo Domingo,Regular,M
2021,Santiago,716,716,45 a 59,Sofia Martinez,Santiago,Regular,F
2021,La Vega,717,717,45 a 59,Andres Rodriguez,La Vega,Regular,No especificado
2021,San Cristobal,718,718,45 a 59,Natalia Diaz,San Cristobal,Regular,No especificado
2021,Puerto Plata,719,719,45 a 59,Pedro Torres,Puerto Plata,Regular,M
2021,San Cristobal,720,720,45 a 59,Laura Ortiz,San Cristobal,Regular,F
2021,Puerto Plata,721,721,45 a 59,Carlos Herrera,Puerto Plata,Regular,M
2021,La Romana,722,722,45 a 59,Carla Cruz,La Romana,Regular,F
2021,Higuey,723,723,45 a 59,Miguel Vargas,La Altagracia,Regular,M
2021,Santo Domingo,724,724,45 a 59,Daniela Perez,Distrito Nacional,Regular,F
2021,Santo Domingo Este,725,725,45 a 59,Rafael Garcia,Santo Domingo,Regular,M
2021,Santiago,726,726,45 a 59,Sofia Martinez,Santiago,Regular,F
2021,La Vega,727,727,45 a 59,Andres Rodriguez,La Vega,Regular,M
2021,San Cristobal,728,728,45 a 59,Natalia Diaz,San Cristobal,Regular,F
2021,Puerto Plata,729,729,45 a 59,Pedro Torres,Puerto Plata,Regular,M
2021,San Cristobal,730,730,45 a 59,Laura Ortiz,San Cristobal,Corporativo,F
2021,Puerto Plata,731,731,45 a 59,Carlos Herrera,Puerto Plata,Corporativo,M
2021,La Romana,732,732,45 a 59,Carla Cruz,La Romana,Corporativo,F
2021,Higuey,733,733,45 a 59,Miguel Vargas,La Altagracia,Corporativo,M
2021,Santo Domingo,734,734,45 a 59,Daniela Perez,Distrito Nacional,Corporativo,F
2021,Santo Domingo Este,735,735,45 a 59,Rafael Garcia,Santo Domingo,Corporativo,M
2021,Santiago,736,736,45 a 59,Sofia Martinez,Santiago,Corporativo,F
2021,La Vega,737,737,45 a 59,Andres Rodriguez,La Vega,Corporativo,M
2021,San Cristobal,738,738,45 a 59,Natalia Diaz,San Cristobal,Preferente,F
2021,Puerto Plata,739,739,45 a 59,Pedro Torres,Puerto Plata,Preferente,M
2022,San Cristobal,740,740,45 a 59,Laura Ortiz,San Cristobal,Regular,F
2022,Puerto Plata,741,741,45 a 59,Carlos Herrera,Puerto Plata,Regular,M
2022,La Romana,742,742,45 a 59,Carla Cruz,La Romana,Regular,F
2022,Higuey,743,743,45 a 59,Miguel Vargas,La Altagracia,Regular,M
2022,Santo Domingo,744,744,45 a 59,Daniela Perez,Distrito Nacional,Regular,F
2022,Santo Domingo Este,745,745,45 a 59,Rafael Garcia,Santo Domingo,Regular,M
2022,Santiago,746,746,45 a 59,Sofia Martinez,Santiago,Regular,F
2022,La Vega,747,747,45 a 59,Andres Rodriguez,La Vega,Regular,M
2022,San Cristobal,748,748,45 a 59,Natalia Diaz,San Cristobal,Regular,F
2022,Puerto Plata,749,749,45 a 59,Pedro Torres,Puerto Plata,Regular,M
2022,San Cristobal,750,750,45 a 59,Laura Ortiz,San Cristobal,Regular,No especificado
2022,Puerto Plata,751,751,45 a 59,Carlos Herrera,Puerto Plata,Regular,M
2022,La Romana,752,752,45 a 59,Carla Cruz,La Romana,Regular,F
2022,Higuey,753,753,45 a 59,Miguel Vargas,La Altagracia,Regular,M
2022,Santo Domingo,754,754,45 a 59,Daniela Perez,Distrito Nacional,Regular,F
2022,Santo Domingo Este,755,755,45 a 59,Rafael Garcia,Santo Domingo,Regular,M
2022,Santiago,756,756,45 a 59,Sofia Martinez,Santiago,Regular,F
2022,La Vega,757,757,45 a 59,Andres Rodriguez,La Vega,Regular,M
2022,San Cristobal,758,758,45 a 59,Natalia Diaz,San Cristobal,Regular,F
2022,Puerto Plata,759,759,45 a 59,Pedro Torres,Puerto Plata,Regular,M
2022,San Cristobal,760,760,45 a 59,Laura Ortiz,San Cristobal,Regular,F
2022,Puerto Plata,761,761,45 a 59,Carlos Herrera,Puerto Plata,Regular,M
2022,La Romana,762,762,45 a 59,Carla Cruz,La Romana,Regular,F
2022,Higuey,763,763,45 a 59,Miguel Vargas,La Altagracia,Regular,No especificado
2022,Santo Domingo,764,764,45 a 59,Daniela Perez,Distrito Nacional,Corporativo,No especificado
2022,Santo Domingo Este,765,765,45 a 59,Rafael Garcia,Santo Domingo,Corporativo,M
2022,Santiago,766,766,45 a 59,Sofia Martinez,Santiago,Corporativo,F
2022,La Vega,767,767,45 a 59,Andres Rodriguez,La Vega,Corporativo,M
2022,San Cristobal,768,768,45 a 59,Natalia Diaz,San Cristobal,Corporativo,F
2022,Puerto Plata,769,769,45 a 59,Pedro Torres,Puerto Plata,Corporativo,M
2022,San Cristobal,770,770,45 a 59,Laura Ortiz,San Cristobal,Preferente,F
2022,Puerto Plata,771,771,45 a 59,Carlos Herrera,Puerto Plata,Preferente,M
2022,La Romana,772,772,45 a 59,Carla Cruz,La Romana,Preferente,F
2022,Higuey,773,773,45 a 59,Miguel Vargas,La Altagracia,Preferente,M
2022,Santo Domingo,774,774,45 a 59,Daniela Perez,Distrito Nacional,Preferente,F
2022,Santo Domingo Este,775,775,45 a 59,Rafael Garcia,Santo Domingo,Preferente,M
2022,Santiago,776,776,45 a 59,Sofia Martinez,Santiago,Preferente,F
2022,La Vega,777,777,45 a 59,Andres Rodriguez,La Vega,Preferente,No especificado
2022,San Cristobal,778,778,45 a 59,Natalia Diaz,San Cristobal,Preferente,No especificado
2022,Puerto Plata,779,779,45 a 59,Pedro Torres,Puerto Plata,Preferente,M
2022,San Cristobal,780,780,45 a 59,Laura Ortiz,San Cristobal,Preferente,F
2022,Puerto Plata,781,781,45 a 59,Carlos Herrera,Puerto Plata,Preferente,M
2022,La Romana,782,782,45 a 59,Carla Cruz,La Romana,Preferente,F
2022,Higuey,783,783,45 a 59,Miguel Vargas,La Altagracia,Preferente,M
2022,Santo Domingo,784,784,45 a 59,Daniela Perez,Distrito Nacional,Preferente,F
2022,Santo Domingo Este,785,785,45 a 59,Rafael Garcia,Santo Domingo,Preferente,M
2022,Santiago,786,786,45 a 59,Sofia Martinez,Santiago,Preferente,F
2022,La Vega,787,787,45 a 59,Andres Rodriguez,La Vega,Preferente,M
2022,San Cristobal,788,788,45 a 59,Natalia Diaz,San Cristobal,Preferente,F
2022,Puerto Plata,789,789,45 a 59,Pedro Torres,Puerto Plata,Preferente,M
2022,San Cristobal,790,790,45 a 59,Laura Ortiz,San Cristobal,Regular,F
2022,Puerto Plata,791,791,45 a 59,Carlos Herrera,Puerto Plata,Regular,M
2022,La Romana,792,792,45 a 59,Carla Cruz,La Romana,Regular,F
2022,Higuey,793,793,45 a 59,Miguel Vargas,La Altagracia,Regular,M
2022,Santo Domingo,794,794,45 a 59,Daniela Perez,Distrito Nacional,Regular,F
2022,Santo Domingo Este,795,795,45 a 59,Rafael Garcia,Santo Domingo,Regular,M
2022,Santiago,796,796,45 a 59,Sofia Martinez,Santiago,Regular,F
2022,La Vega,797,797,45 a 59,Andres Rodriguez,La Vega,Regular,M
2022,San Cristobal,798,798,45 a 59,Natalia Diaz,San Cristobal,Regular,F
2022,Puerto Plata,799,799,45 a 59,Pedro Torres,Puerto Plata,Regular,M
2021,San Cristobal,800,800,45 a 59,Laura Ortiz,San Cristobal,Preferente,F
2021,Puerto Plata,801,801,45 a 59,Carlos Herrera,Puerto Plata,Preferente,M
2021,La Romana,802,802,45 a 59,Carla Cruz,La Romana,Preferente,F
2021,Higuey,803,803,45 a 59,Miguel Vargas,La Altagracia,Preferente,M
2021,Santo Domingo,804,804,45 a 59,Daniela Perez,Distrito Nacional,Preferente,F
2021,Santo Domingo Este,805,805,45 a 59,Rafael Garcia,Santo Domingo,Preferente,M
2021,Santiago,806,806,45 a 59,Sofia Martinez,Santiago,Preferente,F
2021,La Vega,807,807,45 a 59,Andres Rodriguez,La Vega,Preferente,No especificado
2021,San Cristobal,808,808,45 a 59,Natalia Diaz,San Cristobal,Preferente,No especificado
2021,Puerto Plata,809,809,45 a 59,Pedro Torres,Puerto Plata,Preferente,M
2021,San Cristobal,810,810,45 a 59,Laura Ortiz,San Cristobal,Preferente,F
2021,Puerto Plata,811,811,45 a 59,Carlos Herrera,Puerto Plata,Preferente,M
2021,La Romana,812,812,45 a 59,Carla Cruz,La Romana,Preferente,F
2021,Higuey,813,813,45 a 59,Miguel Vargas,La Altagracia,Preferente,M
2021,Santo Domingo,814,814,45 a 59,Daniela Perez,Distrito Nacional,Preferente,F
2021,Santo Domingo Este,815,815,45 a 59,Rafael Garcia,Santo Domingo,Preferente,M
2021,Santiago,816,816,45 a 59,Sofia Martinez,Santiago,Preferente,F
2021,La Vega,817,817,45 a 59,Andres Rodriguez,La Vega,Preferente,M
2021,San Cristobal,818,818,45 a 59,Natalia Diaz,San Cristobal,Preferente,F
2021,Puerto Plata,819,819,45 a 59,Pedro Torres,Puerto Plata,Preferente,M
2021,San Cristobal,820,820,45 a 59,Laura Ortiz,San Cristobal,Regular,F
2021,Puerto Plata,821,821,45 a 59,Carlos Herrera,Puerto Plata,Regular,M
2021,La Romana,822,822,45 a 59,Carla Cruz,La Romana,Regular,F
2021,Higuey,823,823,45 a 59,Miguel Vargas,La Altagracia,Regular,M
2021,Santo Domingo,824,824,45 a 59,Daniela Perez,Distrito Nacional,Regular,F
2021,Santo Domingo Este,825,825,45 a 59,Rafael Garcia,Santo Domingo,Regular,M
2021,Santiago,826,826,45 a 59,Sofia Martinez,Santiago,Regular,F
2021,La Vega,827,827,45 a 59,Andres Rodriguez,La Vega,Regular,M
2021,San Cristobal,828,828,45 a 59,Natalia Diaz,San Cristobal,Regular,F
2021,Puerto Plata,829,829,45 a 59,Pedro Torres,Puerto Plata,Regular,M
2021,San Cristobal,830,830,45 a 59,Laura Ortiz,San Cristobal,Regular,No especificado
2021,Puerto Plata,831,831,45 a 59,Carlos Herrera,Puerto Plata,Regular,M
2021,La Romana,832,832,45 a 59,Carla Cruz,La Romana,Regular,F
2021,Higuey,833,833,45 a 59,Miguel Vargas,La Altagracia,Regular,M
2021,Santo Domingo,834,834,45 a 59,Daniela Perez,Distrito Nacional,Regular,F
2021,Santo Domingo Este,835,835,45 a 59,Rafael Garcia,Santo Domingo,Regular,M
2021,Santiago,836,836,45 a 59,Sofia Martinez,Santiago,Regular,F
2021,La Vega,837,837,45 a 59,Andres Rodriguez,La Vega,Regular,M
2021,San Cristobal,838,838,45 a 59,Natalia Diaz,San Cristobal,Regular,F
2021,Puerto Plata,839,839,45 a 59,Pedro Torres,Puerto Plata,Regular,M
2021,San Cristobal,840,840,45 a 59,Laura Ortiz,San Cristobal,Preferente,No especificado
2021,Puerto Plata,841,841,45 a 59,Carlos Herrera,Puerto Plata,Preferente,M
2021,La Romana,842,842,45 a 59,Carla Cruz,La Romana,Preferente,F
2021,Higuey,843,843,45 a 59,Miguel Vargas,La Altagracia,Preferente,M
2021,Santo Domingo,844,844,45 a 59,Daniela Perez,Distrito Nacional,Preferente,F
2021,Santo Domingo Este,845,845,45 a 59,Rafael Garcia,Santo Domingo,Preferente,M
2021,Santiago,846,846,45 a 59,Sofia Martinez,Santiago,Preferente,F
2021,La Vega,847,847,45 a 59,Andres Rodriguez,La Vega,Preferente,M
2021,San Cristobal,848,848,45 a 59,Natalia Diaz,San Cristobal,Preferente,F
2021,Puerto Plata,849,849,45 a 59,Pedro Torres,Puerto Plata,Preferente,M
2021,San Cristobal,850,850,45 a 59,Laura Ortiz,San Cristobal,Preferente,F
2021,Puerto Plata,851,851,45 a 59,Carlos Herrera,Puerto Plata,Preferente,M
2021,La Romana,852,852,45 a 59,Carla Cruz,La Romana,Regular,F
2021,Higuey,853,853,45 a 59,Miguel Vargas,La Altagracia,Regular,No especificado
2021,Santo Domingo,854,854,45 a 59,Daniela Perez,Distrito Nacional,Regular,No especificado
2021,Santo Domingo Este,855,855,45 a 59,Rafael Garcia,Santo Domingo,Regular,M
2021,Santiago,856,856,45 a 59,Sofia Martinez,Santiago,Regular,F
2021,La Vega,857,857,45 a 59,Andres Rodriguez,La Vega,Regular,M
2021,San Cristobal,858,858,45 a 59,Natalia Diaz,San Cristobal,Regular,F
2021,Puerto Plata,859,859,45 a 59,Pedro Torres,Puerto Plata,Regular,M
2021,San Cristobal,860,860,45 a 59,Laura Ortiz,San Cristobal,Regular,F
2021,Puerto Plata,861,861,45 a 59,Carlos Herrera,Puerto Plata,Regular,M
2021,La Romana,862,862,45 a 59,Carla Cruz,La Romana,Regular,F
2021,Higuey,863,863,45 a 59,Miguel Vargas,La Altagracia,Regular,M
2021,Santo Domingo,864,864,45 a 59,Daniela Perez,Distrito Nacional,Regular,F
2021,Santo Domingo Este,865,865,45 a 59,Rafael Garcia,Santo Domingo,Regular,M
2021,Santiago,866,866,45 a 59,Sofia Martinez,Santiago,Regular,F
2021,La Vega,867,867,45 a 59,Andres Rodriguez,La Vega,Regular,No especificado
2021,San Cristobal,868,868,45 a 59,Natalia Diaz,San Cristobal,Regular,No especificado
2021,Puerto Plata,869,869,45 a 59,Pedro Torres,Puerto Plata,Regular,M
2021,San Cristobal,870,870,45 a 59,Laura Ortiz,San Cristobal,Regular,F
2021,Puerto Plata,871,871,45 a 59,Carlos Herrera,Puerto Plata,Regular,M
2021,La Romana,872,872,45 a 59,Carla Cruz,La Romana,Regular,F
2021,Higuey,873,873,45 a 59,Miguel Vargas,La Altagracia,Regular,M
2021,Santo Domingo,874,874,45 a 59,Daniela Perez,Distrito Nacional,Regular,F
2021,Santo Domingo Este,875,875,45 a 59,Rafael Garcia,Santo Domingo,Regular,M
2021,Santiago,876,876,45 a 59,Sofia Martinez,Santiago,Regular,F
2021,La Vega,877,877,45 a 59,Andres Rodriguez,La Vega,Regular,M
2021,San Cristobal,878,878,45 a 59,Natalia Diaz,San Cristobal,Regular,F
2021,Puerto Plata,879,879,45 a 59,Pedro Torres,Puerto Plata,Regular,M
2021,San Cristobal,880,880,45 a 59,Laura Ortiz,San Cristobal,Regular,F
2021,Puerto Plata,881,881,45 a 59,Carlos Herrera,Puerto Plata,Regular,M
2021,La Romana,882,882,45 a 59,Carla Cruz,La Romana,Regular,F
2021,Higuey,883,883,45 a 59,Miguel Vargas,La Altagracia,Regular,M
2021,Santo Domingo,884,884,45 a 59,Daniela Perez,Distrito Nacional,Regular,F
2021,Santo Domingo Este,885,885,45 a 59,Rafael Garcia,Santo Domingo,Regular,M
2021,Santiago,886,886,45 a 59,Sofia Martinez,Santiago,Regular,F
2021,La Vega,887,887,45 a 59,Andres Rodriguez,La Vega,Regular,M
2021,San Cristobal,888,888,45 a 59,Natalia Diaz,San Cristobal,Regular,F
2021,Puerto Plata,889,889,45 a 59,Pedro Torres,Puerto Plata,Regular,M
2021,San Cristobal,890,890,45 a 59,Laura Ortiz,San Cristobal,Corporativo,No especificado
2021,Puerto Plata,891,891,45 a 59,Carlos Herrera,Puerto Plata,Corporativo,M
2021,La Romana,892,892,45 a 59,Carla Cruz,La Romana,Corporativo,F
2021,Higuey,893,893,45 a 59,Miguel Vargas,La Altagracia,Corporativo,M
2021,Santo Domingo,894,894,45 a 59,Daniela Perez,Distrito Nacional,Corporativo,F
2021,Santo Domingo Este,895,895,45 a 59,Rafael Garcia,Santo Domingo,Corporativo,M
2021,Santiago,896,896,45 a 59,Sofia Martinez,Santiago,Corporativo,F
2021,La Vega,897,897,45 a 59,Andres Rodriguez,La Vega,Corporativo,M
2021,San Cristobal,898,898,45 a 59,Natalia Diaz,San Cristobal,Corporativo,F
2021,Puerto Plata,899,899,45 a 59,Pedro Torres,Puerto Plata,Corporativo,M
2022,San Cristobal,900,900,45 a 59,Laura Ortiz,San Cristobal,Regular,F
2022,Puerto Plata,901,901,45 a 59,Carlos Herrera,Puerto Plata,Regular,M
2022,La Romana,902,902,45 a 59,Carla Cruz,La Romana,Regular,F
2022,Higuey,903,903,45 a 59,Miguel Vargas,La Altagracia,Regular,M
2022,Santo Domingo,904,904,45 a 59,Daniela Perez,Distrito Nacional,Regular,F
2022,Santo Domingo Este,905,905,45 a 59,Rafael Garcia,Santo Domingo,Regular,M
2022,Santiago,906,906,45 a 59,Sofia Martinez,Santiago,Regular,F
2022,La Vega,907,907,45 a 59,Andres Rodriguez,La Vega,Regular,M
2022,San Cristobal,908,908,45 a 59,Natalia Diaz,San Cristobal,Regular,F
2022,Puerto Plata,909,909,45 a 59,Pedro Torres,Puerto Plata,Regular,M
2022,San Cristobal,910,910,45 a 59,Laura Ortiz,San Cristobal,Regular,F
2022,Puerto Plata,911,911,45 a 59,Carlos Herrera,Puerto Plata,Regular,M
2022,La Romana,912,912,45 a 59,Carla Cruz,La Romana,Regular,F
2022,Higuey,913,913,45 a 59,Miguel Vargas,La Altagracia,Regular,M
2022,Santo Domingo,914,914,45 a 59,Daniela Perez,Distrito Nacional,Regular,F
2022,Santo Domingo Este,915,915,45 a 59,Rafael Garcia,Santo Domingo,Regular,M
2022,Santiago,916,916,45 a 59,Sofia Martinez,Santiago,Regular,F
2022,La Vega,917,917,45 a 59,Andres Rodriguez,La Vega,Regular,M
2022,San Cristobal,918,918,45 a 59,Natalia Diaz,San Cristobal,Regular,F
2022,Puerto Plata,919,919,45 a 59,Pedro Torres,Puerto Plata,Regular,M
2022,San Cristobal,920,920,45 a 59,Laura Ortiz,San Cristobal,Corporativo,No especificado
2022,Puerto Plata,921,921,45 a 59,Carlos Herrera,Puerto Plata,Corporativo,M
2022,La Romana,922,922,45 a 59,Carla Cruz,La Romana,Corporativo,F
2022,Higuey,923,923,45 a 59,Miguel Vargas,La Altagracia,Corporativo,M
2022,Santo Domingo,924,924,45 a 59,Daniela Perez,Distrito Nacional,Corporativo,F
2022,Santo Domingo Este,925,925,45 a 59,Rafael Garcia,Santo Domingo,Corporativo,M
2022,Santiago,926,926,45 a 59,Sofia Martinez,Santiago,Corporativo,F
2022,La Vega,927,927,45 a 59,Andres Rodriguez,La Vega,Corporativo,M
2022,San Cristobal,928,928,45 a 59,Natalia Diaz,San Cristobal,Corporativo,F
2022,Puerto Plata,929,929,45 a 59,Pedro Torres,Puerto Plata,Corporativo,M
2022,San Cristobal,930,930,45 a 59,Laura Ortiz,San Cristobal,Preferente,F
2022,Puerto Plata,931,931,45 a 59,Carlos Herrera,Puerto Plata,Preferente,M
2022,La Romana,932,932,45 a 59,Carla Cruz,La Romana,Preferente,F
2022,Higuey,933,933,45 a 59,Miguel Vargas,La Altagracia,Preferente,No especificado
2022,Santo Domingo,934,934,45 a 59,Daniela Perez,Distrito Nacional,Preferente,No especificado
2022,Santo Domingo Este,935,935,45 a 59,Rafael Garcia,Santo Domingo,Preferente,M
2022,Santiago,936,936,45 a 59,Sofia Martinez,Santiago,Preferente,F
2022,La Vega,937,937,45 a 59,Andres Rodriguez,La Vega,Preferente,M
2022,San Cristobal,938,938,45 a 59,Natalia Diaz,San Cristobal,Preferente,F
2022,Puerto Plata,939,939,45 a 59,Pedro Torres,Puerto Plata,Preferente,M
2021,San Cristobal,940,940,45 a 59,Laura Ortiz,San Cristobal,Regular,F
2021,Puerto Plata,941,941,45 a 59,Carlos Herrera,Puerto Plata,Regular,M
2021,La Romana,942,942,45 a 59,Carla Cruz,La Romana,Regular,F
2021,Higuey,943,943,45 a 59,Miguel Vargas,La Altagracia,Regular,No especificado
2021,Santo Domingo,944,944,45 a 59,Daniela Perez,Distrito Nacional,Regular,No especificado
2021,Santo Domingo Este,945,945,45 a 59,Rafael Garcia,Santo Domingo,Regular,M
2021,Santiago,946,946,45 a 59,Sofia Martinez,Santiago,Regular,F
2021,La Vega,947,947,45 a 59,Andres Rodriguez,La Vega,Regular,M
2021,San Cristobal,948,948,45 a 59,Natalia Diaz,San Cristobal,Regular,F
2021,Puerto Plata,949,949,45 a 59,Pedro Torres,Puerto Plata,Regular,M
2021,San Cristobal,950,950,45 a 59,Laura Ortiz,San Cristobal,Regular,F
2021,Puerto Plata,951,951,45 a 59,Carlos Herrera,Puerto Plata,Regular,M
2021,La Romana,952,952,45 a 59,Carla Cruz,La Romana,Regular,F
2021,Higuey,953,953,45 a 59,Miguel Vargas,La Altagracia,Regular,M
2021,Santo Domingo,954,954,45 a 59,Daniela Perez,Distrito Nacional,Regular,F
2021,Santo Domingo Este,955,955,45 a 59,Rafael Garcia,Santo Domingo,Regular,M
2021,Santiago,956,956,45 a 59,Sofia Martinez,Santiago,Regular,F
2021,La Vega,957,957,45 a 59,Andres Rodriguez,La Vega,Regular,No especificado
2021,San Cristobal,958,958,45 a 59,Natalia Diaz,San Cristobal,Corporativo,No especificado
2021,Puerto Plata,959,959,45 a 59,Pedro Torres,Puerto Plata,Corporativo,M
2021,San Cristobal,960,960,45 a 59,Laura Ortiz,San Cristobal,Corporativo,F
2021,Puerto Plata,961,961,45 a 59,Carlos Herrera,Puerto Plata,Corporativo,M
2021,La Romana,962,962,45 a 59,Carla Cruz,La Romana,Corporativo,F
2021,Higuey,963,963,45 a 59,Miguel Vargas,La Altagracia,Corporativo,M
2021,Santo Domingo,964,964,45 a 59,Daniela Perez,Distrito Nacional,Preferente,F
2021,Santo Domingo Este,965,965,45 a 59,Rafael Garcia,Santo Domingo,Preferente,M
2021,Santiago,966,966,45 a 59,Sofia Martinez,Santiago,Preferente,F
2021,La Vega,967,967,45 a 59,Andres Rodriguez,La Vega,Preferente,M
2021,San Cristobal,968,968,45 a 59,Natalia Diaz,San Cristobal,Preferente,F
2021,Puerto Plata,969,969,45 a 59,Pedro Torres,Puerto Plata,Preferente,M
2022,San Cristobal,970,970,45 a 59,Laura Ortiz,San Cristobal,Preferente,F
2022,Puerto Plata,971,971,45 a 59,Carlos Herrera,Puerto Plata,Preferente,M
2022,La Romana,972,972,45 a 59,Carla Cruz,La Romana,Preferente,F
2022,Higuey,973,973,45 a 59,Miguel Vargas,La Altagracia,Preferente,M
2022,Santo Domingo,974,974,45 a 59,Daniela Perez,Distrito Nacional,Preferente,F
2022,Santo Domingo Este,975,975,45 a 59,Rafael Garcia,Santo Domingo,Preferente,M
2022,Santiago,976,976,45 a 59,Sofia Martinez,Santiago,Preferente,F
2022,La Vega,977,977,45 a 59,Andres Rodriguez,La Vega,Preferente,M
2022,San Cristobal,978,978,45 a 59,Natalia Diaz,San Cristobal,Preferente,F
2022,Puerto Plata,979,979,45 a 59,Pedro Torres,Puerto Plata,Preferente,M
2022,San Cristobal,980,980,45 a 59,Laura Ortiz,San Cristobal,Regular,No especificado
2022,Puerto Plata,981,981,45 a 59,Carlos Herrera,Puerto Plata,Regular,M
2022,La Romana,982,982,45 a 59,Carla Cruz,La Romana,Regular,F
2022,Higuey,983,983,45 a 59,Miguel Vargas,La Altagracia,Regular,M
2022,Santo Domingo,984,984,45 a 59,Daniela Perez,Distrito Nacional,Regular,F
2022,Santo Domingo Este,985,985,45 a 59,Rafael Garcia,Santo Domingo,Regular,M
2022,Santiago,986,986,45 a 59,Sofia Martinez,Santiago,Regular,F
2022,La Vega,987,987,45 a 59,Andres Rodriguez,La Vega,Regular,M
2022,San Cristobal,988,988,45 a 59,Natalia Diaz,San Cristobal,Regular,F
2022,Puerto Plata,989,989,45 a 59,Pedro Torres,Puerto Plata,Regular,M
2022,San Cristobal,990,990,45 a 59,Laura Ortiz,San Cristobal,Regular,F
2022,Puerto Plata,991,991,45 a 59,Carlos Herrera,Puerto Plata,Regular,M
2022,La Romana,992,992,45 a 59,Carla Cruz,La Romana,Regular,F
2022,Higuey,993,993,45 a 59,Miguel Vargas,La Altagracia,Regular,No especificado
2022,Santo Domingo,994,994,45 a 59,Daniela Perez,Distrito Nacional,Regular,No especificado
2022,Santo Domingo Este,995,995,45 a 59,Rafael Garcia,Santo Domingo,Regular,M
2022,Santiago,996,996,45 a 59,Sofia Martinez,Santiago,Regular,F
2022,La Vega,997,997,45 a 59,Andres Rodriguez,La Vega,Regular,M
2022,San Cristobal,998,998,45 a 59,Natalia Diaz,San Cristobal,Regular,F
2022,Puerto Plata,999,999,45 a 59,Pedro Torres,Puerto Plata,Regular,M
2022,San Cristobal,1000,1000,30 a 44,Luis Sanchez,San Cristobal,Corporativo,M
2022,La Vega,1001,1001,30 a 44,Ana Ramirez,La Vega,Corporativo,No especificado
2022,Santiago,1002,1002,30 a 44,Jose Torres,Santiago,Corporativo,M
2022,Santo Domingo Este,1003,1003,30 a 44,Maria Diaz,Santo Domingo,Corporativo,F
2022,Santo Domingo,1004,1004,30 a 44,Javier Reyes,Distrito Nacional,Corporativo,M
2022,Higuey,1005,1005,30 a 44,Paola Gomez,La Altagracia,Corporativo,F
2022,La Romana,1006,1006,30 a 44,Pedro Castillo,La Romana,Corporativo,M
2022,Puerto Plata,1007,1007,30 a 44,Natalia Mendez,Puerto Plata,Corporativo,F
2021,San Cristobal,1008,1008,30 a 44,Andres Vargas,San Cristobal,Corporativo,M
2021,La Vega,1009,1009,30 a 44,Sofia Cruz,La Vega,Regular,F
2021,San Cristobal,1010,1010,30 a 44,Luis Sanchez,San Cristobal,Regular,M
2021,La Vega,1011,1011,30 a 44,Ana Ramirez,La Vega,Regular,F
2021,Santiago,1012,1012,30 a 44,Jose Torres,Santiago,Regular,M
2021,Santo Domingo Este,1013,1013,30 a 44,Maria Diaz,Santo Domingo,Regular,F
2021,Santo Domingo,1014,1014,30 a 44,Javier Reyes,Distrito Nacional,Regular,M
2021,Higuey,1015,1015,30 a 44,Paola Gomez,La Altagracia,Regular,F
2021,La Romana,1016,1016,30 a 44,Pedro Castillo,La Romana,Regular,No especificado
2021,Puerto Plata,1017,1017,30 a 44,Natalia Mendez,Puerto Plata,Regular,F
2021,San Cristobal,1018,1018,30 a 44,Andres Vargas,San Cristobal,Regular,M
2021,La Vega,1019,1019,30 a 44,Sofia Cruz,La Vega,Regular,F
2021,San Cristobal,1020,1020,30 a 44,Luis Sanchez,San Cristobal,Regular,M
2021,La Vega,1021,1021,30 a 44,Ana Ramirez,La Vega,Regular,F
2021,Santiago,1022,1022,30 a 44,Jose Torres,Santiago,Regular,M
2021,Santo Domingo Este,1023,1023,30 a 44,Maria Diaz,Santo Domingo,Regular,F
2021,Santo Domingo,1024,1024,30 a 44,Javier Reyes,Distrito Nacional,Regular,M
2021,Higuey,1025,1025,30 a 44,Paola Gomez,La Altagracia,Regular,No especificado
2021,La Romana,1026,1026,30 a 44,Pedro Castillo,La Romana,Regular,M
2021,Puerto Plata,1027,1027,30 a 44,Natalia Mendez,Puerto Plata,Regular,F
2021,San Cristobal,1028,1028,30 a 44,Andres Vargas,San Cristobal,Regular,M
2021,La Vega,1029,1029,30 a 44,Sofia Cruz,La Vega,Regular,F
2021,San Cristobal,1030,1030,30 a 44,Luis Sanchez,San Cristobal,Regular,M
2021,La Vega,1031,1031,30 a 44,Ana Ramirez,La Vega,Regular,F
2021,Santiago,1032,1032,30 a 44,Jose Torres,Santiago,Regular,M
2021,Santo Domingo Este,1033,1033,30 a 44,Maria Diaz,Santo Domingo,Regular,F
2021,Santo Domingo,1034,1034,30 a 44,Javier Reyes,Distrito Nacional,Regular,M
2021,Higuey,1035,1035,30 a 44,Paola Gomez,La Altagracia,Regular,F
2021,La Romana,1036,1036,30 a 44,Pedro Castillo,La Romana,Regular,M
2021,Puerto Plata,1037,1037,30 a 44,Natalia Mendez,Puerto Plata,Regular,F
2021,San Cristobal,1038,1038,30 a 44,Andres Vargas,San Cristobal,Regular,M
2021,La Vega,1039,1039,30 a 44,Sofia Cruz,La Vega,Regular,No especificado
2022,San Cristobal,1040,1040,30 a 44,Luis Sanchez,San Cristobal,Corporativo,M
2022,La Vega,1041,1041,30 a 44,Ana Ramirez,La Vega,Regular,F
2022,Santiago,1042,1042,30 a 44,Jose Torres,Santiago,Regular,M
2022,Santo Domingo Este,1043,1043,30 a 44,Maria Diaz,Santo Domingo,Regular,F
2022,Santo Domingo,1044,1044,30 a 44,Javier Reyes,Distrito Nacional,Regular,M
2022,Higuey,1045,1045,30 a 44,Paola Gomez,La Altagracia,Regular,F
2022,La Romana,1046,1046,30 a 44,Pedro Castillo,La Romana,Regular,M
2022,Puerto Plata,1047,1047,30 a 44,Natalia Mendez,Puerto Plata,Regular,F
2022,San Cristobal,1048,1048,30 a 44,Andres Vargas,San Cristobal,Regular,M
2022,La Vega,1049,1049,30 a 44,Sofia Cruz,La Vega,Regular,No especificado
2022,San Cristobal,1050,1050,30 a 44,Luis Sanchez,San Cristobal,Regular,M
2022,La Vega,1051,1051,30 a 44,Ana Ramirez,La Vega,Regular,F
2022,Santiago,1052,1052,30 a 44,Jose Torres,Santiago,Regular,No especificado
2022,Santo Domingo Este,1053,1053,30 a 44,Maria Diaz,Santo Domingo,Regular,F
2022,Santo Domingo,1054,1054,30 a 44,Javier Reyes,Distrito Nacional,Regular,M
2022,Higuey,1055,1055,30 a 44,Paola Gomez,La Altagracia,Regular,F
2022,La Romana,1056,1056,30 a 44,Pedro Castillo,La Romana,Regular,M
2022,Puerto Plata,1057,1057,30 a 44,Natalia Mendez,Puerto Plata,Regular,F
2022,San Cristobal,1058,1058,30 a 44,Andres Vargas,San Cristobal,Regular,M
2022,La Vega,1059,1059,30 a 44,Sofia Cruz,La Vega,Regular,F
2022,San Cristobal,1060,1060,30 a 44,Luis Sanchez,San Cristobal,Regular,M
2022,La Vega,1061,1061,30 a 44,Ana Ramirez,La Vega,Regular,No especificado
2022,Santiago,1062,1062,30 a 44,Jose Torres,Santiago,Regular,M
2022,Santo Domingo Este,1063,1063,30 a 44,Maria Diaz,Santo Domingo,Regular,F
2022,Santo Domingo,1064,1064,30 a 44,Javier Reyes,Distrito Nacional,Regular,M
2022,Higuey,1065,1065,30 a 44,Paola Gomez,La Altagracia,Regular,F
2022,La Romana,1066,1066,30 a 44,Pedro Castillo,La Romana,Regular,M
2022,Puerto Plata,1067,1067,30 a 44,Natalia Mendez,Puerto Plata,Regular,F
2022,San Cristobal,1068,1068,30 a 44,Andres Vargas,San Cristobal,Regular,M
2022,La Vega,1069,1069,30 a 44,Sofia Cruz,La Vega,Regular,F
2022,San Cristobal,1070,1070,30 a 44,Luis Sanchez,San Cristobal,Regular,M
2022,La Vega,1071,1071,30 a 44,Ana Ramirez,La Vega,Regular,F
2022,Santiago,1072,1072,30 a 44,Jose Torres,Santiago,Regular,M
2022,Santo Domingo Este,1073,1073,30 a 44,Maria Diaz,Santo Domingo,Regular,F
2022,Santo Domingo,1074,1074,30 a 44,Javier Reyes,Distrito Nacional,Regular,M
2022,Higuey,1075,1075,30 a 44,Paola Gomez,La Altagracia,Regular,F
2022,La Romana,1076,1076,30 a 44,Pedro Castillo,La Romana,Regular,No especificado
2022,Puerto Plata,1077,1077,30 a 44,Natalia Mendez,Puerto Plata,Regular,F
2022,San Cristobal,1078,1078,30 a 44,Andres Vargas,San Cristobal,Regular,M
2022,La Vega,1079,1079,30 a 44,Sofia Cruz,La Vega,Regular,F
2022,San Cristobal,1080,1080,30 a 44,Luis Sanchez,San Cristobal,Preferente,M
2022,La Vega,1081,1081,30 a 44,Ana Ramirez,La Vega,Preferente,F
2022,Santiago,1082,1082,30 a 44,Jose Torres,Santiago,Preferente,M
2022,Santo Domingo Este,1083,1083,30 a 44,Maria Diaz,Santo Domingo,Preferente,F
2022,Santo Domingo,1084,1084,30 a 44,Javier Reyes,Distrito Nacional,Preferente,M
2022,Higuey,1085,1085,30 a 44,Paola Gomez,La Altagracia,Preferente,No especificado
2022,La Romana,1086,1086,30 a 44,Pedro Castillo,La Romana,Preferente,M
2022,Puerto Plata,1087,1087,30 a 44,Natalia Mendez,Puerto Plata,Preferente,F
2022,San Cristobal,1088,1088,30 a 44,Andres Vargas,San Cristobal,Preferente,M
2022,La Vega,1089,1089,30 a 44,Sofia Cruz,La Vega,Preferente,F
2022,San Cristobal,1090,1090,30 a 44,Luis Sanchez,San Cristobal,Preferente,M
2022,La Vega,1091,1091,30 a 44,Ana Ramirez,La Vega,Preferente,F
2022,Santiago,1092,1092,30 a 44,Jose Torres,Santiago,Preferente,M
2022,Santo Domingo Este,1093,1093,30 a 44,Maria Diaz,Santo Domingo,Preferente,F
2022,Santo Domingo,1094,1094,30 a 44,Javier Reyes,Distrito Nacional,Preferente,M
2022,Higuey,1095,1095,30 a 44,Paola Gomez,La Altagracia,Preferente,F
2022,La Romana,1096,1096,30 a 44,Pedro Castillo,La Romana,Preferente,M
2022,Puerto Plata,1097,1097,30 a 44,Natalia Mendez,Puerto Plata,Preferente,F
2022,San Cristobal,1098,1098,30 a 44,Andres Vargas,San Cristobal,Preferente,M
2022,La Vega,1099,1099,30 a 44,Sofia Cruz,La Vega,Corporativo,No especificado
2021,San Cristobal,1100,1100,30 a 44,Luis Sanchez,San Cristobal,Regular,M
2021,La Vega,1101,1101,30 a 44,Ana Ramirez,La Vega,Regular,F
2021,Santiago,1102,1102,30 a 44,Jose Torres,Santiago,Regular,M
2021,Santo Domingo Este,1103,1103,30 a 44,Maria Diaz,Santo Domingo,Regular,F
2021,Santo Domingo,1104,1104,30 a 44,Javier Reyes,Distrito Nacional,Regular,M
2021,Higuey,1105,1105,30 a 44,Paola Gomez,La Altagracia,Regular,F
2021,La Romana,1106,1106,30 a 44,Pedro Castillo,La Romana,Regular,No especificado
2021,Puerto Plata,1107,1107,30 a 44,Natalia Mendez,Puerto Plata,Regular,F
2021,San Cristobal,1108,1108,30 a 44,Andres Vargas,San Cristobal,Regular,M
2021,La Vega,1109,1109,30 a 44,Sofia Cruz,La Vega,Regular,F
2021,San Cristobal,1110,1110,30 a 44,Luis Sanchez,San Cristobal,Preferente,M
2021,La Vega,1111,1111,30 a 44,Ana Ramirez,La Vega,Preferente,F
2021,Santiago,1112,1112,30 a 44,Jose Torres,Santiago,Preferente,M
2021,Santo Domingo Este,1113,1113,30 a 44,Maria Diaz,Santo Domingo,Preferente,F
2021,Santo Domingo,1114,1114,30 a 44,Javier Reyes,Distrito Nacional,Preferente,M
2021,Higuey,1115,1115,30 a 44,Paola Gomez,La Altagracia,Preferente,No especificado
2021,La Romana,1116,1116,30 a 44,Pedro Castillo,La Romana,Preferente,M
2021,Puerto Plata,1117,1117,30 a 44,Natalia Mendez,Puerto Plata,Preferente,F
2021,San Cristobal,1118,1118,30 a 44,Andres Vargas,San Cristobal,Preferente,M
2021,La Vega,1119,1119,30 a 44,Sofia Cruz,La Vega,Preferente,F
2021,San Cristobal,1120,1120,30 a 44,Luis Sanchez,San Cristobal,Preferente,M
2021,La Vega,1121,1121,30 a 44,Ana Ramirez,La Vega,Preferente,F
2021,Santiago,1122,1122,30 a 44,Jose Torres,Santiago,Preferente,M
2021,Santo Domingo Este,1123,1123,30 a 44,Maria Diaz,Santo Domingo,Preferente,F
2021,Santo Domingo,1124,1124,30 a 44,Javier Reyes,Distrito Nacional,Preferente,M
2021,Higuey,1125,1125,30 a 44,Paola Gomez,La Altagracia,Preferente,F
2021,La Romana,1126,1126,30 a 44,Pedro Castillo,La Romana,Preferente,M
2021,Puerto Plata,1127,1127,30 a 44,Natalia Mendez,Puerto Plata,Preferente,F
2021,San Cristobal,1128,1128,30 a 44,Andres Vargas,San Cristobal,Preferente,M
2021,La Vega,1129,1129,30 a 44,Sofia Cruz,La Vega,Corporativo,No especificado
2021,San Cristobal,1130,1130,30 a 44,Luis Sanchez,San Cristobal,Corporativo,M
2021,La Vega,1131,1131,30 a 44,Ana Ramirez,La Vega,Corporativo,F
2021,Santiago,1132,1132,30 a 44,Jose Torres,Santiago,Corporativo,No especificado
2021,Santo Domingo Este,1133,1133,30 a 44,Maria Diaz,Santo Domingo,Corporativo,F
2021,Santo Domingo,1134,1134,30 a 44,Javier Reyes,Distrito Nacional,Corporativo,M
2021,Higuey,1135,1135,30 a 44,Paola Gomez,La Altagracia,Regular,F
2021,La Romana,1136,1136,30 a 44,Pedro Castillo,La Romana,Regular,M
2021,Puerto Plata,1137,1137,30 a 44,Natalia Mendez,Puerto Plata,Regular,F
2021,San Cristobal,1138,1138,30 a 44,Andres Vargas,San Cristobal,Regular,M
2021,La Vega,1139,1139,30 a 44,Sofia Cruz,La Vega,Regular,F
2021,San Cristobal,1140,1140,30 a 44,Luis Sanchez,San Cristobal,Regular,M
2021,La Vega,1141,1141,30 a 44,Ana Ramirez,La Vega,Regular,F
2021,Santiago,1142,1142,30 a 44,Jose Torres,Santiago,Regular,No especificado
2021,Santo Domingo Este,1143,1143,30 a 44,Maria Diaz,Santo Domingo,Regular,F
2021,Santo Domingo,1144,1144,30 a 44,Javier Reyes,Distrito Nacional,Regular,M
2021,Higuey,1145,1145,30 a 44,Paola Gomez,La Altagracia,Regular,F
2021,La Romana,1146,1146,30 a 44,Pedro Castillo,La Romana,Regular,M
2021,Puerto Plata,1147,1147,30 a 44,Natalia Mendez,Puerto Plata,Preferente,F
2021,San Cristobal,1148,1148,30 a 44,Andres Vargas,San Cristobal,Preferente,M
2021,La Vega,1149,1149,30 a 44,Sofia Cruz,La Vega,Preferente,F
2021,San Cristobal,1150,1150,30 a 44,Luis Sanchez,San Cristobal,Preferente,M
2021,La Vega,1151,1151,30 a 44,Ana Ramirez,La Vega,Preferente,No especificado
2021,Santiago,1152,1152,30 a 44,Jose Torres,Santiago,Preferente,M
2021,Santo Domingo Este,1153,1153,30 a 44,Maria Diaz,Santo Domingo,Preferente,F
2021,Santo Domingo,1154,1154,30 a 44,Javier Reyes,Distrito Nacional,Preferente,M
2021,Higuey,1155,1155,30 a 44,Paola Gomez,La Altagracia,Preferente,F
2021,La Romana,1156,1156,30 a 44,Pedro Castillo,La Romana,Preferente,M
2021,Puerto Plata,1157,1157,30 a 44,Natalia Mendez,Puerto Plata,Preferente,F
2021,San Cristobal,1158,1158,30 a 44,Andres Vargas,San Cristobal,Preferente,M
2021,La Vega,1159,1159,30 a 44,Sofia Cruz,La Vega,Preferente,F
2021,San Cristobal,1160,1160,30 a 44,Luis Sanchez,San Cristobal,Preferente,M
2021,La Vega,1161,1161,30 a 44,Ana Ramirez,La Vega,Corporativo,F
2021,Santiago,1162,1162,30 a 44,Jose Torres,Santiago,Corporativo,M
2021,Santo Domingo Este,1163,1163,30 a 44,Maria Diaz,Santo Domingo,Corporativo,F
2021,Santo Domingo,1164,1164,30 a 44,Javier Reyes,Distrito Nacional,Corporativo,M
2021,Higuey,1165,1165,30 a 44,Paola Gomez,La Altagracia,Corporativo,F
2021,La Romana,1166,1166,30 a 44,Pedro Castillo,La Romana,Corporativo,No especificado
2021,Puerto Plata,1167,1167,30 a 44,Natalia Mendez,Puerto Plata,Corporativo,F
2021,San Cristobal,1168,1168,30 a 44,Andres Vargas,San Cristobal,Corporativo,M
2021,La Vega,1169,1169,30 a 44,Sofia Cruz,La Vega,Corporativo,F
2021,San Cristobal,1170,1170,30 a 44,Luis Sanchez,San Cristobal,Regular,M
2021,La Vega,1171,1171,30 a 44,Ana Ramirez,La Vega,Regular,F
2021,Santiago,1172,1172,30 a 44,Jose Torres,Santiago,Regular,M
2021,Santo Domingo Este,1173,1173,30 a 44,Maria Diaz,Santo Domingo,Regular,F
2021,Santo Domingo,1174,1174,30 a 44,Javier Reyes,Distrito Nacional,Regular,M
2021,Higuey,1175,1175,30 a 44,Paola Gomez,La Altagracia,Regular,No especificado
2021,La Romana,1176,1176,30 a 44,Pedro Castillo,La Romana,Regular,M
2021,Puerto Plata,1177,1177,30 a 44,Natalia Mendez,Puerto Plata,Regular,F
2021,San Cristobal,1178,1178,30 a 44,Andres Vargas,San Cristobal,Regular,M
2021,La Vega,1179,1179,30 a 44,Sofia Cruz,La Vega,Regular,F
2021,San Cristobal,1180,1180,30 a 44,Luis Sanchez,San Cristobal,Regular,M
2021,La Vega,1181,1181,30 a 44,Ana Ramirez,La Vega,Regular,F
2021,Santiago,1182,1182,30 a 44,Jose Torres,Santiago,Regular,M
2021,Santo Domingo Este,1183,1183,30 a 44,Maria Diaz,Santo Domingo,Regular,F
2021,Santo Domingo,1184,1184,30 a 44,Javier Reyes,Distrito Nacional,Regular,M
2021,Higuey,1185,1185,30 a 44,Paola Gomez,La Altagracia,Regular,F
2021,La Romana,1186,1186,30 a 44,Pedro Castillo,La Romana,Regular,M
2021,Puerto Plata,1187,1187,30 a 44,Natalia Mendez,Puerto Plata,Regular,F
2021,San Cristobal,1188,1188,30 a 44,Andres Vargas,San Cristobal,Regular,M
2021,La Vega,1189,1189,30 a 44,Sofia Cruz,La Vega,Regular,No especificado
2021,San Cristobal,1190,1190,30 a 44,Luis Sanchez,San Cristobal,Regular,M
2021,La Vega,1191,1191,30 a 44,Ana Ramirez,La Vega,Regular,F
2021,Santiago,1192,1192,30 a 44,Jose Torres,Santiago,Regular,No especificado
2021,Santo Domingo Este,1193,1193,30 a 44,Maria Diaz,Santo Domingo,Regular,F
2021,Santo Domingo,1194,1194,30 a 44,Javier Reyes,Distrito Nacional,Regular,M
2021,Higuey,1195,1195,30 a 44,Paola Gomez,La Altagracia,Regular,F
2021,La Romana,1196,1196,30 a 44,Pedro Castillo,La Romana,Regular,M
2021,Puerto Plata,1197,1197,30 a 44,Natalia Mendez,Puerto Plata,Regular,F
2021,San Cristobal,1198,1198,30 a 44,Andres Vargas,San Cristobal,Regular,M
2021,La Vega,1199,1199,30 a 44,Sofia Cruz,La Vega,Regular,F
2022,San Cristobal,1200,1200,30 a 44,Luis Sanchez,San Cristobal,Regular,M
2022,La Vega,1201,1201,30 a 44,Ana Ramirez,La Vega,Regular,F
2022,Santiago,1202,1202,30 a 44,Jose Torres,Santiago,Regular,M
2022,Santo Domingo Este,1203,1203,30 a 44,Maria Diaz,Santo Domingo,Regular,F
2022,Santo Domingo,1204,1204,30 a 44,Javier Reyes,Distrito Nacional,Regular,M
2022,Higuey,1205,1205,30 a 44,Paola Gomez,La Altagracia,Regular,No especificado
2022,La Romana,1206,1206,30 a 44,Pedro Castillo,La Romana,Regular,M
2022,Puerto Plata,1207,1207,30 a 44,Natalia Mendez,Puerto Plata,Regular,F
2022,San Cristobal,1208,1208,30 a 44,Andres Vargas,San Cristobal,Regular,M
2022,La Vega,1209,1209,30 a 44,Sofia Cruz,La Vega,Regular,F
2022,San Cristobal,1210,1210,30 a 44,Luis Sanchez,San Cristobal,Regular,M
2022,La Vega,1211,1211,30 a 44,Ana Ramirez,La Vega,Regular,F
2022,Santiago,1212,1212,30 a 44,Jose Torres,Santiago,Regular,M
2022,Santo Domingo Este,1213,1213,30 a 44,Maria Diaz,Santo Domingo,Regular,F
2022,Santo Domingo,1214,1214,30 a 44,Javier Reyes,Distrito Nacional,Regular,M
2022,Higuey,1215,1215,30 a 44,Paola Gomez,La Altagracia,Regular,F
2022,La Romana,1216,1216,30 a 44,Pedro Castillo,La Romana,Regular,M
2022,Puerto Plata,1217,1217,30 a 44,Natalia Mendez,Puerto Plata,Regular,F
2022,San Cristobal,1218,1218,30 a 44,Andres Vargas,San Cristobal,Regular,M
2022,La Vega,1219,1219,30 a 44,Sofia Cruz,La Vega,Regular,No especificado
2022,San Cristobal,1220,1220,30 a 44,Luis Sanchez,San Cristobal,Regular,M
2022,La Vega,1221,1221,30 a 44,Ana Ramirez,La Vega,Regular,F
2022,Santiago,1222,1222,30 a 44,Jose Torres,Santiago,Regular,No especificado
2022,Santo Domingo Este,1223,1223,30 a 44,Maria Diaz,Santo Domingo,Regular,F
2022,Santo Domingo,1224,1224,30 a 44,Javier Reyes,Distrito Nacional,Regular,M
2022,Higuey,1225,1225,30 a 44,Paola Gomez,La Altagracia,Regular,F
2022,La Romana,1226,1226,30 a 44,Pedro Castillo,La Romana,Regular,M
2022,Puerto Plata,1227,1227,30 a 44,Natalia Mendez,Puerto Plata,Regular,F
2022,San Cristobal,1228,1228,30 a 44,Andres Vargas,San Cristobal,Regular,M
2022,La Vega,1229,1229,30 a 44,Sofia Cruz,La Vega,Regular,F
2022,San Cristobal,1230,1230,30 a 44,Luis Sanchez,San Cristobal,Regular,M
2022,La Vega,1231,1231,30 a 44,Ana Ramirez,La Vega,Regular,No especificado
2022,Santiago,1232,1232,30 a 44,Jose Torres,Santiago,Regular,M
2022,Santo Domingo Este,1233,1233,30 a 44,Maria Diaz,Santo Domingo,Regular,F
2022,Santo Domingo,1234,1234,30 a 44,Javier Reyes,Distrito Nacional,Regular,M
2022,Higuey,1235,1235,30 a 44,Paola Gomez,La Altagracia,Regular,F
2022,La Romana,1236,1236,30 a 44,Pedro Castillo,La Romana,Regular,M
2022,Puerto Plata,1237,1237,30 a 44,Natalia Mendez,Puerto Plata,Regular,F
2022,San Cristobal,1238,1238,30 a 44,Andres Vargas,San Cristobal,Regular,M
2022,La Vega,1239,1239,30 a 44,Sofia Cruz,La Vega,Regular,F
2021,San Cristobal,1240,1240,30 a 44,Luis Sanchez,San Cristobal,Regular,M
2021,La Vega,1241,1241,30 a 44,Ana Ramirez,La Vega,Regular,No especificado
2021,Santiago,1242,1242,30 a 44,Jose Torres,Santiago,Regular,M
2021,Santo Domingo Este,1243,1243,30 a 44,Maria Diaz,Santo Domingo,Regular,F
2021,Santo Domingo,1244,1244,30 a 44,Javier Reyes,Distrito Nacional,Regular,M
2021,Higuey,1245,1245,30 a 44,Paola Gomez,La Altagracia,Regular,F
2021,La Romana,1246,1246,30 a 44,Pedro Castillo,La Romana,Regular,M
2021,Puerto Plata,1247,1247,30 a 44,Natalia Mendez,Puerto Plata,Regular,F
2021,San Cristobal,1248,1248,30 a 44,Andres Vargas,San Cristobal,Regular,M
2021,La Vega,1249,1249,30 a 44,Sofia Cruz,La Vega,Regular,F
2021,San Cristobal,1250,1250,30 a 44,Luis Sanchez,San Cristobal,Regular,M
2021,La Vega,1251,1251,30 a 44,Ana Ramirez,La Vega,Regular,F
2021,Santiago,1252,1252,30 a 44,Jose Torres,Santiago,Regular,M
2021,Santo Domingo Este,1253,1253,30 a 44,Maria Diaz,Santo Domingo,Regular,F
2021,Santo Domingo,1254,1254,30 a 44,Javier Reyes,Distrito Nacional,Regular,M
2021,Higuey,1255,1255,30 a 44,Paola Gomez,La Altagracia,Regular,F
2021,La Romana,1256,1256,30 a 44,Pedro Castillo,La Romana,Regular,No especificado
2021,Puerto Plata,1257,1257,30 a 44,Natalia Mendez,Puerto Plata,Regular,F
2021,San Cristobal,1258,1258,30 a 44,Andres Vargas,San Cristobal,Regular,M
2021,La Vega,1259,1259,30 a 44,Sofia Cruz,La Vega,Regular,F
2021,San Cristobal,1260,1260,30 a 44,Luis Sanchez,San Cristobal,Regular,M
2021,La Vega,1261,1261,30 a 44,Ana Ramirez,La Vega,Regular,F
2021,Santiago,1262,1262,30 a 44,Jose Torres,Santiago,Regular,M
2021,Santo Domingo Este,1263,1263,30 a 44,Maria Diaz,Santo Domingo,Regular,F
2021,Santo Domingo,1264,1264,30 a 44,Javier Reyes,Distrito Nacional,Regular,M
2021,Higuey,1265,1265,30 a 44,Paola Gomez,La Altagracia,Regular,No especificado
2021,La Romana,1266,1266,30 a 44,Pedro Castillo,La Romana,Regular,M
2021,Puerto Plata,1267,1267,30 a 44,Natalia Mendez,Puerto Plata,Regular,F
2021,San Cristobal,1268,1268,30 a 44,Andres Vargas,San Cristobal,Regular,M
2021,La Vega,1269,1269,30 a 44,Sofia Cruz,La Vega,Regular,F
2021,San Cristobal,1270,1270,30 a 44,Luis Sanchez,San Cristobal,Regular,M
2021,La Vega,1271,1271,30 a 44,Ana Ramirez,La Vega,Regular,F
2021,Santiago,1272,1272,30 a 44,Jose Torres,Santiago,Regular,M
2021,Santo Domingo Este,1273,1273,30 a 44,Maria Diaz,Santo Domingo,Preferente,F
2021,Santo Domingo,1274,1274,30 a 44,Javier Reyes,Distrito Nacional,Preferente,M
2022,Higuey,1275,1275,30 a 44,Paola Gomez,La Altagracia,Preferente,F
2022,La Romana,1276,1276,30 a 44,Pedro Castillo,La Romana,Preferente,M
2022,Puerto Plata,1277,1277,30 a 44,Natalia Mendez,Puerto Plata,Preferente,F
2022,San Cristobal,1278,1278,30 a 44,Andres Vargas,San Cristobal,Preferente,M
2022,La Vega,1279,1279,30 a 44,Sofia Cruz,La Vega,Preferente,No especificado
2022,San Cristobal,1280,1280,30 a 44,Luis Sanchez,San Cristobal,Preferente,M
2022,La Vega,1281,1281,30 a 44,Ana Ramirez,La Vega,Preferente,F
2022,Santiago,1282,1282,30 a 44,Jose Torres,Santiago,Preferente,No especificado
2022,Santo Domingo Este,1283,1283,30 a 44,Maria Diaz,Santo Domingo,Preferente,F
2022,Santo Domingo,1284,1284,30 a 44,Javier Reyes,Distrito Nacional,Preferente,M
2022,Higuey,1285,1285,30 a 44,Paola Gomez,La Altagracia,Preferente,F
2022,La Romana,1286,1286,30 a 44,Pedro Castillo,La Romana,Preferente,M
2022,Puerto Plata,1287,1287,30 a 44,Natalia Mendez,Puerto Plata,Preferente,F
2022,San Cristobal,1288,1288,30 a 44,Andres Vargas,San Cristobal,Preferente,M
2022,La Vega,1289,1289,30 a 44,Sofia Cruz,La Vega,Preferente,F
2022,San Cristobal,1290,1290,30 a 44,Luis Sanchez,San Cristobal,Corporativo,M
2022,La Vega,1291,1291,30 a 44,Ana Ramirez,La Vega,Corporativo,No especificado
2022,Santiago,1292,1292,30 a 44,Jose Torres,Santiago,Corporativo,M
2022,Santo Domingo Este,1293,1293,30 a 44,Maria Diaz,Santo Domingo,Corporativo,F
2022,Santo Domingo,1294,1294,30 a 44,Javier Reyes,Distrito Nacional,Corporativo,M
2022,Higuey,1295,1295,30 a 44,Paola Gomez,La Altagracia,Corporativo,F
2022,La Romana,1296,1296,30 a 44,Pedro Castillo,La Romana,Corporativo,M
2022,Puerto Plata,1297,1297,30 a 44,Natalia Mendez,Puerto Plata,Corporativo,F
2022,San Cristobal,1298,1298,30 a 44,Andres Vargas,San Cristobal,Corporativo,M
2022,La Vega,1299,1299,30 a 44,Sofia Cruz,La Vega,Regular,F
2021,San Cristobal,1300,1300,30 a 44,Luis Sanchez,San Cristobal,Regular,M
2021,La Vega,1301,1301,30 a 44,Ana Ramirez,La Vega,Regular,F
2021,Santiago,1302,1302,30 a 44,Jose Torres,Santiago,Regular,M
2021,Santo Domingo Este,1303,1303,30 a 44,Maria Diaz,Santo Domingo,Preferente,F
2021,Santo Domingo,1304,1304,30 a 44,Javier Reyes,Distrito Nacional,Preferente,M
2021,Higuey,1305,1305,30 a 44,Paola Gomez,La Altagracia,Preferente,F
2021,La Romana,1306,1306,30 a 44,Pedro Castillo,La Romana,Preferente,M
2021,Puerto Plata,1307,1307,30 a 44,Natalia Mendez,Puerto Plata,Preferente,F
2021,San Cristobal,1308,1308,30 a 44,Andres Vargas,San Cristobal,Preferente,M
2021,La Vega,1309,1309,30 a 44,Sofia Cruz,La Vega,Preferente,No especificado
2021,San Cristobal,1310,1310,30 a 44,Luis Sanchez,San Cristobal,Preferente,M
2021,La Vega,1311,1311,30 a 44,Ana Ramirez,La Vega,Preferente,F
2021,Santiago,1312,1312,30 a 44,Jose Torres,Santiago,Preferente,No especificado
2021,Santo Domingo Este,1313,1313,30 a 44,Maria Diaz,Santo Domingo,Preferente,F
2021,Santo Domingo,1314,1314,30 a 44,Javier Reyes,Distrito Nacional,Preferente,M
2021,Higuey,1315,1315,30 a 44,Paola Gomez,La Altagracia,Preferente,F
2021,La Romana,1316,1316,30 a 44,Pedro Castillo,La Romana,Preferente,M
2021,Puerto Plata,1317,1317,30 a 44,Natalia Mendez,Puerto Plata,Preferente,F
2021,San Cristobal,1318,1318,30 a 44,Andres Vargas,San Cristobal,Preferente,M
2021,La Vega,1319,1319,30 a 44,Sofia Cruz,La Vega,Preferente,F
2021,San Cristobal,1320,1320,30 a 44,Luis Sanchez,San Cristobal,Corporativo,M
2021,La Vega,1321,1321,30 a 44,Ana Ramirez,La Vega,Corporativo,No especificado
2021,Santiago,1322,1322,30 a 44,Jose Torres,Santiago,Corporativo,M
2021,Santo Domingo Este,1323,1323,30 a 44,Maria Diaz,Santo Domingo,Corporativo,F
2021,Santo Domingo,1324,1324,30 a 44,Javier Reyes,Distrito Nacional,Corporativo,M
2021,Higuey,1325,1325,30 a 44,Paola Gomez,La Altagracia,Corporativo,F
2021,La Romana,1326,1326,30 a 44,Pedro Castillo,La Romana,Corporativo,M
2021,Puerto Plata,1327,1327,30 a 44,Natalia Mendez,Puerto Plata,Corporativo,F
2021,San Cristobal,1328,1328,30 a 44,Andres Vargas,San Cristobal,Corporativo,M
2021,La Vega,1329,1329,30 a 44,Sofia Cruz,La Vega,Regular,F
2021,San Cristobal,1330,1330,30 a 44,Luis Sanchez,San Cristobal,Regular,M
2021,La Vega,1331,1331,30 a 44,Ana Ramirez,La Vega,Regular,F
2021,Santiago,1332,1332,30 a 44,Jose Torres,Santiago,Regular,M
2021,Santo Domingo Este,1333,1333,30 a 44,Maria Diaz,Santo Domingo,Regular,F
2021,Santo Domingo,1334,1334,30 a 44,Javier Reyes,Distrito Nacional,Regular,M
2021,Higuey,1335,1335,30 a 44,Paola Gomez,La Altagracia,Regular,F
2021,La Romana,1336,1336,30 a 44,Pedro Castillo,La Romana,Regular,No especificado
2021,Puerto Plata,1337,1337,30 a 44,Natalia Mendez,Puerto Plata,Regular,F
2021,San Cristobal,1338,1338,30 a 44,Andres Vargas,San Cristobal,Regular,M
2021,La Vega,1339,1339,30 a 44,Sofia Cruz,La Vega,Regular,F
2022,San Cristobal,1340,1340,30 a 44,Luis Sanchez,San Cristobal,Preferente,M
2022,La Vega,1341,1341,30 a 44,Ana Ramirez,La Vega,Preferente,F
2022,Santiago,1342,1342,30 a 44,Jose Torres,Santiago,Preferente,M
2022,Santo Domingo Este,1343,1343,30 a 44,Maria Diaz,Santo Domingo,Preferente,F
2022,Santo Domingo,1344,1344,30 a 44,Javier Reyes,Distrito Nacional,Preferente,M
2022,Higuey,1345,1345,30 a 44,Paola Gomez,La Altagracia,Preferente,F
2022,La Romana,1346,1346,30 a 44,Pedro Castillo,La Romana,Preferente,No especificado
2022,Puerto Plata,1347,1347,30 a 44,Natalia Mendez,Puerto Plata,Preferente,F
2022,San Cristobal,1348,1348,30 a 44,Andres Vargas,San Cristobal,Preferente,M
2022,La Vega,1349,1349,30 a 44,Sofia Cruz,La Vega,Preferente,F
2022,San Cristobal,1350,1350,30 a 44,Luis Sanchez,San Cristobal,Preferente,M
2022,La Vega,1351,1351,30 a 44,Ana Ramirez,La Vega,Preferente,F
2022,Santiago,1352,1352,30 a 44,Jose Torres,Santiago,Preferente,M
2022,Santo Domingo Este,1353,1353,30 a 44,Maria Diaz,Santo Domingo,Preferente,F
2022,Santo Domingo,1354,1354,30 a 44,Javier Reyes,Distrito Nacional,Preferente,M
2022,Higuey,1355,1355,30 a 44,Paola Gomez,La Altagracia,Corporativo,No especificado
2022,La Romana,1356,1356,30 a 44,Pedro Castillo,La Romana,Corporativo,M
2022,Puerto Plata,1357,1357,30 a 44,Natalia Mendez,Puerto Plata,Corporativo,F
2022,San Cristobal,1358,1358,30 a 44,Andres Vargas,San Cristobal,Corporativo,M
2022,La Vega,1359,1359,30 a 44,Sofia Cruz,La Vega,Corporativo,F
2022,San Cristobal,1360,1360,30 a 44,Luis Sanchez,San Cristobal,Corporativo,M
2022,La Vega,1361,1361,30 a 44,Ana Ramirez,La Vega,Regular,F
2022,Santiago,1362,1362,30 a 44,Jose Torres,Santiago,Regular,M
2022,Santo Domingo Este,1363,1363,30 a 44,Maria Diaz,Santo Domingo,Regular,F
2022,Santo Domingo,1364,1364,30 a 44,Javier Reyes,Distrito Nacional,Regular,M
2022,Higuey,1365,1365,30 a 44,Paola Gomez,La Altagracia,Regular,F
2022,La Romana,1366,1366,30 a 44,Pedro Castillo,La Romana,Regular,M
2022,Puerto Plata,1367,1367,30 a 44,Natalia Mendez,Puerto Plata,Regular,F
2022,San Cristobal,1368,1368,30 a 44,Andres Vargas,San Cristobal,Regular,M
2022,La Vega,1369,1369,30 a 44,Sofia Cruz,La Vega,Regular,No especificado
2022,San Cristobal,1370,1370,30 a 44,Luis Sanchez,San Cristobal,Regular,M
2022,La Vega,1371,1371,30 a 44,Ana Ramirez,La Vega,Regular,F
2022,Santiago,1372,1372,30 a 44,Jose Torres,Santiago,Regular,No especificado
2022,Santo Domingo Este,1373,1373,30 a 44,Maria Diaz,Santo Domingo,Regular,F
2022,Santo Domingo,1374,1374,30 a 44,Javier Reyes,Distrito Nacional,Regular,M
2022,Higuey,1375,1375,30 a 44,Paola Gomez,La Altagracia,Regular,F
2022,La Romana,1376,1376,30 a 44,Pedro Castillo,La Romana,Regular,M
2022,Puerto Plata,1377,1377,30 a 44,Natalia Mendez,Puerto Plata,Regular,F
2022,San Cristobal,1378,1378,30 a 44,Andres Vargas,San Cristobal,Regular,M
2022,La Vega,1379,1379,30 a 44,Sofia Cruz,La Vega,Regular,F
2022,San Cristobal,1380,1380,30 a 44,Luis Sanchez,San Cristobal,Regular,M
2022,La Vega,1381,1381,30 a 44,Ana Ramirez,La Vega,Regular,No especificado
2022,Santiago,1382,1382,30 a 44,Jose Torres,Santiago,Regular,M
2022,Santo Domingo Este,1383,1383,30 a 44,Maria Diaz,Santo Domingo,Regular,F
2022,Santo Domingo,1384,1384,30 a 44,Javier Reyes,Distrito Nacional,Regular,M
2022,Higuey,1385,1385,30 a 44,Paola Gomez,La Altagracia,Regular,F
2022,La Romana,1386,1386,30 a 44,Pedro Castillo,La Romana,Regular,M
2022,Puerto Plata,1387,1387,30 a 44,Natalia Mendez,Puerto Plata,Regular,F
2022,San Cristobal,1388,1388,30 a 44,Andres Vargas,San Cristobal,Regular,M
2022,La Vega,1389,1389,30 a 44,Sofia Cruz,La Vega,Regular,F
2022,San Cristobal,1390,1390,30 a 44,Luis Sanchez,San Cristobal,Regular,M
2022,La Vega,1391,1391,30 a 44,Ana Ramirez,La Vega,Regular,F
2022,Santiago,1392,1392,30 a 44,Jose Torres,Santiago,Regular,M
2022,Santo Domingo Este,1393,1393,30 a 44,Maria Diaz,Santo Domingo,Regular,F
2022,Santo Domingo,1394,1394,30 a 44,Javier Reyes,Distrito Nacional,Regular,M
2022,Higuey,1395,1395,30 a 44,Paola Gomez,La Altagracia,Regular,F
2022,La Romana,1396,1396,30 a 44,Pedro Castillo,La Romana,Regular,No especificado
2022,Puerto Plata,1397,1397,30 a 44,Natalia Mendez,Puerto Plata,Regular,F
2022,San Cristobal,1398,1398,30 a 44,Andres Vargas,San Cristobal,Regular,M
2022,La Vega,1399,1399,30 a 44,Sofia Cruz,La Vega,Regular,F
2022,San Cristobal,1400,1400,45 a 59,Luis Sanchez,San Cristobal,Regular,M
2022,La Vega,1401,1401,45 a 59,Ana Ramirez,La Vega,Regular,F
2022,Santiago,1402,1402,45 a 59,Jose Torres,Santiago,Regular,M
2022,Santo Domingo Este,1403,1403,45 a 59,Maria Diaz,Santo Domingo,Regular,F
2022,Santo Domingo,1404,1404,45 a 59,Javier Reyes,Distrito Nacional,Regular,M
2022,Higuey,1405,1405,45 a 59,Paola Gomez,La Altagracia,Regular,F
2022,La Romana,1406,1406,45 a 59,Pedro Castillo,La Romana,Regular,M
2022,Puerto Plata,1407,1407,45 a 59,Natalia Mendez,Puerto Plata,Regular,F
2022,San Cristobal,1408,1408,45 a 59,Andres Vargas,San Cristobal,Regular,M
2022,La Vega,1409,1409,45 a 59,Sofia Cruz,La Vega,Regular,No especificado
2022,San Cristobal,1410,1410,45 a 59,Luis Sanchez,San Cristobal,Regular,M
2022,La Vega,1411,1411,45 a 59,Ana Ramirez,La Vega,Regular,F
2022,Santiago,1412,1412,45 a 59,Jose Torres,Santiago,Regular,No especificado
2022,Santo Domingo Este,1413,1413,45 a 59,Maria Diaz,Santo Domingo,Regular,F
2022,Santo Domingo,1414,1414,45 a 59,Javier Reyes,Distrito Nacional,Regular,M
2022,Higuey,1415,1415,45 a 59,Paola Gomez,La Altagracia,Regular,F
2022,La Romana,1416,1416,45 a 59,Pedro Castillo,La Romana,Regular,M
2022,Puerto Plata,1417,1417,45 a 59,Natalia Mendez,Puerto Plata,Regular,F
2022,San Cristobal,1418,1418,45 a 59,Andres Vargas,San Cristobal,Regular,M
2022,La Vega,1419,1419,45 a 59,Sofia Cruz,La Vega,Regular,F
2022,San Cristobal,1420,1420,45 a 59,Luis Sanchez,San Cristobal,Regular,M
2022,La Vega,1421,1421,45 a 59,Ana Ramirez,La Vega,Regular,No especificado
2022,Santiago,1422,1422,45 a 59,Jose Torres,Santiago,Regular,M
2022,Santo Domingo Este,1423,1423,45 a 59,Maria Diaz,Santo Domingo,Regular,F
2022,Santo Domingo,1424,1424,45 a 59,Javier Reyes,Distrito Nacional,Regular,M
2022,Higuey,1425,1425,30 a 44,Paola Gomez,La Altagracia,Regular,F
2022,La Romana,1426,1426,30 a 44,Pedro Castillo,La Romana,Regular,M
2022,Puerto Plata,1427,1427,30 a 44,Natalia Mendez,Puerto Plata,Regular,F
2022,San Cristobal,1428,1428,30 a 44,Andres Vargas,San Cristobal,Regular,M
2022,La Vega,1429,1429,30 a 44,Sofia Cruz,La Vega,Regular,F
2022,San Cristobal,1430,1430,30 a 44,Luis Sanchez,San Cristobal,Preferente,M
2022,La Vega,1431,1431,30 a 44,Ana Ramirez,La Vega,Preferente,F
2022,Santiago,1432,1432,30 a 44,Jose Torres,Santiago,Preferente,M
2022,Santo Domingo Este,1433,1433,30 a 44,Maria Diaz,Santo Domingo,Preferente,F
2022,Santo Domingo,1434,1434,30 a 44,Javier Reyes,Distrito Nacional,Preferente,M
2022,Higuey,1435,1435,30 a 44,Paola Gomez,La Altagracia,Preferente,F
2022,La Romana,1436,1436,30 a 44,Pedro Castillo,La Romana,Preferente,No especificado
2022,Puerto Plata,1437,1437,30 a 44,Natalia Mendez,Puerto Plata,Preferente,F
2022,San Cristobal,1438,1438,30 a 44,Andres Vargas,San Cristobal,Preferente,M
2022,La Vega,1439,1439,30 a 44,Sofia Cruz,La Vega,Preferente,F
2022,San Cristobal,1440,1440,45 a 59,Luis Sanchez,San Cristobal,Regular,M
2022,La Vega,1441,1441,45 a 59,Ana Ramirez,La Vega,Regular,F
2022,Santiago,1442,1442,45 a 59,Jose Torres,Santiago,Regular,M
2022,Santo Domingo Este,1443,1443,45 a 59,Maria Diaz,Santo Domingo,Regular,F
2022,Santo Domingo,1444,1444,45 a 59,Javier Reyes,Distrito Nacional,Regular,M
2022,Higuey,1445,1445,45 a 59,Paola Gomez,La Altagracia,Regular,F
2022,La Romana,1446,1446,45 a 59,Pedro Castillo,La Romana,Regular,No especificado
2022,Puerto Plata,1447,1447,45 a 59,Natalia Mendez,Puerto Plata,Regular,F
2022,San Cristobal,1448,1448,45 a 59,Andres Vargas,San Cristobal,Regular,M
2022,La Vega,1449,1449,45 a 59,Sofia Cruz,La Vega,Regular,F
2022,San Cristobal,1450,1450,45 a 59,Luis Sanchez,San Cristobal,Regular,M
2022,La Vega,1451,1451,45 a 59,Ana Ramirez,La Vega,Regular,F
2022,Santiago,1452,1452,45 a 59,Jose Torres,Santiago,Regular,M
2022,Santo Domingo Este,1453,1453,45 a 59,Maria Diaz,Santo Domingo,Regular,F
2022,Santo Domingo,1454,1454,45 a 59,Javier Reyes,Distrito Nacional,Regular,M
2022,Higuey,1455,1455,45 a 59,Paola Gomez,La Altagracia,Regular,No especificado
2022,La Romana,1456,1456,45 a 59,Pedro Castillo,La Romana,Regular,M
2022,Puerto Plata,1457,1457,45 a 59,Natalia Mendez,Puerto Plata,Regular,F
2022,San Cristobal,1458,1458,45 a 59,Andres Vargas,San Cristobal,Regular,M
2022,La Vega,1459,1459,45 a 59,Sofia Cruz,La Vega,Regular,F
2022,San Cristobal,1460,1460,45 a 59,Luis Sanchez,San Cristobal,Regular,M
2022,La Vega,1461,1461,45 a 59,Ana Ramirez,La Vega,Regular,F
2022,Santiago,1462,1462,45 a 59,Jose Torres,Santiago,Regular,M
2022,Santo Domingo Este,1463,1463,45 a 59,Maria Diaz,Santo Domingo,Preferente,F
2022,Santo Domingo,1464,1464,45 a 59,Javier Reyes,Distrito Nacional,Preferente,M
2022,Higuey,1465,1465,45 a 59,Paola Gomez,La Altagracia,Preferente,F
2022,La Romana,1466,1466,45 a 59,Pedro Castillo,La Romana,Preferente,M
2022,Puerto Plata,1467,1467,45 a 59,Natalia Mendez,Puerto Plata,Preferente,F
2022,San Cristobal,1468,1468,45 a 59,Andres Vargas,San Cristobal,Preferente,M
2022,La Vega,1469,1469,45 a 59,Sofia Cruz,La Vega,Preferente,No especificado
2022,San Cristobal,1470,1470,45 a 59,Luis Sanchez,San Cristobal,Preferente,M
2022,La Vega,1471,1471,45 a 59,Ana Ramirez,La Vega,Preferente,F
2022,Santiago,1472,1472,45 a 59,Jose Torres,Santiago,Preferente,No especificado
2022,Santo Domingo Este,1473,1473,45 a 59,Maria Diaz,Santo Domingo,Preferente,F
2022,Santo Domingo,1474,1474,45 a 59,Javier Reyes,Distrito Nacional,Preferente,M
2022,Higuey,1475,1475,45 a 59,Paola Gomez,La Altagracia,Preferente,F
2022,La Romana,1476,1476,45 a 59,Pedro Castillo,La Romana,Preferente,M
2022,Puerto Plata,1477,1477,45 a 59,Natalia Mendez,Puerto Plata,Preferente,F
2022,San Cristobal,1478,1478,45 a 59,Andres Vargas,San Cristobal,Preferente,M
2022,La Vega,1479,1479,45 a 59,Sofia Cruz,La Vega,Preferente,F
2022,San Cristobal,1480,1480,45 a 59,Luis Sanchez,San Cristobal,Corporativo,M
2022,La Vega,1481,1481,45 a 59,Ana Ramirez,La Vega,Corporativo,No especificado
2022,Santiago,1482,1482,45 a 59,Jose Torres,Santiago,Corporativo,M
2022,Santo Domingo Este,1483,1483,45 a 59,Maria Diaz,Santo Domingo,Corporativo,F
2022,Santo Domingo,1484,1484,45 a 59,Javier Reyes,Distrito Nacional,Corporativo,M
2022,Higuey,1485,1485,45 a 59,Paola Gomez,La Altagracia,Corporativo,F
2022,La Romana,1486,1486,45 a 59,Pedro Castillo,La Romana,Corporativo,M
2022,Puerto Plata,1487,1487,45 a 59,Natalia Mendez,Puerto Plata,Corporativo,F
2022,San Cristobal,1488,1488,45 a 59,Andres Vargas,San Cristobal,Corporativo,M
2022,La Vega,1489,1489,45 a 59,Sofia Cruz,La Vega,Regular,F
2022,San Cristobal,1490,1490,45 a 59,Luis Sanchez,San Cristobal,Regular,M
2022,La Vega,1491,1491,45 a 59,Ana Ramirez,La Vega,Regular,F
2022,Santiago,1492,1492,45 a 59,Jose Torres,Santiago,Regular,M
2022,Santo Domingo Este,1493,1493,45 a 59,Maria Diaz,Santo Domingo,Regular,F
2022,Santo Domingo,1494,1494,45 a 59,Javier Reyes,Distrito Nacional,Regular,M
2022,Higuey,1495,1495,45 a 59,Paola Gomez,La Altagracia,Regular,F
2022,La Romana,1496,1496,45 a 59,Pedro Castillo,La Romana,Regular,No especificado
2022,Puerto Plata,1497,1497,45 a 59,Natalia Mendez,Puerto Plata,Regular,F
2022,San Cristobal,1498,1498,45 a 59,Andres Vargas,San Cristobal,Regular,M
2022,La Vega,1499,1499,45 a 59,Sofia Cruz,La Vega,Regular,F
2021,San Cristobal,1500,1500,30 a 44,Luis Sanchez,San Cristobal,Preferente,M
2021,La Vega,1501,1501,30 a 44,Ana Ramirez,La Vega,Preferente,F
2021,Santiago,1502,1502,30 a 44,Jose Torres,Santiago,Preferente,No especificado
2021,Santo Domingo Este,1503,1503,30 a 44,Maria Diaz,Santo Domingo,Preferente,F
2021,Santo Domingo,1504,1504,30 a 44,Javier Reyes,Distrito Nacional,Preferente,M
2021,Higuey,1505,1505,30 a 44,Paola Gomez,La Altagracia,Preferente,F
2021,La Romana,1506,1506,30 a 44,Pedro Castillo,La Romana,Preferente,M
2021,Puerto Plata,1507,1507,30 a 44,Natalia Mendez,Puerto Plata,Preferente,F
2021,San Cristobal,1508,1508,30 a 44,Andres Vargas,San Cristobal,Preferente,M
2021,La Vega,1509,1509,30 a 44,Sofia Cruz,La Vega,Preferente,F
2021,San Cristobal,1510,1510,30 a 44,Luis Sanchez,San Cristobal,Corporativo,M
2021,La Vega,1511,1511,30 a 44,Ana Ramirez,La Vega,Corporativo,No especificado
2021,Santiago,1512,1512,30 a 44,Jose Torres,Santiago,Corporativo,M
2021,Santo Domingo Este,1513,1513,30 a 44,Maria Diaz,Santo Domingo,Corporativo,F
2021,Santo Domingo,1514,1514,30 a 44,Javier Reyes,Distrito Nacional,Corporativo,M
2021,Higuey,1515,1515,30 a 44,Paola Gomez,La Altagracia,Corporativo,F
2021,La Romana,1516,1516,30 a 44,Pedro Castillo,La Romana,Corporativo,M
2021,Puerto Plata,1517,1517,30 a 44,Natalia Mendez,Puerto Plata,Corporativo,F
2021,San Cristobal,1518,1518,30 a 44,Andres Vargas,San Cristobal,Corporativo,M
2021,La Vega,1519,1519,30 a 44,Sofia Cruz,La Vega,Regular,F
2021,San Cristobal,1520,1520,30 a 44,Luis Sanchez,San Cristobal,Regular,M
2021,La Vega,1521,1521,30 a 44,Ana Ramirez,La Vega,Regular,F
2021,Santiago,1522,1522,30 a 44,Jose Torres,Santiago,Regular,M
2021,Santo Domingo Este,1523,1523,30 a 44,Maria Diaz,Santo Domingo,Regular,F
2021,Santo Domingo,1524,1524,30 a 44,Javier Reyes,Distrito Nacional,Regular,M
2021,Higuey,1525,1525,30 a 44,Paola Gomez,La Altagracia,Regular,F
2021,La Romana,1526,1526,30 a 44,Pedro Castillo,La Romana,Regular,No especificado
2021,Puerto Plata,1527,1527,30 a 44,Natalia Mendez,Puerto Plata,Regular,F
2021,San Cristobal,1528,1528,30 a 44,Andres Vargas,San Cristobal,Regular,M
2021,La Vega,1529,1529,30 a 44,Sofia Cruz,La Vega,Regular,F
2021,San Cristobal,1530,1530,30 a 44,Luis Sanchez,San Cristobal,Regular,M
2021,La Vega,1531,1531,30 a 44,Ana Ramirez,La Vega,Regular,F
2021,Santiago,1532,1532,30 a 44,Jose Torres,Santiago,Regular,M
2021,Santo Domingo Este,1533,1533,30 a 44,Maria Diaz,Santo Domingo,Regular,F
2021,Santo Domingo,1534,1534,30 a 44,Javier Reyes,Distrito Nacional,Regular,M
2021,Higuey,1535,1535,30 a 44,Paola Gomez,La Altagracia,Regular,No especificado
2021,La Romana,1536,1536,30 a 44,Pedro Castillo,La Romana,Regular,M
2021,Puerto Plata,1537,1537,30 a 44,Natalia Mendez,Puerto Plata,Regular,F
2021,San Cristobal,1538,1538,30 a 44,Andres Vargas,San Cristobal,Regular,M
2021,La Vega,1539,1539,30 a 44,Sofia Cruz,La Vega,Regular,F
2022,San Cristobal,1540,1540,30 a 44,Luis Sanchez,San Cristobal,Preferente,M
2022,La Vega,1541,1541,30 a 44,Ana Ramirez,La Vega,Preferente,F
2022,Santiago,1542,1542,30 a 44,Jose Torres,Santiago,Preferente,M
2022,Santo Domingo Este,1543,1543,30 a 44,Maria Diaz,Santo Domingo,Preferente,F
2022,Santo Domingo,1544,1544,30 a 44,Javier Reyes,Distrito Nacional,Preferente,M
2022,Higuey,1545,1545,30 a 44,Paola Gomez,La Altagracia,Corporativo,No especificado
2022,La Romana,1546,1546,30 a 44,Pedro Castillo,La Romana,Corporativo,M
2022,Puerto Plata,1547,1547,30 a 44,Natalia Mendez,Puerto Plata,Corporativo,F
2022,San Cristobal,1548,1548,30 a 44,Andres Vargas,San Cristobal,Corporativo,M
2022,La Vega,1549,1549,30 a 44,Sofia Cruz,La Vega,Corporativo,F
2022,San Cristobal,1550,1550,30 a 44,Luis Sanchez,San Cristobal,Corporativo,M
2022,La Vega,1551,1551,30 a 44,Ana Ramirez,La Vega,Regular,F
2022,Santiago,1552,1552,30 a 44,Jose Torres,Santiago,Regular,M
2022,Santo Domingo Este,1553,1553,30 a 44,Maria Diaz,Santo Domingo,Regular,F
2022,Santo Domingo,1554,1554,30 a 44,Javier Reyes,Distrito Nacional,Regular,M
2022,Higuey,1555,1555,30 a 44,Paola Gomez,La Altagracia,Regular,F
2022,La Romana,1556,1556,30 a 44,Pedro Castillo,La Romana,Regular,M
2022,Puerto Plata,1557,1557,30 a 44,Natalia Mendez,Puerto Plata,Regular,F
2022,San Cristobal,1558,1558,30 a 44,Andres Vargas,San Cristobal,Regular,M
2022,La Vega,1559,1559,30 a 44,Sofia Cruz,La Vega,Regular,No especificado
2022,San Cristobal,1560,1560,30 a 44,Luis Sanchez,San Cristobal,Regular,M
2022,La Vega,1561,1561,30 a 44,Ana Ramirez,La Vega,Regular,F
2022,Santiago,1562,1562,30 a 44,Jose Torres,Santiago,Regular,No especificado
2022,Santo Domingo Este,1563,1563,30 a 44,Maria Diaz,Santo Domingo,Regular,F
2022,Santo Domingo,1564,1564,30 a 44,Javier Reyes,Distrito Nacional,Regular,M
2022,Higuey,1565,1565,30 a 44,Paola Gomez,La Altagracia,Regular,F
2022,La Romana,1566,1566,30 a 44,Pedro Castillo,La Romana,Regular,M
2022,Puerto Plata,1567,1567,30 a 44,Natalia Mendez,Puerto Plata,Regular,F
2022,San Cristobal,1568,1568,30 a 44,Andres Vargas,San Cristobal,Regular,M
2022,La Vega,1569,1569,30 a 44,Sofia Cruz,La Vega,Regular,F
2022,San Cristobal,1570,1570,30 a 44,Luis Sanchez,San Cristobal,Regular,M
2022,La Vega,1571,1571,30 a 44,Ana Ramirez,La Vega,Regular,No especificado
2022,Santiago,1572,1572,30 a 44,Jose Torres,Santiago,Regular,M
2022,Santo Domingo Este,1573,1573,30 a 44,Maria Diaz,Santo Domingo,Regular,F
2022,Santo Domingo,1574,1574,30 a 44,Javier Reyes,Distrito Nacional,Regular,M
2022,Higuey,1575,1575,30 a 44,Paola Gomez,La Altagracia,Regular,F
2022,La Romana,1576,1576,30 a 44,Pedro Castillo,La Romana,Regular,M
2022,Puerto Plata,1577,1577,30 a 44,Natalia Mendez,Puerto Plata,Regular,F
2022,San Cristobal,1578,1578,30 a 44,Andres Vargas,San Cristobal,Regular,M
2022,La Vega,1579,1579,30 a 44,Sofia Cruz,La Vega,Regular,F
2022,San Cristobal,1580,1580,30 a 44,Luis Sanchez,San Cristobal,Regular,M
2022,La Vega,1581,1581,30 a 44,Ana Ramirez,La Vega,Regular,F
2022,Santiago,1582,1582,30 a 44,Jose Torres,Santiago,Regular,M
2022,Santo Domingo Este,1583,1583,30 a 44,Maria Diaz,Santo Domingo,Regular,F
2022,Santo Domingo,1584,1584,30 a 44,Javier Reyes,Distrito Nacional,Regular,M
2022,Higuey,1585,1585,30 a 44,Paola Gomez,La Altagracia,Regular,F
2022,La Romana,1586,1586,30 a 44,Pedro Castillo,La Romana,Regular,No especificado
2022,Puerto Plata,1587,1587,30 a 44,Natalia Mendez,Puerto Plata,Regular,F
2022,San Cristobal,1588,1588,30 a 44,Andres Vargas,San Cristobal,Regular,M
2022,La Vega,1589,1589,30 a 44,Sofia Cruz,La Vega,Regular,F
2022,San Cristobal,1590,1590,30 a 44,Luis Sanchez,San Cristobal,Preferente,M
2022,La Vega,1591,1591,30 a 44,Ana Ramirez,La Vega,Preferente,F
2022,Santiago,1592,1592,30 a 44,Jose Torres,Santiago,Preferente,M
2022,Santo Domingo Este,1593,1593,30 a 44,Maria Diaz,Santo Domingo,Preferente,F
2022,Santo Domingo,1594,1594,30 a 44,Javier Reyes,Distrito Nacional,Preferente,M
2022,Higuey,1595,1595,30 a 44,Paola Gomez,La Altagracia,Preferente,No especificado
2022,La Romana,1596,1596,30 a 44,Pedro Castillo,La Romana,Preferente,M
2022,Puerto Plata,1597,1597,30 a 44,Natalia Mendez,Puerto Plata,Preferente,F
2022,San Cristobal,1598,1598,30 a 44,Andres Vargas,San Cristobal,Preferente,M
2022,La Vega,1599,1599,30 a 44,Sofia Cruz,La Vega,Preferente,F
2021,San Cristobal,1600,1600,30 a 44,Luis Sanchez,San Cristobal,Regular,M
2021,La Vega,1601,1601,30 a 44,Ana Ramirez,La Vega,Regular,No especificado
2021,Santiago,1602,1602,30 a 44,Jose Torres,Santiago,Regular,M
2021,Santo Domingo Este,1603,1603,30 a 44,Maria Diaz,Santo Domingo,Regular,F
2021,Santo Domingo,1604,1604,30 a 44,Javier Reyes,Distrito Nacional,Regular,M
2021,Higuey,1605,1605,30 a 44,Paola Gomez,La Altagracia,Regular,F
2021,La Romana,1606,1606,30 a 44,Pedro Castillo,La Romana,Regular,M
2021,Puerto Plata,1607,1607,30 a 44,Natalia Mendez,Puerto Plata,Regular,F
2021,San Cristobal,1608,1608,30 a 44,Andres Vargas,San Cristobal,Regular,M
2021,La Vega,1609,1609,30 a 44,Sofia Cruz,La Vega,Regular,F
2022,San Cristobal,1610,1610,30 a 44,Luis Sanchez,San Cristobal,Regular,M
2022,La Vega,1611,1611,30 a 44,Ana Ramirez,La Vega,Regular,F
2022,Santiago,1612,1612,30 a 44,Jose Torres,Santiago,Regular,M
2022,Santo Domingo Este,1613,1613,30 a 44,Maria Diaz,Santo Domingo,Regular,F
2022,Santo Domingo,1614,1614,30 a 44,Javier Reyes,Distrito Nacional,Regular,M
2022,Higuey,1615,1615,30 a 44,Paola Gomez,La Altagracia,Regular,F
2022,La Romana,1616,1616,30 a 44,Pedro Castillo,La Romana,Regular,No especificado
2022,Puerto Plata,1617,1617,30 a 44,Natalia Mendez,Puerto Plata,Regular,F
2022,San Cristobal,1618,1618,30 a 44,Andres Vargas,San Cristobal,Regular,M
2022,La Vega,1619,1619,30 a 44,Sofia Cruz,La Vega,Regular,F
2022,San Cristobal,1620,1620,30 a 44,Luis Sanchez,San Cristobal,Preferente,M
2022,La Vega,1621,1621,30 a 44,Ana Ramirez,La Vega,Preferente,F
2022,Santiago,1622,1622,30 a 44,Jose Torres,Santiago,Preferente,M
2022,Santo Domingo Este,1623,1623,30 a 44,Maria Diaz,Santo Domingo,Preferente,F
2022,Santo Domingo,1624,1624,30 a 44,Javier Reyes,Distrito Nacional,Preferente,M
2022,Higuey,1625,1625,30 a 44,Paola Gomez,La Altagracia,Preferente,No especificado
2022,La Romana,1626,1626,30 a 44,Pedro Castillo,La Romana,Preferente,M
2022,Puerto Plata,1627,1627,30 a 44,Natalia Mendez,Puerto Plata,Preferente,F
2022,San Cristobal,1628,1628,30 a 44,Andres Vargas,San Cristobal,Preferente,M
2022,La Vega,1629,1629,30 a 44,Sofia Cruz,La Vega,Preferente,F
2022,San Cristobal,1630,1630,30 a 44,Luis Sanchez,San Cristobal,Preferente,M
2022,La Vega,1631,1631,30 a 44,Ana Ramirez,La Vega,Preferente,F
2022,Santiago,1632,1632,30 a 44,Jose Torres,Santiago,Preferente,M
2022,Santo Domingo Este,1633,1633,30 a 44,Maria Diaz,Santo Domingo,Preferente,F
2022,Santo Domingo,1634,1634,30 a 44,Javier Reyes,Distrito Nacional,Preferente,M
2022,Higuey,1635,1635,30 a 44,Paola Gomez,La Altagracia,Preferente,F
2022,La Romana,1636,1636,30 a 44,Pedro Castillo,La Romana,Preferente,M
2022,Puerto Plata,1637,1637,30 a 44,Natalia Mendez,Puerto Plata,Preferente,F
2022,San Cristobal,1638,1638,30 a 44,Andres Vargas,San Cristobal,Preferente,M
2022,La Vega,1639,1639,30 a 44,Sofia Cruz,La Vega,Corporativo,No especificado
2021,San Cristobal,1640,1640,30 a 44,Luis Sanchez,San Cristobal,Regular,M
2021,La Vega,1641,1641,30 a 44,Ana Ramirez,La Vega,Regular,F
2021,Santiago,1642,1642,30 a 44,Jose Torres,Santiago,Regular,M
2021,Santo Domingo Este,1643,1643,30 a 44,Maria Diaz,Santo Domingo,Regular,F
2021,Santo Domingo,1644,1644,30 a 44,Javier Reyes,Distrito Nacional,Regular,M
2021,Higuey,1645,1645,30 a 44,Paola Gomez,La Altagracia,Regular,F
2021,La Romana,1646,1646,30 a 44,Pedro Castillo,La Romana,Regular,M
2021,Puerto Plata,1647,1647,30 a 44,Natalia Mendez,Puerto Plata,Regular,F
2021,San Cristobal,1648,1648,30 a 44,Andres Vargas,San Cristobal,Regular,M
2021,La Vega,1649,1649,30 a 44,Sofia Cruz,La Vega,Regular,No especificado
2021,San Cristobal,1650,1650,30 a 44,Luis Sanchez,San Cristobal,Regular,M
2021,La Vega,1651,1651,30 a 44,Ana Ramirez,La Vega,Regular,F
2021,Santiago,1652,1652,30 a 44,Jose Torres,Santiago,Regular,No especificado
2021,Santo Domingo Este,1653,1653,30 a 44,Maria Diaz,Santo Domingo,Regular,F
2021,Santo Domingo,1654,1654,30 a 44,Javier Reyes,Distrito Nacional,Regular,M
2021,Higuey,1655,1655,30 a 44,Paola Gomez,La Altagracia,Regular,F
2021,La Romana,1656,1656,30 a 44,Pedro Castillo,La Romana,Regular,M
2021,Puerto Plata,1657,1657,30 a 44,Natalia Mendez,Puerto Plata,Preferente,F
2021,San Cristobal,1658,1658,30 a 44,Andres Vargas,San Cristobal,Preferente,M
2021,La Vega,1659,1659,30 a 44,Sofia Cruz,La Vega,Preferente,F
2021,San Cristobal,1660,1660,30 a 44,Luis Sanchez,San Cristobal,Preferente,M
2021,La Vega,1661,1661,30 a 44,Ana Ramirez,La Vega,Preferente,No especificado
2021,Santiago,1662,1662,30 a 44,Jose Torres,Santiago,Preferente,M
2021,Santo Domingo Este,1663,1663,30 a 44,Maria Diaz,Santo Domingo,Preferente,F
2021,Santo Domingo,1664,1664,30 a 44,Javier Reyes,Distrito Nacional,Preferente,M
2021,Higuey,1665,1665,30 a 44,Paola Gomez,La Altagracia,Preferente,F
2021,La Romana,1666,1666,30 a 44,Pedro Castillo,La Romana,Preferente,M
2021,Puerto Plata,1667,1667,30 a 44,Natalia Mendez,Puerto Plata,Preferente,F
2021,San Cristobal,1668,1668,30 a 44,Andres Vargas,San Cristobal,Preferente,M
2021,La Vega,1669,1669,30 a 44,Sofia Cruz,La Vega,Preferente,F
2021,San Cristobal,1670,1670,30 a 44,Luis Sanchez,San Cristobal,Preferente,M
2021,La Vega,1671,1671,30 a 44,Ana Ramirez,La Vega,Corporativo,F
2021,Santiago,1672,1672,30 a 44,Jose Torres,Santiago,Corporativo,M
2021,Santo Domingo Este,1673,1673,30 a 44,Maria Diaz,Santo Domingo,Corporativo,F
2021,Santo Domingo,1674,1674,30 a 44,Javier Reyes,Distrito Nacional,Corporativo,M
2021,Higuey,1675,1675,30 a 44,Paola Gomez,La Altagracia,Corporativo,F
2021,La Romana,1676,1676,30 a 44,Pedro Castillo,La Romana,Corporativo,No especificado
2021,Puerto Plata,1677,1677,30 a 44,Natalia Mendez,Puerto Plata,Corporativo,F
2021,San Cristobal,1678,1678,30 a 44,Andres Vargas,San Cristobal,Corporativo,M
2021,La Vega,1679,1679,30 a 44,Sofia Cruz,La Vega,Corporativo,F
2021,San Cristobal,1680,1680,30 a 44,Luis Sanchez,San Cristobal,Regular,M
2021,La Vega,1681,1681,30 a 44,Ana Ramirez,La Vega,Regular,F
2021,Santiago,1682,1682,30 a 44,Jose Torres,Santiago,Regular,M
2021,Santo Domingo Este,1683,1683,30 a 44,Maria Diaz,Santo Domingo,Regular,F
2021,Santo Domingo,1684,1684,30 a 44,Javier Reyes,Distrito Nacional,Regular,M
2021,Higuey,1685,1685,30 a 44,Paola Gomez,La Altagracia,Regular,No especificado
2021,La Romana,1686,1686,30 a 44,Pedro Castillo,La Romana,Regular,M
2021,Puerto Plata,1687,1687,30 a 44,Natalia Mendez,Puerto Plata,Regular,F
2021,San Cristobal,1688,1688,30 a 44,Andres Vargas,San Cristobal,Regular,M
2021,La Vega,1689,1689,30 a 44,Sofia Cruz,La Vega,Regular,F
2021,San Cristobal,1690,1690,30 a 44,Luis Sanchez,San Cristobal,Regular,M
2021,La Vega,1691,1691,30 a 44,Ana Ramirez,La Vega,Regular,F
2021,Santiago,1692,1692,30 a 44,Jose Torres,Santiago,Regular,M
2021,Santo Domingo Este,1693,1693,30 a 44,Maria Diaz,Santo Domingo,Regular,F
2021,Santo Domingo,1694,1694,30 a 44,Javier Reyes,Distrito Nacional,Regular,M
2021,Higuey,1695,1695,30 a 44,Paola Gomez,La Altagracia,Regular,F
2021,La Romana,1696,1696,30 a 44,Pedro Castillo,La Romana,Regular,M
2021,Puerto Plata,1697,1697,30 a 44,Natalia Mendez,Puerto Plata,Regular,F
2021,San Cristobal,1698,1698,30 a 44,Andres Vargas,San Cristobal,Regular,M
2021,La Vega,1699,1699,30 a 44,Sofia Cruz,La Vega,Regular,No especificado
2022,San Cristobal,1700,1700,30 a 44,Luis Sanchez,San Cristobal,Preferente,M
2022,La Vega,1701,1701,30 a 44,Ana Ramirez,La Vega,Corporativo,F
2022,Santiago,1702,1702,30 a 44,Jose Torres,Santiago,Corporativo,M
2022,Santo Domingo Este,1703,1703,30 a 44,Maria Diaz,Santo Domingo,Corporativo,F
2022,Santo Domingo,1704,1704,30 a 44,Javier Reyes,Distrito Nacional,Corporativo,M
2022,Higuey,1705,1705,30 a 44,Paola Gomez,La Altagracia,Corporativo,F
2022,La Romana,1706,1706,30 a 44,Pedro Castillo,La Romana,Corporativo,No especificado
2022,Puerto Plata,1707,1707,30 a 44,Natalia Mendez,Puerto Plata,Corporativo,F
2022,San Cristobal,1708,1708,30 a 44,Andres Vargas,San Cristobal,Corporativo,M
2022,La Vega,1709,1709,30 a 44,Sofia Cruz,La Vega,Corporativo,F
2022,San Cristobal,1710,1710,30 a 44,Luis Sanchez,San Cristobal,Regular,M
2022,La Vega,1711,1711,30 a 44,Ana Ramirez,La Vega,Regular,F
2022,Santiago,1712,1712,30 a 44,Jose Torres,Santiago,Regular,M
2022,Santo Domingo Este,1713,1713,30 a 44,Maria Diaz,Santo Domingo,Regular,F
2022,Santo Domingo,1714,1714,30 a 44,Javier Reyes,Distrito Nacional,Regular,M
2022,Higuey,1715,1715,30 a 44,Paola Gomez,La Altagracia,Regular,No especificado
2022,La Romana,1716,1716,30 a 44,Pedro Castillo,La Romana,Regular,M
2022,Puerto Plata,1717,1717,30 a 44,Natalia Mendez,Puerto Plata,Regular,F
2022,San Cristobal,1718,1718,30 a 44,Andres Vargas,San Cristobal,Regular,M
2022,La Vega,1719,1719,30 a 44,Sofia Cruz,La Vega,Regular,F
2022,San Cristobal,1720,1720,30 a 44,Luis Sanchez,San Cristobal,Regular,M
2022,La Vega,1721,1721,30 a 44,Ana Ramirez,La Vega,Regular,F
2022,Santiago,1722,1722,30 a 44,Jose Torres,Santiago,Regular,M
2022,Santo Domingo Este,1723,1723,30 a 44,Maria Diaz,Santo Domingo,Regular,F
2022,Santo Domingo,1724,1724,30 a 44,Javier Reyes,Distrito Nacional,Regular,M
2022,Higuey,1725,1725,30 a 44,Paola Gomez,La Altagracia,Regular,F
2022,La Romana,1726,1726,30 a 44,Pedro Castillo,La Romana,Regular,M
2022,Puerto Plata,1727,1727,30 a 44,Natalia Mendez,Puerto Plata,Regular,F
2022,San Cristobal,1728,1728,30 a 44,Andres Vargas,San Cristobal,Regular,M
2022,La Vega,1729,1729,30 a 44,Sofia Cruz,La Vega,Regular,No especificado
2022,San Cristobal,1730,1730,30 a 44,Luis Sanchez,San Cristobal,Regular,M
2022,La Vega,1731,1731,30 a 44,Ana Ramirez,La Vega,Regular,F
2022,Santiago,1732,1732,30 a 44,Jose Torres,Santiago,Regular,No especificado
2022,Santo Domingo Este,1733,1733,30 a 44,Maria Diaz,Santo Domingo,Regular,F
2022,Santo Domingo,1734,1734,30 a 44,Javier Reyes,Distrito Nacional,Regular,M
2022,Higuey,1735,1735,30 a 44,Paola Gomez,La Altagracia,Regular,F
2022,La Romana,1736,1736,30 a 44,Pedro Castillo,La Romana,Regular,M
2022,Puerto Plata,1737,1737,30 a 44,Natalia Mendez,Puerto Plata,Regular,F
2022,San Cristobal,1738,1738,30 a 44,Andres Vargas,San Cristobal,Regular,M
2022,La Vega,1739,1739,30 a 44,Sofia Cruz,La Vega,Regular,F
2022,San Cristobal,1740,1740,30 a 44,Luis Sanchez,San Cristobal,Corporativo,M
2022,La Vega,1741,1741,30 a 44,Ana Ramirez,La Vega,Corporativo,F
2022,Santiago,1742,1742,30 a 44,Jose Torres,Santiago,Corporativo,No especificado
2022,Santo Domingo Este,1743,1743,30 a 44,Maria Diaz,Santo Domingo,Corporativo,F
2022,Santo Domingo,1744,1744,30 a 44,Javier Reyes,Distrito Nacional,Corporativo,M
2022,Higuey,1745,1745,30 a 44,Paola Gomez,La Altagracia,Regular,F
2022,La Romana,1746,1746,30 a 44,Pedro Castillo,La Romana,Regular,M
2022,Puerto Plata,1747,1747,30 a 44,Natalia Mendez,Puerto Plata,Regular,F
2022,San Cristobal,1748,1748,30 a 44,Andres Vargas,San Cristobal,Regular,M
2022,La Vega,1749,1749,30 a 44,Sofia Cruz,La Vega,Regular,F
2022,San Cristobal,1750,1750,30 a 44,Luis Sanchez,San Cristobal,Regular,M
2022,La Vega,1751,1751,30 a 44,Ana Ramirez,La Vega,Regular,No especificado
2022,Santiago,1752,1752,30 a 44,Jose Torres,Santiago,Regular,M
2022,Santo Domingo Este,1753,1753,30 a 44,Maria Diaz,Santo Domingo,Regular,F
2022,Santo Domingo,1754,1754,30 a 44,Javier Reyes,Distrito Nacional,Regular,M
2022,Higuey,1755,1755,30 a 44,Paola Gomez,La Altagracia,Regular,F
2022,La Romana,1756,1756,30 a 44,Pedro Castillo,La Romana,Regular,M
2022,Puerto Plata,1757,1757,30 a 44,Natalia Mendez,Puerto Plata,Regular,F
2022,San Cristobal,1758,1758,30 a 44,Andres Vargas,San Cristobal,Regular,M
2022,La Vega,1759,1759,30 a 44,Sofia Cruz,La Vega,Regular,F
2022,San Cristobal,1760,1760,30 a 44,Luis Sanchez,San Cristobal,Regular,M
2022,La Vega,1761,1761,30 a 44,Ana Ramirez,La Vega,Regular,F
2022,Santiago,1762,1762,30 a 44,Jose Torres,Santiago,Regular,M
2022,Santo Domingo Este,1763,1763,30 a 44,Maria Diaz,Santo Domingo,Regular,F
2022,Santo Domingo,1764,1764,30 a 44,Javier Reyes,Distrito Nacional,Regular,M
2022,Higuey,1765,1765,30 a 44,Paola Gomez,La Altagracia,Regular,F
2022,La Romana,1766,1766,30 a 44,Pedro Castillo,La Romana,Regular,No especificado
2022,Puerto Plata,1767,1767,30 a 44,Natalia Mendez,Puerto Plata,Regular,F
2022,San Cristobal,1768,1768,30 a 44,Andres Vargas,San Cristobal,Regular,M
2022,La Vega,1769,1769,30 a 44,Sofia Cruz,La Vega,Regular,F
2022,San Cristobal,1770,1770,30 a 44,Luis Sanchez,San Cristobal,Regular,M
2022,La Vega,1771,1771,30 a 44,Ana Ramirez,La Vega,Regular,F
2022,Santiago,1772,1772,30 a 44,Jose Torres,Santiago,Regular,M
2022,Santo Domingo Este,1773,1773,30 a 44,Maria Diaz,Santo Domingo,Regular,F
2022,Santo Domingo,1774,1774,30 a 44,Javier Reyes,Distrito Nacional,Regular,M
2022,Higuey,1775,1775,30 a 44,Paola Gomez,La Altagracia,Regular,No especificado
2022,La Romana,1776,1776,30 a 44,Pedro Castillo,La Romana,Regular,M
2022,Puerto Plata,1777,1777,30 a 44,Natalia Mendez,Puerto Plata,Regular,F
2022,San Cristobal,1778,1778,30 a 44,Andres Vargas,San Cristobal,Regular,M
2022,La Vega,1779,1779,30 a 44,Sofia Cruz,La Vega,Regular,F
2022,San Cristobal,1780,1780,30 a 44,Luis Sanchez,San Cristobal,Regular,M
2022,La Vega,1781,1781,30 a 44,Ana Ramirez,La Vega,Regular,F
2022,Santiago,1782,1782,30 a 44,Jose Torres,Santiago,Regular,M
2022,Santo Domingo Este,1783,1783,30 a 44,Maria Diaz,Santo Domingo,Preferente,F
2022,Santo Domingo,1784,1784,30 a 44,Javier Reyes,Distrito Nacional,Preferente,M
2022,Higuey,1785,1785,30 a 44,Paola Gomez,La Altagracia,Preferente,F
2022,La Romana,1786,1786,30 a 44,Pedro Castillo,La Romana,Preferente,M
2022,Puerto Plata,1787,1787,30 a 44,Natalia Mendez,Puerto Plata,Preferente,F
2022,San Cristobal,1788,1788,30 a 44,Andres Vargas,San Cristobal,Preferente,M
2022,La Vega,1789,1789,30 a 44,Sofia Cruz,La Vega,Preferente,No especificado
2022,San Cristobal,1790,1790,30 a 44,Luis Sanchez,San Cristobal,Preferente,M
2022,La Vega,1791,1791,30 a 44,Ana Ramirez,La Vega,Preferente,F
2022,Santiago,1792,1792,30 a 44,Jose Torres,Santiago,Preferente,No especificado
2022,Santo Domingo Este,1793,1793,30 a 44,Maria Diaz,Santo Domingo,Preferente,F
2022,Santo Domingo,1794,1794,30 a 44,Javier Reyes,Distrito Nacional,Preferente,M
2022,Higuey,1795,1795,30 a 44,Paola Gomez,La Altagracia,Preferente,F
2022,La Romana,1796,1796,30 a 44,Pedro Castillo,La Romana,Preferente,M
2022,Puerto Plata,1797,1797,30 a 44,Natalia Mendez,Puerto Plata,Preferente,F
2022,San Cristobal,1798,1798,30 a 44,Andres Vargas,San Cristobal,Preferente,M
2022,La Vega,1799,1799,30 a 44,Sofia Cruz,La Vega,Preferente,F
2021,San Cristobal,1800,1800,30 a 44,Luis Sanchez,San Cristobal,Regular,M
2021,La Vega,1801,1801,30 a 44,Ana Ramirez,La Vega,Regular,F
2021,Santiago,1802,1802,30 a 44,Jose Torres,Santiago,Regular,M
2021,Santo Domingo Este,1803,1803,30 a 44,Maria Diaz,Santo Domingo,Regular,F
2021,Santo Domingo,1804,1804,30 a 44,Javier Reyes,Distrito Nacional,Regular,M
2021,Higuey,1805,1805,30 a 44,Paola Gomez,La Altagracia,Regular,No especificado
2021,La Romana,1806,1806,30 a 44,Pedro Castillo,La Romana,Regular,M
2021,Puerto Plata,1807,1807,30 a 44,Natalia Mendez,Puerto Plata,Regular,F
2021,San Cristobal,1808,1808,30 a 44,Andres Vargas,San Cristobal,Regular,M
2021,La Vega,1809,1809,30 a 44,Sofia Cruz,La Vega,Regular,F
2021,San Cristobal,1810,1810,30 a 44,Luis Sanchez,San Cristobal,Regular,M
2021,La Vega,1811,1811,30 a 44,Ana Ramirez,La Vega,Regular,F
2021,Santiago,1812,1812,30 a 44,Jose Torres,Santiago,Regular,M
2021,Santo Domingo Este,1813,1813,30 a 44,Maria Diaz,Santo Domingo,Preferente,F
2021,Santo Domingo,1814,1814,30 a 44,Javier Reyes,Distrito Nacional,Preferente,M
2021,Higuey,1815,1815,30 a 44,Paola Gomez,La Altagracia,Preferente,F
2021,La Romana,1816,1816,30 a 44,Pedro Castillo,La Romana,Preferente,M
2021,Puerto Plata,1817,1817,30 a 44,Natalia Mendez,Puerto Plata,Preferente,F
2021,San Cristobal,1818,1818,30 a 44,Andres Vargas,San Cristobal,Preferente,M
2021,La Vega,1819,1819,30 a 44,Sofia Cruz,La Vega,Preferente,No especificado
2021,San Cristobal,1820,1820,30 a 44,Luis Sanchez,San Cristobal,Preferente,M
2021,La Vega,1821,1821,30 a 44,Ana Ramirez,La Vega,Preferente,F
2021,Santiago,1822,1822,30 a 44,Jose Torres,Santiago,Preferente,No especificado
2021,Santo Domingo Este,1823,1823,30 a 44,Maria Diaz,Santo Domingo,Preferente,F
2021,Santo Domingo,1824,1824,30 a 44,Javier Reyes,Distrito Nacional,Preferente,M
2021,Higuey,1825,1825,30 a 44,Paola Gomez,La Altagracia,Preferente,F
2021,La Romana,1826,1826,30 a 44,Pedro Castillo,La Romana,Preferente,M
2021,Puerto Plata,1827,1827,30 a 44,Natalia Mendez,Puerto Plata,Preferente,F
2021,San Cristobal,1828,1828,30 a 44,Andres Vargas,San Cristobal,Preferente,M
2021,La Vega,1829,1829,30 a 44,Sofia Cruz,La Vega,Preferente,F
2021,San Cristobal,1830,1830,30 a 44,Luis Sanchez,San Cristobal,Corporativo,M
2021,La Vega,1831,1831,30 a 44,Ana Ramirez,La Vega,Corporativo,No especificado
2021,Santiago,1832,1832,30 a 44,Jose Torres,Santiago,Corporativo,M
2021,Santo Domingo Este,1833,1833,30 a 44,Maria Diaz,Santo Domingo,Corporativo,F
2021,Santo Domingo,1834,1834,30 a 44,Javier Reyes,Distrito Nacional,Corporativo,M
2021,Higuey,1835,1835,30 a 44,Paola Gomez,La Altagracia,Corporativo,F
2021,La Romana,1836,1836,30 a 44,Pedro Castillo,La Romana,Corporativo,M
2021,Puerto Plata,1837,1837,30 a 44,Natalia Mendez,Puerto Plata,Corporativo,F
2021,San Cristobal,1838,1838,30 a 44,Andres Vargas,San Cristobal,Corporativo,M
2021,La Vega,1839,1839,30 a 44,Sofia Cruz,La Vega,Regular,F
2022,San Cristobal,1840,1840,30 a 44,Luis Sanchez,San Cristobal,Regular,M
2022,La Vega,1841,1841,30 a 44,Ana Ramirez,La Vega,Regular,No especificado
2022,Santiago,1842,1842,30 a 44,Jose Torres,Santiago,Regular,M
2022,Santo Domingo Este,1843,1843,30 a 44,Maria Diaz,Santo Domingo,Regular,F
2022,Santo Domingo,1844,1844,30 a 44,Javier Reyes,Distrito Nacional,Regular,M
2022,Higuey,1845,1845,30 a 44,Paola Gomez,La Altagracia,Regular,F
2022,La Romana,1846,1846,30 a 44,Pedro Castillo,La Romana,Regular,M
2022,Puerto Plata,1847,1847,30 a 44,Natalia Mendez,Puerto Plata,Regular,F
2022,San Cristobal,1848,1848,30 a 44,Andres Vargas,San Cristobal,Regular,M
2022,La Vega,1849,1849,30 a 44,Sofia Cruz,La Vega,Regular,F
2022,San Cristobal,1850,1850,30 a 44,Luis Sanchez,San Cristobal,Preferente,M
2022,La Vega,1851,1851,30 a 44,Ana Ramirez,La Vega,Preferente,F
2022,Santiago,1852,1852,30 a 44,Jose Torres,Santiago,Preferente,M
2022,Santo Domingo Este,1853,1853,30 a 44,Maria Diaz,Santo Domingo,Preferente,F
2022,Santo Domingo,1854,1854,30 a 44,Javier Reyes,Distrito Nacional,Preferente,M
2022,Higuey,1855,1855,30 a 44,Paola Gomez,La Altagracia,Preferente,F
2022,La Romana,1856,1856,30 a 44,Pedro Castillo,La Romana,Preferente,No especificado
2022,Puerto Plata,1857,1857,30 a 44,Natalia Mendez,Puerto Plata,Preferente,F
2022,San Cristobal,1858,1858,30 a 44,Andres Vargas,San Cristobal,Preferente,M
2022,La Vega,1859,1859,30 a 44,Sofia Cruz,La Vega,Preferente,F
2022,San Cristobal,1860,1860,30 a 44,Luis Sanchez,San Cristobal,Preferente,M
2022,La Vega,1861,1861,30 a 44,Ana Ramirez,La Vega,Preferente,F
2022,Santiago,1862,1862,30 a 44,Jose Torres,Santiago,Preferente,M
2022,Santo Domingo Este,1863,1863,30 a 44,Maria Diaz,Santo Domingo,Preferente,F
2022,Santo Domingo,1864,1864,30 a 44,Javier Reyes,Distrito Nacional,Preferente,M
2022,Higuey,1865,1865,30 a 44,Paola Gomez,La Altagracia,Corporativo,No especificado
2022,La Romana,1866,1866,30 a 44,Pedro Castillo,La Romana,Corporativo,M
2022,Puerto Plata,1867,1867,30 a 44,Natalia Mendez,Puerto Plata,Corporativo,F
2022,San Cristobal,1868,1868,30 a 44,Andres Vargas,San Cristobal,Corporativo,M
2022,La Vega,1869,1869,30 a 44,Sofia Cruz,La Vega,Corporativo,F
2022,San Cristobal,1870,1870,30 a 44,Luis Sanchez,San Cristobal,Corporativo,M
2022,La Vega,1871,1871,30 a 44,Ana Ramirez,La Vega,Regular,F
2022,Santiago,1872,1872,30 a 44,Jose Torres,Santiago,Regular,M
2022,Santo Domingo Este,1873,1873,30 a 44,Maria Diaz,Santo Domingo,Regular,F
2022,Santo Domingo,1874,1874,30 a 44,Javier Reyes,Distrito Nacional,Regular,M
2022,Higuey,1875,1875,30 a 44,Paola Gomez,La Altagracia,Regular,F
2022,La Romana,1876,1876,30 a 44,Pedro Castillo,La Romana,Regular,M
2022,Puerto Plata,1877,1877,30 a 44,Natalia Mendez,Puerto Plata,Regular,F
2022,San Cristobal,1878,1878,30 a 44,Andres Vargas,San Cristobal,Regular,M
2022,La Vega,1879,1879,30 a 44,Sofia Cruz,La Vega,Regular,No especificado
2021,San Cristobal,1880,1880,30 a 44,Luis Sanchez,San Cristobal,Regular,M
2021,La Vega,1881,1881,30 a 44,Ana Ramirez,La Vega,Regular,F
2021,Santiago,1882,1882,30 a 44,Jose Torres,Santiago,Regular,No especificado
2021,Santo Domingo Este,1883,1883,30 a 44,Maria Diaz,Santo Domingo,Regular,F
2021,Santo Domingo,1884,1884,30 a 44,Javier Reyes,Distrito Nacional,Regular,M
2021,Higuey,1885,1885,30 a 44,Paola Gomez,La Altagracia,Regular,F
2021,La Romana,1886,1886,30 a 44,Pedro Castillo,La Romana,Regular,M
2021,Puerto Plata,1887,1887,30 a 44,Natalia Mendez,Puerto Plata,Regular,F
2021,San Cristobal,1888,1888,30 a 44,Andres Vargas,San Cristobal,Regular,M
2021,La Vega,1889,1889,30 a 44,Sofia Cruz,La Vega,Regular,F
2021,San Cristobal,1890,1890,30 a 44,Luis Sanchez,San Cristobal,Regular,M
2021,La Vega,1891,1891,30 a 44,Ana Ramirez,La Vega,Regular,No especificado
2021,Santiago,1892,1892,30 a 44,Jose Torres,Santiago,Regular,M
2021,Santo Domingo Este,1893,1893,30 a 44,Maria Diaz,Santo Domingo,Regular,F
2021,Santo Domingo,1894,1894,30 a 44,Javier Reyes,Distrito Nacional,Regular,M
2021,Higuey,1895,1895,30 a 44,Paola Gomez,La Altagracia,Regular,F
2021,La Romana,1896,1896,30 a 44,Pedro Castillo,La Romana,Regular,M
2021,Puerto Plata,1897,1897,30 a 44,Natalia Mendez,Puerto Plata,Regular,F
2021,San Cristobal,1898,1898,30 a 44,Andres Vargas,San Cristobal,Regular,M
2021,La Vega,1899,1899,30 a 44,Sofia Cruz,La Vega,Regular,F
2022,San Cristobal,1900,1900,30 a 44,Luis Sanchez,San Cristobal,Corporativo,M
2022,La Vega,1901,1901,30 a 44,Ana Ramirez,La Vega,Regular,F
2022,Santiago,1902,1902,30 a 44,Jose Torres,Santiago,Regular,M
2022,Santo Domingo Este,1903,1903,30 a 44,Maria Diaz,Santo Domingo,Regular,F
2022,Santo Domingo,1904,1904,30 a 44,Javier Reyes,Distrito Nacional,Regular,M
2022,Higuey,1905,1905,30 a 44,Paola Gomez,La Altagracia,Regular,F
2022,La Romana,1906,1906,30 a 44,Pedro Castillo,La Romana,Regular,M
2022,Puerto Plata,1907,1907,30 a 44,Natalia Mendez,Puerto Plata,Regular,F
2022,San Cristobal,1908,1908,30 a 44,Andres Vargas,San Cristobal,Regular,M
2022,La Vega,1909,1909,30 a 44,Sofia Cruz,La Vega,Regular,No especificado
2022,San Cristobal,1910,1910,30 a 44,Luis Sanchez,San Cristobal,Regular,M
2022,La Vega,1911,1911,30 a 44,Ana Ramirez,La Vega,Regular,F
2022,Santiago,1912,1912,30 a 44,Jose Torres,Santiago,Regular,No especificado
2022,Santo Domingo Este,1913,1913,30 a 44,Maria Diaz,Santo Domingo,Regular,F
2022,Santo Domingo,1914,1914,30 a 44,Javier Reyes,Distrito Nacional,Regular,M
2022,Higuey,1915,1915,30 a 44,Paola Gomez,La Altagracia,Regular,F
2022,La Romana,1916,1916,30 a 44,Pedro Castillo,La Romana,Regular,M
2022,Puerto Plata,1917,1917,30 a 44,Natalia Mendez,Puerto Plata,Regular,F
2022,San Cristobal,1918,1918,30 a 44,Andres Vargas,San Cristobal,Regular,M
2022,La Vega,1919,1919,30 a 44,Sofia Cruz,La Vega,Regular,F
2022,San Cristobal,1920,1920,30 a 44,Luis Sanchez,San Cristobal,Regular,M
2022,La Vega,1921,1921,30 a 44,Ana Ramirez,La Vega,Regular,No especificado
2022,Santiago,1922,1922,30 a 44,Jose Torres,Santiago,Regular,M
2022,Santo Domingo Este,1923,1923,30 a 44,Maria Diaz,Santo Domingo,Regular,F
2022,Santo Domingo,1924,1924,30 a 44,Javier Reyes,Distrito Nacional,Regular,M
2022,Higuey,1925,1925,30 a 44,Paola Gomez,La Altagracia,Regular,F
2022,La Romana,1926,1926,30 a 44,Pedro Castillo,La Romana,Regular,M
2022,Puerto Plata,1927,1927,30 a 44,Natalia Mendez,Puerto Plata,Regular,F
2022,San Cristobal,1928,1928,30 a 44,Andres Vargas,San Cristobal,Regular,M
2022,La Vega,1929,1929,30 a 44,Sofia Cruz,La Vega,Regular,F
2022,San Cristobal,1930,1930,30 a 44,Luis Sanchez,San Cristobal,Regular,M
2022,La Vega,1931,1931,30 a 44,Ana Ramirez,La Vega,Regular,F
2022,Santiago,1932,1932,30 a 44,Jose Torres,Santiago,Regular,M
2022,Santo Domingo Este,1933,1933,30 a 44,Maria Diaz,Santo Domingo,Regular,F
2022,Santo Domingo,1934,1934,30 a 44,Javier Reyes,Distrito Nacional,Regular,M
2022,Higuey,1935,1935,30 a 44,Paola Gomez,La Altagracia,Regular,F
2022,La Romana,1936,1936,30 a 44,Pedro Castillo,La Romana,Regular,No especificado
2022,Puerto Plata,1937,1937,30 a 44,Natalia Mendez,Puerto Plata,Regular,F
2022,San Cristobal,1938,1938,30 a 44,Andres Vargas,San Cristobal,Regular,M
2022,La Vega,1939,1939,30 a 44,Sofia Cruz,La Vega,Regular,F
2021,San Cristobal,1940,1940,30 a 44,Luis Sanchez,San Cristobal,Regular,M
2021,La Vega,1941,1941,30 a 44,Ana Ramirez,La Vega,Regular,F
2021,Santiago,1942,1942,30 a 44,Jose Torres,Santiago,Regular,M
2021,Santo Domingo Este,1943,1943,30 a 44,Maria Diaz,Santo Domingo,Regular,F
2021,Santo Domingo,1944,1944,30 a 44,Javier Reyes,Distrito Nacional,Regular,M
2021,Higuey,1945,1945,30 a 44,Paola Gomez,La Altagracia,Regular,F
2021,La Romana,1946,1946,30 a 44,Pedro Castillo,La Romana,Regular,No especificado
2021,Puerto Plata,1947,1947,30 a 44,Natalia Mendez,Puerto Plata,Regular,F
2021,San Cristobal,1948,1948,30 a 44,Andres Vargas,San Cristobal,Regular,M
2021,La Vega,1949,1949,30 a 44,Sofia Cruz,La Vega,Regular,F
2021,San Cristobal,1950,1950,30 a 44,Luis Sanchez,San Cristobal,Regular,M
2021,La Vega,1951,1951,30 a 44,Ana Ramirez,La Vega,Regular,F
2021,Santiago,1952,1952,30 a 44,Jose Torres,Santiago,Regular,M
2021,Santo Domingo Este,1953,1953,30 a 44,Maria Diaz,Santo Domingo,Regular,F
2021,Santo Domingo,1954,1954,30 a 44,Javier Reyes,Distrito Nacional,Regular,M
2021,Higuey,1955,1955,30 a 44,Paola Gomez,La Altagracia,Regular,No especificado
2021,La Romana,1956,1956,30 a 44,Pedro Castillo,La Romana,Regular,M
2021,Puerto Plata,1957,1957,30 a 44,Natalia Mendez,Puerto Plata,Regular,F
2021,San Cristobal,1958,1958,30 a 44,Andres Vargas,San Cristobal,Regular,M
2021,La Vega,1959,1959,30 a 44,Sofia Cruz,La Vega,Regular,F
2021,San Cristobal,1960,1960,30 a 44,Luis Sanchez,San Cristobal,Regular,M
2021,La Vega,1961,1961,30 a 44,Ana Ramirez,La Vega,Regular,F
2021,Santiago,1962,1962,30 a 44,Jose Torres,Santiago,Regular,M
2021,Santo Domingo Este,1963,1963,30 a 44,Maria Diaz,Santo Domingo,Regular,F
2021,Santo Domingo,1964,1964,30 a 44,Javier Reyes,Distrito Nacional,Regular,M
2021,Higuey,1965,1965,30 a 44,Paola Gomez,La Altagracia,Regular,F
2021,La Romana,1966,1966,30 a 44,Pedro Castillo,La Romana,Regular,M
2021,Puerto Plata,1967,1967,30 a 44,Natalia Mendez,Puerto Plata,Regular,F
2021,San Cristobal,1968,1968,30 a 44,Andres Vargas,San Cristobal,Regular,M
2021,La Vega,1969,1969,30 a 44,Sofia Cruz,La Vega,Regular,No especificado
2021,San Cristobal,1970,1970,30 a 44,Luis Sanchez,San Cristobal,Regular,M
2021,La Vega,1971,1971,30 a 44,Ana Ramirez,La Vega,Regular,F
2021,Santiago,1972,1972,30 a 44,Jose Torres,Santiago,Regular,No especificado
2021,Santo Domingo Este,1973,1973,30 a 44,Maria Diaz,Santo Domingo,Regular,F
2021,Santo Domingo,1974,1974,30 a 44,Javier Reyes,Distrito Nacional,Regular,M
2021,Higuey,1975,1975,30 a 44,Paola Gomez,La Altagracia,Regular,F
2021,La Romana,1976,1976,30 a 44,Pedro Castillo,La Romana,Regular,M
2021,Puerto Plata,1977,1977,30 a 44,Natalia Mendez,Puerto Plata,Preferente,F
2021,San Cristobal,1978,1978,30 a 44,Andres Vargas,San Cristobal,Preferente,M
2021,La Vega,1979,1979,30 a 44,Sofia Cruz,La Vega,Preferente,F
2021,San Cristobal,1980,1980,30 a 44,Luis Sanchez,San Cristobal,Preferente,M
2021,La Vega,1981,1981,30 a 44,Ana Ramirez,La Vega,Preferente,No especificado
2021,Santiago,1982,1982,30 a 44,Jose Torres,Santiago,Preferente,M
2021,Santo Domingo Este,1983,1983,30 a 44,Maria Diaz,Santo Domingo,Preferente,F
2021,Santo Domingo,1984,1984,30 a 44,Javier Reyes,Distrito Nacional,Preferente,M
2021,Higuey,1985,1985,30 a 44,Paola Gomez,La Altagracia,Preferente,F
2021,La Romana,1986,1986,30 a 44,Pedro Castillo,La Romana,Preferente,M
2021,Puerto Plata,1987,1987,30 a 44,Natalia Mendez,Puerto Plata,Preferente,F
2021,San Cristobal,1988,1988,30 a 44,Andres Vargas,San Cristobal,Preferente,M
2021,La Vega,1989,1989,30 a 44,Sofia Cruz,La Vega,Preferente,F
2021,San Cristobal,1990,1990,30 a 44,Luis Sanchez,San Cristobal,Preferente,M
2021,La Vega,1991,1991,30 a 44,Ana Ramirez,La Vega,Corporativo,F
2021,Santiago,1992,1992,30 a 44,Jose Torres,Santiago,Corporativo,M
2021,Santo Domingo Este,1993,1993,30 a 44,Maria Diaz,Santo Domingo,Corporativo,F
2021,Santo Domingo,1994,1994,30 a 44,Javier Reyes,Distrito Nacional,Corporativo,M
2021,Higuey,1995,1995,30 a 44,Paola Gomez,La Altagracia,Corporativo,F
2021,La Romana,1996,1996,30 a 44,Pedro Castillo,La Romana,Corporativo,No especificado
2021,Puerto Plata,1997,1997,30 a 44,Natalia Mendez,Puerto Plata,Corporativo,F
2021,San Cristobal,1998,1998,30 a 44,Andres Vargas,San Cristobal,Corporativo,M
2021,La Vega,1999,1999,30 a 44,Sofia Cruz,La Vega,Corporativo,F
2022,San Cristobal,2000,2000,Menor de 30,Luis Sanchez,San Cristobal,Preferente,M
2022,La Vega,2001,2001,Menor de 30,Ana Ramirez,La Vega,Corporativo,F
2022,Santiago,2002,2002,Menor de 30,Jose Torres,Santiago,Corporativo,M
2022,Santo Domingo Este,2003,2003,Menor de 30,Maria Diaz,Santo Domingo,Corporativo,F
2022,Santo Domingo,2004,2004,Menor de 30,Javier Reyes,Distrito Nacional,Corporativo,M
2022,Higuey,2005,2005,Menor de 30,Paola Gomez,La Altagracia,Corporativo,F
2022,La Romana,2006,2006,Menor de 30,Pedro Castillo,La Romana,Corporativo,No especificado
2022,Puerto Plata,2007,2007,Menor de 30,Natalia Mendez,Puerto Plata,Corporativo,F
2022,San Cristobal,2008,2008,Menor de 30,Andres Vargas,San Cristobal,Corporativo,M
2022,La Vega,2009,2009,Menor de 30,Sofia Cruz,La Vega,Corporativo,F
2022,San Cristobal,2010,2010,Menor de 30,Luis Sanchez,San Cristobal,Regular,M
2022,La Vega,2011,2011,Menor de 30,Ana Ramirez,La Vega,Regular,F
2022,Santiago,2012,2012,Menor de 30,Jose Torres,Santiago,Regular,M
2022,Santo Domingo Este,2013,2013,Menor de 30,Maria Diaz,Santo Domingo,Regular,F
2022,Santo Domingo,2014,2014,Menor de 30,Javier Reyes,Distrito Nacional,Regular,M
2022,Higuey,2015,2015,Menor de 30,Paola Gomez,La Altagracia,Regular,No especificado
2022,La Romana,2016,2016,Menor de 30,Pedro Castillo,La Romana,Regular,M
2022,Puerto Plata,2017,2017,Menor de 30,Natalia Mendez,Puerto Plata,Regular,F
2022,San Cristobal,2018,2018,Menor de 30,Andres Vargas,San Cristobal,Regular,M
2022,La Vega,2019,2019,Menor de 30,Sofia Cruz,La Vega,Regular,F
2022,San Cristobal,2020,2020,Menor de 30,Luis Sanchez,San Cristobal,Regular,M
2022,La Vega,2021,2021,Menor de 30,Ana Ramirez,La Vega,Regular,F
2022,Santiago,2022,2022,Menor de 30,Jose Torres,Santiago,Regular,M
2022,Santo Domingo Este,2023,2023,Menor de 30,Maria Diaz,Santo Domingo,Regular,F
2022,Santo Domingo,2024,2024,Menor de 30,Javier Reyes,Distrito Nacional,Regular,M
2022,Higuey,2025,2025,Menor de 30,Paola Gomez,La Altagracia,Regular,F
2022,La Romana,2026,2026,Menor de 30,Pedro Castillo,La Romana,Regular,M
2022,Puerto Plata,2027,2027,Menor de 30,Natalia Mendez,Puerto Plata,Regular,F
2022,San Cristobal,2028,2028,Menor de 30,Andres Vargas,San Cristobal,Regular,M
2022,La Vega,2029,2029,Menor de 30,Sofia Cruz,La Vega,Regular,No especificado
2022,San Cristobal,2030,2030,Menor de 30,Luis Sanchez,San Cristobal,Regular,M
2022,La Vega,2031,2031,Menor de 30,Ana Ramirez,La Vega,Regular,F
2022,Santiago,2032,2032,Menor de 30,Jose Torres,Santiago,Regular,No especificado
2022,Santo Domingo Este,2033,2033,Menor de 30,Maria Diaz,Santo Domingo,Regular,F
2022,Santo Domingo,2034,2034,Menor de 30,Javier Reyes,Distrito Nacional,Regular,M
2022,Higuey,2035,2035,Menor de 30,Paola Gomez,La Altagracia,Regular,F
2022,La Romana,2036,2036,Menor de 30,Pedro Castillo,La Romana,Regular,M
2022,Puerto Plata,2037,2037,Menor de 30,Natalia Mendez,Puerto Plata,Regular,F
2022,San Cristobal,2038,2038,Menor de 30,Andres Vargas,San Cristobal,Regular,M
2022,La Vega,2039,2039,Menor de 30,Sofia Cruz,La Vega,Regular,F
2021,San Cristobal,2040,2040,Menor de 30,Luis Sanchez,San Cristobal,Corporativo,M
2021,La Vega,2041,2041,Menor de 30,Ana Ramirez,La Vega,Corporativo,F
2021,Santiago,2042,2042,Menor de 30,Jose Torres,Santiago,Corporativo,No especificado
2021,Santo Domingo Este,2043,2043,Menor de 30,Maria Diaz,Santo Domingo,Corporativo,F
2021,Santo Domingo,2044,2044,Menor de 30,Javier Reyes,Distrito Nacional,Corporativo,M
2021,Higuey,2045,2045,Menor de 30,Paola Gomez,La Altagracia,Regular,F
2021,La Romana,2046,2046,Menor de 30,Pedro Castillo,La Romana,Regular,M
2021,Puerto Plata,2047,2047,Menor de 30,Natalia Mendez,Puerto Plata,Regular,F
2021,San Cristobal,2048,2048,Menor de 30,Andres Vargas,San Cristobal,Regular,M
2021,La Vega,2049,2049,Menor de 30,Sofia Cruz,La Vega,Regular,F
2021,San Cristobal,2050,2050,Menor de 30,Luis Sanchez,San Cristobal,Regular,M
2021,La Vega,2051,2051,Menor de 30,Ana Ramirez,La Vega,Regular,No especificado
2021,Santiago,2052,2052,Menor de 30,Jose Torres,Santiago,Regular,M
2021,Santo Domingo Este,2053,2053,Menor de 30,Maria Diaz,Santo Domingo,Regular,F
2021,Santo Domingo,2054,2054,Menor de 30,Javier Reyes,Distrito Nacional,Regular,M
2021,Higuey,2055,2055,Menor de 30,Paola Gomez,La Altagracia,Regular,F
2021,La Romana,2056,2056,Menor de 30,Pedro Castillo,La Romana,Regular,M
2021,Puerto Plata,2057,2057,Menor de 30,Natalia Mendez,Puerto Plata,Regular,F
2021,San Cristobal,2058,2058,Menor de 30,Andres Vargas,San Cristobal,Regular,M
2021,La Vega,2059,2059,Menor de 30,Sofia Cruz,La Vega,Regular,F
2021,San Cristobal,2060,2060,Menor de 30,Luis Sanchez,San Cristobal,Regular,M
2021,La Vega,2061,2061,Menor de 30,Ana Ramirez,La Vega,Regular,F
2021,Santiago,2062,2062,Menor de 30,Jose Torres,Santiago,Regular,M
2021,Santo Domingo Este,2063,2063,Menor de 30,Maria Diaz,Santo Domingo,Regular,F
2021,Santo Domingo,2064,2064,Menor de 30,Javier Reyes,Distrito Nacional,Regular,M
2021,Higuey,2065,2065,Menor de 30,Paola Gomez,La Altagracia,Regular,F
2021,La Romana,2066,2066,Menor de 30,Pedro Castillo,La Romana,Regular,No especificado
2021,Puerto Plata,2067,2067,Menor de 30,Natalia Mendez,Puerto Plata,Regular,F
2021,San Cristobal,2068,2068,Menor de 30,Andres Vargas,San Cristobal,Regular,M
2021,La Vega,2069,2069,Menor de 30,Sofia Cruz,La Vega,Regular,F
2021,San Cristobal,2070,2070,Menor de 30,Luis Sanchez,San Cristobal,Regular,M
2021,La Vega,2071,2071,Menor de 30,Ana Ramirez,La Vega,Regular,F
2021,Santiago,2072,2072,Menor de 30,Jose Torres,Santiago,Regular,M
2021,Santo Domingo Este,2073,2073,Menor de 30,Maria Diaz,Santo Domingo,Regular,F
2021,Santo Domingo,2074,2074,Menor de 30,Javier Reyes,Distrito Nacional,Regular,M
2021,Higuey,2075,2075,Menor de 30,Paola Gomez,La Altagracia,Regular,No especificado
2021,La Romana,2076,2076,Menor de 30,Pedro Castillo,La Romana,Regular,M
2021,Puerto Plata,2077,2077,Menor de 30,Natalia Mendez,Puerto Plata,Regular,F
2021,San Cristobal,2078,2078,Menor de 30,Andres Vargas,San Cristobal,Regular,M
2021,La Vega,2079,2079,Menor de 30,Sofia Cruz,La Vega,Regular,F
2021,San Cristobal,2080,2080,Menor de 30,Luis Sanchez,San Cristobal,Regular,M
2021,La Vega,2081,2081,Menor de 30,Ana Ramirez,La Vega,Regular,F
2021,Santiago,2082,2082,Menor de 30,Jose Torres,Santiago,Regular,M
2021,Santo Domingo Este,2083,2083,Menor de 30,Maria Diaz,Santo Domingo,Preferente,F
2021,Santo Domingo,2084,2084,Menor de 30,Javier Reyes,Distrito Nacional,Preferente,M
2021,Higuey,2085,2085,Menor de 30,Paola Gomez,La Altagracia,Preferente,F
2021,La Romana,2086,2086,Menor de 30,Pedro Castillo,La Romana,Preferente,M
2021,Puerto Plata,2087,2087,Menor de 30,Natalia Mendez,Puerto Plata,Preferente,F
2021,San Cristobal,2088,2088,Menor de 30,Andres Vargas,San Cristobal,Preferente,M
2021,La Vega,2089,2089,Menor de 30,Sofia Cruz,La Vega,Preferente,No especificado
2021,San Cristobal,2090,2090,Menor de 30,Luis Sanchez,San Cristobal,Preferente,M
2021,La Vega,2091,2091,Menor de 30,Ana Ramirez,La Vega,Preferente,F
2021,Santiago,2092,2092,Menor de 30,Jose Torres,Santiago,Preferente,No especificado
2021,Santo Domingo Este,2093,2093,Menor de 30,Maria Diaz,Santo Domingo,Preferente,F
2021,Santo Domingo,2094,2094,Menor de 30,Javier Reyes,Distrito Nacional,Preferente,M
2021,Higuey,2095,2095,Menor de 30,Paola Gomez,La Altagracia,Preferente,F
2021,La Romana,2096,2096,Menor de 30,Pedro Castillo,La Romana,Preferente,M
2021,Puerto Plata,2097,2097,Menor de 30,Natalia Mendez,Puerto Plata,Preferente,F
2021,San Cristobal,2098,2098,Menor de 30,Andres Vargas,San Cristobal,Preferente,M
2021,La Vega,2099,2099,Menor de 30,Sofia Cruz,La Vega,Preferente,F
2022,San Cristobal,2100,2100,Menor de 30,Luis Sanchez,San Cristobal,Regular,M
2022,La Vega,2101,2101,Menor de 30,Ana Ramirez,La Vega,Regular,F
2022,Santiago,2102,2102,Menor de 30,Jose Torres,Santiago,Regular,M
2022,Santo Domingo Este,2103,2103,Menor de 30,Maria Diaz,Santo Domingo,Regular,F
2022,Santo Domingo,2104,2104,Menor de 30,Javier Reyes,Distrito Nacional,Regular,M
2022,Higuey,2105,2105,Menor de 30,Paola Gomez,La Altagracia,Regular,No especificado
2022,La Romana,2106,2106,Menor de 30,Pedro Castillo,La Romana,Regular,M
2022,Puerto Plata,2107,2107,Menor de 30,Natalia Mendez,Puerto Plata,Regular,F
2022,San Cristobal,2108,2108,Menor de 30,Andres Vargas,San Cristobal,Regular,M
2022,La Vega,2109,2109,Menor de 30,Sofia Cruz,La Vega,Regular,F
2022,San Cristobal,2110,2110,Menor de 30,Luis Sanchez,San Cristobal,Regular,M
2022,La Vega,2111,2111,Menor de 30,Ana Ramirez,La Vega,Regular,F
2022,Santiago,2112,2112,Menor de 30,Jose Torres,Santiago,Regular,M
2022,Santo Domingo Este,2113,2113,Menor de 30,Maria Diaz,Santo Domingo,Preferente,F
2022,Santo Domingo,2114,2114,Menor de 30,Javier Reyes,Distrito Nacional,Preferente,M
2022,Higuey,2115,2115,Menor de 30,Paola Gomez,La Altagracia,Preferente,F
2022,La Romana,2116,2116,Menor de 30,Pedro Castillo,La Romana,Preferente,M
2022,Puerto Plata,2117,2117,Menor de 30,Natalia Mendez,Puerto Plata,Preferente,F
2022,San Cristobal,2118,2118,Menor de 30,Andres Vargas,San Cristobal,Preferente,M
2022,La Vega,2119,2119,Menor de 30,Sofia Cruz,La Vega,Preferente,No especificado
2022,San Cristobal,2120,2120,Menor de 30,Luis Sanchez,San Cristobal,Preferente,M
2022,La Vega,2121,2121,Menor de 30,Ana Ramirez,La Vega,Preferente,F
2022,Santiago,2122,2122,Menor de 30,Jose Torres,Santiago,Preferente,No especificado
2022,Santo Domingo Este,2123,2123,Menor de 30,Maria Diaz,Santo Domingo,Preferente,F
2021,Santo Domingo,2124,2124,Menor de 30,Javier Reyes,Distrito Nacional,Preferente,M
2021,Higuey,2125,2125,Menor de 30,Paola Gomez,La Altagracia,Preferente,F
2021,La Romana,2126,2126,Menor de 30,Pedro Castillo,La Romana,Preferente,M
2021,Puerto Plata,2127,2127,Menor de 30,Natalia Mendez,Puerto Plata,Preferente,F
2021,San Cristobal,2128,2128,Menor de 30,Andres Vargas,San Cristobal,Preferente,M
2021,La Vega,2129,2129,Menor de 30,Sofia Cruz,La Vega,Preferente,F
2021,San Cristobal,2130,2130,Menor de 30,Luis Sanchez,San Cristobal,Corporativo,M
2021,La Vega,2131,2131,Menor de 30,Ana Ramirez,La Vega,Corporativo,No especificado
2021,Santiago,2132,2132,Menor de 30,Jose Torres,Santiago,Corporativo,M
2021,Santo Domingo Este,2133,2133,Menor de 30,Maria Diaz,Santo Domingo,Corporativo,F
2021,Santo Domingo,2134,2134,Menor de 30,Javier Reyes,Distrito Nacional,Corporativo,M
2021,Higuey,2135,2135,Menor de 30,Paola Gomez,La Altagracia,Corporativo,F
2021,La Romana,2136,2136,Menor de 30,Pedro Castillo,La Romana,Corporativo,M
2021,Puerto Plata,2137,2137,Menor de 30,Natalia Mendez,Puerto Plata,Corporativo,F
2021,San Cristobal,2138,2138,Menor de 30,Andres Vargas,San Cristobal,Corporativo,M
2021,La Vega,2139,2139,Menor de 30,Sofia Cruz,La Vega,Regular,F
2022,San Cristobal,2140,2140,Menor de 30,Luis Sanchez,San Cristobal,Regular,M
2022,La Vega,2141,2141,Menor de 30,Ana Ramirez,La Vega,Regular,No especificado
2022,Santiago,2142,2142,Menor de 30,Jose Torres,Santiago,Regular,M
2022,Santo Domingo Este,2143,2143,Menor de 30,Maria Diaz,Santo Domingo,Regular,F
2022,Santo Domingo,2144,2144,Menor de 30,Javier Reyes,Distrito Nacional,Regular,M
2022,Higuey,2145,2145,Menor de 30,Paola Gomez,La Altagracia,Regular,F
2022,La Romana,2146,2146,Menor de 30,Pedro Castillo,La Romana,Regular,M
2022,Puerto Plata,2147,2147,Menor de 30,Natalia Mendez,Puerto Plata,Regular,F
2022,San Cristobal,2148,2148,Menor de 30,Andres Vargas,San Cristobal,Regular,M
2022,La Vega,2149,2149,Menor de 30,Sofia Cruz,La Vega,Regular,F
2022,San Cristobal,2150,2150,Menor de 30,Luis Sanchez,San Cristobal,Preferente,M
2022,La Vega,2151,2151,Menor de 30,Ana Ramirez,La Vega,Preferente,F
2022,Santiago,2152,2152,Menor de 30,Jose Torres,Santiago,Preferente,M
2022,Santo Domingo Este,2153,2153,Menor de 30,Maria Diaz,Santo Domingo,Preferente,F
2022,Santo Domingo,2154,2154,Menor de 30,Javier Reyes,Distrito Nacional,Preferente,M
2022,Higuey,2155,2155,Menor de 30,Paola Gomez,La Altagracia,Preferente,F
2022,La Romana,2156,2156,Menor de 30,Pedro Castillo,La Romana,Preferente,No especificado
2022,Puerto Plata,2157,2157,Menor de 30,Natalia Mendez,Puerto Plata,Preferente,F
2022,San Cristobal,2158,2158,Menor de 30,Andres Vargas,San Cristobal,Preferente,M
2022,La Vega,2159,2159,Menor de 30,Sofia Cruz,La Vega,Preferente,F
2022,San Cristobal,2160,2160,Menor de 30,Luis Sanchez,San Cristobal,Preferente,M
2022,La Vega,2161,2161,Menor de 30,Ana Ramirez,La Vega,Preferente,F
2022,Santiago,2162,2162,Menor de 30,Jose Torres,Santiago,Preferente,M
2022,Santo Domingo Este,2163,2163,Menor de 30,Maria Diaz,Santo Domingo,Preferente,F
2022,Santo Domingo,2164,2164,Menor de 30,Javier Reyes,Distrito Nacional,Preferente,M
2022,Higuey,2165,2165,Menor de 30,Paola Gomez,La Altagracia,Corporativo,No especificado
2022,La Romana,2166,2166,Menor de 30,Pedro Castillo,La Romana,Corporativo,M
2022,Puerto Plata,2167,2167,Menor de 30,Natalia Mendez,Puerto Plata,Corporativo,F
2022,San Cristobal,2168,2168,Menor de 30,Andres Vargas,San Cristobal,Corporativo,M
2022,La Vega,2169,2169,Menor de 30,Sofia Cruz,La Vega,Corporativo,F
2022,San Cristobal,2170,2170,Menor de 30,Luis Sanchez,San Cristobal,Corporativo,M
2022,La Vega,2171,2171,Menor de 30,Ana Ramirez,La Vega,Regular,F
2022,Santiago,2172,2172,Menor de 30,Jose Torres,Santiago,Regular,M
2022,Santo Domingo Este,2173,2173,Menor de 30,Maria Diaz,Santo Domingo,Regular,F
2022,Santo Domingo,2174,2174,Menor de 30,Javier Reyes,Distrito Nacional,Regular,M
2022,Higuey,2175,2175,Menor de 30,Paola Gomez,La Altagracia,Regular,F
2022,La Romana,2176,2176,Menor de 30,Pedro Castillo,La Romana,Regular,M
2022,Puerto Plata,2177,2177,Menor de 30,Natalia Mendez,Puerto Plata,Regular,F
2022,San Cristobal,2178,2178,Menor de 30,Andres Vargas,San Cristobal,Regular,M
2022,La Vega,2179,2179,Menor de 30,Sofia Cruz,La Vega,Regular,No especificado
2022,San Cristobal,2180,2180,Menor de 30,Luis Sanchez,San Cristobal,Regular,M
2022,La Vega,2181,2181,Menor de 30,Ana Ramirez,La Vega,Regular,F
2022,Santiago,2182,2182,Menor de 30,Jose Torres,Santiago,Regular,No especificado
2022,Santo Domingo Este,2183,2183,Menor de 30,Maria Diaz,Santo Domingo,Regular,F
2022,Santo Domingo,2184,2184,Menor de 30,Javier Reyes,Distrito Nacional,Regular,M
2022,Higuey,2185,2185,Menor de 30,Paola Gomez,La Altagracia,Regular,F
2022,La Romana,2186,2186,Menor de 30,Pedro Castillo,La Romana,Regular,M
2022,Puerto Plata,2187,2187,Menor de 30,Natalia Mendez,Puerto Plata,Regular,F
2022,San Cristobal,2188,2188,Menor de 30,Andres Vargas,San Cristobal,Regular,M
2022,La Vega,2189,2189,Menor de 30,Sofia Cruz,La Vega,Regular,F
2022,San Cristobal,2190,2190,Menor de 30,Luis Sanchez,San Cristobal,Regular,M
2022,La Vega,2191,2191,Menor de 30,Ana Ramirez,La Vega,Regular,No especificado
2022,Santiago,2192,2192,Menor de 30,Jose Torres,Santiago,Regular,M
2022,Santo Domingo Este,2193,2193,Menor de 30,Maria Diaz,Santo Domingo,Regular,F
2022,Santo Domingo,2194,2194,Menor de 30,Javier Reyes,Distrito Nacional,Regular,M
2022,Higuey,2195,2195,Menor de 30,Paola Gomez,La Altagracia,Regular,F
2022,La Romana,2196,2196,Menor de 30,Pedro Castillo,La Romana,Regular,M
2022,Puerto Plata,2197,2197,Menor de 30,Natalia Mendez,Puerto Plata,Regular,F
2022,San Cristobal,2198,2198,Menor de 30,Andres Vargas,San Cristobal,Regular,M
2022,La Vega,2199,2199,Menor de 30,Sofia Cruz,La Vega,Regular,F
2021,San Cristobal,2200,2200,Menor de 30,Luis Sanchez,San Cristobal,Corporativo,M
2021,La Vega,2201,2201,Menor de 30,Ana Ramirez,La Vega,Regular,F
2021,Santiago,2202,2202,Menor de 30,Jose Torres,Santiago,Regular,M
2021,Santo Domingo Este,2203,2203,Menor de 30,Maria Diaz,Santo Domingo,Regular,F
2021,Santo Domingo,2204,2204,Menor de 30,Javier Reyes,Distrito Nacional,Regular,M
2021,Higuey,2205,2205,Menor de 30,Paola Gomez,La Altagracia,Regular,F
2021,La Romana,2206,2206,Menor de 30,Pedro Castillo,La Romana,Regular,M
2021,Puerto Plata,2207,2207,Menor de 30,Natalia Mendez,Puerto Plata,Regular,F
2021,San Cristobal,2208,2208,Menor de 30,Andres Vargas,San Cristobal,Regular,M
2021,La Vega,2209,2209,Menor de 30,Sofia Cruz,La Vega,Regular,No especificado
2021,San Cristobal,2210,2210,Menor de 30,Luis Sanchez,San Cristobal,Regular,M
2021,La Vega,2211,2211,Menor de 30,Ana Ramirez,La Vega,Regular,F
2021,Santiago,2212,2212,Menor de 30,Jose Torres,Santiago,Regular,No especificado
2021,Santo Domingo Este,2213,2213,Menor de 30,Maria Diaz,Santo Domingo,Regular,F
2021,Santo Domingo,2214,2214,Menor de 30,Javier Reyes,Distrito Nacional,Regular,M
2021,Higuey,2215,2215,Menor de 30,Paola Gomez,La Altagracia,Regular,F
2021,La Romana,2216,2216,Menor de 30,Pedro Castillo,La Romana,Regular,M
2021,Puerto Plata,2217,2217,Menor de 30,Natalia Mendez,Puerto Plata,Regular,F
2021,San Cristobal,2218,2218,Menor de 30,Andres Vargas,San Cristobal,Regular,M
2021,La Vega,2219,2219,Menor de 30,Sofia Cruz,La Vega,Regular,F
2021,San Cristobal,2220,2220,Menor de 30,Luis Sanchez,San Cristobal,Regular,M
2021,La Vega,2221,2221,Menor de 30,Ana Ramirez,La Vega,Regular,No especificado
2021,Santiago,2222,2222,Menor de 30,Jose Torres,Santiago,Regular,M
2021,Santo Domingo Este,2223,2223,Menor de 30,Maria Diaz,Santo Domingo,Regular,F
2021,Santo Domingo,2224,2224,Menor de 30,Javier Reyes,Distrito Nacional,Regular,M
2021,Higuey,2225,2225,Menor de 30,Paola Gomez,La Altagracia,Regular,F
2021,La Romana,2226,2226,Menor de 30,Pedro Castillo,La Romana,Regular,M
2021,Puerto Plata,2227,2227,Menor de 30,Natalia Mendez,Puerto Plata,Regular,F
2021,San Cristobal,2228,2228,Menor de 30,Andres Vargas,San Cristobal,Regular,M
2021,La Vega,2229,2229,Menor de 30,Sofia Cruz,La Vega,Regular,F
2021,San Cristobal,2230,2230,Menor de 30,Luis Sanchez,San Cristobal,Regular,M
2021,La Vega,2231,2231,Menor de 30,Ana Ramirez,La Vega,Regular,F
2021,Santiago,2232,2232,Menor de 30,Jose Torres,Santiago,Regular,M
2021,Santo Domingo Este,2233,2233,Menor de 30,Maria Diaz,Santo Domingo,Regular,F
2021,Santo Domingo,2234,2234,Menor de 30,Javier Reyes,Distrito Nacional,Regular,M
2021,Higuey,2235,2235,Menor de 30,Paola Gomez,La Altagracia,Regular,F
2021,La Romana,2236,2236,Menor de 30,Pedro Castillo,La Romana,Regular,No especificado
2021,Puerto Plata,2237,2237,Menor de 30,Natalia Mendez,Puerto Plata,Regular,F
2021,San Cristobal,2238,2238,Menor de 30,Andres Vargas,San Cristobal,Regular,M
2021,La Vega,2239,2239,Menor de 30,Sofia Cruz,La Vega,Regular,F
2021,San Cristobal,2240,2240,Menor de 30,Luis Sanchez,San Cristobal,Regular,M
2021,La Vega,2241,2241,Menor de 30,Ana Ramirez,La Vega,Regular,F
2021,Santiago,2242,2242,Menor de 30,Jose Torres,Santiago,Regular,M
2021,Santo Domingo Este,2243,2243,Menor de 30,Maria Diaz,Santo Domingo,Regular,F
2021,Santo Domingo,2244,2244,Menor de 30,Javier Reyes,Distrito Nacional,Regular,M
2021,Higuey,2245,2245,Menor de 30,Paola Gomez,La Altagracia,Regular,F
2021,La Romana,2246,2246,Menor de 30,Pedro Castillo,La Romana,Regular,No especificado
2021,Puerto Plata,2247,2247,Menor de 30,Natalia Mendez,Puerto Plata,Regular,F
2021,San Cristobal,2248,2248,Menor de 30,Andres Vargas,San Cristobal,Regular,M
2021,La Vega,2249,2249,Menor de 30,Sofia Cruz,La Vega,Regular,F
2021,San Cristobal,2250,2250,Menor de 30,Luis Sanchez,San Cristobal,Regular,M
2021,La Vega,2251,2251,Menor de 30,Ana Ramirez,La Vega,Regular,F
2021,Santiago,2252,2252,Menor de 30,Jose Torres,Santiago,Regular,M
2021,Santo Domingo Este,2253,2253,Menor de 30,Maria Diaz,Santo Domingo,Regular,F
2021,Santo Domingo,2254,2254,Menor de 30,Javier Reyes,Distrito Nacional,Regular,M
2021,Higuey,2255,2255,Menor de 30,Paola Gomez,La Altagracia,Regular,No especificado
2021,La Romana,2256,2256,Menor de 30,Pedro Castillo,La Romana,Regular,M
2021,Puerto Plata,2257,2257,Menor de 30,Natalia Mendez,Puerto Plata,Regular,F
2021,San Cristobal,2258,2258,Menor de 30,Andres Vargas,San Cristobal,Regular,M
2021,La Vega,2259,2259,Menor de 30,Sofia Cruz,La Vega,Regular,F
2021,San Cristobal,2260,2260,Menor de 30,Luis Sanchez,San Cristobal,Regular,M
2021,La Vega,2261,2261,Menor de 30,Ana Ramirez,La Vega,Regular,F
2021,Santiago,2262,2262,Menor de 30,Jose Torres,Santiago,Regular,M
2021,Santo Domingo Este,2263,2263,Menor de 30,Maria Diaz,Santo Domingo,Regular,F
2021,Santo Domingo,2264,2264,Menor de 30,Javier Reyes,Distrito Nacional,Regular,M
2021,Higuey,2265,2265,Menor de 30,Paola Gomez,La Altagracia,Regular,F
2021,La Romana,2266,2266,Menor de 30,Pedro Castillo,La Romana,Regular,M
2021,Puerto Plata,2267,2267,Menor de 30,Natalia Mendez,Puerto Plata,Regular,F
2021,San Cristobal,2268,2268,Menor de 30,Andres Vargas,San Cristobal,Regular,M
2021,La Vega,2269,2269,Menor de 30,Sofia Cruz,La Vega,Regular,No especificado
2021,San Cristobal,2270,2270,Menor de 30,Luis Sanchez,San Cristobal,Regular,M
2021,La Vega,2271,2271,Menor de 30,Ana Ramirez,La Vega,Regular,F
2021,Santiago,2272,2272,Menor de 30,Jose Torres,Santiago,Regular,No especificado
2021,Santo Domingo Este,2273,2273,Menor de 30,Maria Diaz,Santo Domingo,Regular,F
2021,Santo Domingo,2274,2274,Menor de 30,Javier Reyes,Distrito Nacional,Regular,M
2021,Higuey,2275,2275,Menor de 30,Paola Gomez,La Altagracia,Regular,F
2021,La Romana,2276,2276,Menor de 30,Pedro Castillo,La Romana,Regular,M
2021,Puerto Plata,2277,2277,Menor de 30,Natalia Mendez,Puerto Plata,Preferente,F
2021,San Cristobal,2278,2278,Menor de 30,Andres Vargas,San Cristobal,Preferente,M
2021,La Vega,2279,2279,Menor de 30,Sofia Cruz,La Vega,Preferente,F
2021,San Cristobal,2280,2280,Menor de 30,Luis Sanchez,San Cristobal,Preferente,M
2021,La Vega,2281,2281,Menor de 30,Ana Ramirez,La Vega,Preferente,No especificado
2021,Santiago,2282,2282,Menor de 30,Jose Torres,Santiago,Preferente,M
2021,Santo Domingo Este,2283,2283,Menor de 30,Maria Diaz,Santo Domingo,Preferente,F
2021,Santo Domingo,2284,2284,Menor de 30,Javier Reyes,Distrito Nacional,Preferente,M
2021,Higuey,2285,2285,Menor de 30,Paola Gomez,La Altagracia,Preferente,F
2021,La Romana,2286,2286,Menor de 30,Pedro Castillo,La Romana,Preferente,M
2021,Puerto Plata,2287,2287,Menor de 30,Natalia Mendez,Puerto Plata,Preferente,F
2021,San Cristobal,2288,2288,Menor de 30,Andres Vargas,San Cristobal,Preferente,M
2021,La Vega,2289,2289,Menor de 30,Sofia Cruz,La Vega,Preferente,F
2021,San Cristobal,2290,2290,Menor de 30,Luis Sanchez,San Cristobal,Preferente,M
2021,La Vega,2291,2291,Menor de 30,Ana Ramirez,La Vega,Corporativo,F
2021,Santiago,2292,2292,Menor de 30,Jose Torres,Santiago,Corporativo,M
2021,Santo Domingo Este,2293,2293,Menor de 30,Maria Diaz,Santo Domingo,Corporativo,F
2021,Santo Domingo,2294,2294,Menor de 30,Javier Reyes,Distrito Nacional,Corporativo,M
2021,Higuey,2295,2295,Menor de 30,Paola Gomez,La Altagracia,Corporativo,F
2021,La Romana,2296,2296,Menor de 30,Pedro Castillo,La Romana,Corporativo,No especificado
2021,Puerto Plata,2297,2297,Menor de 30,Natalia Mendez,Puerto Plata,Corporativo,F
2021,San Cristobal,2298,2298,Menor de 30,Andres Vargas,San Cristobal,Corporativo,M
2021,La Vega,2299,2299,Menor de 30,Sofia Cruz,La Vega,Corporativo,F
2022,San Cristobal,2300,2300,Menor de 30,Luis Sanchez,San Cristobal,Regular,M
2022,La Vega,2301,2301,Menor de 30,Ana Ramirez,La Vega,Regular,F
2022,Santiago,2302,2302,Menor de 30,Jose Torres,Santiago,Regular,No especificado
2022,Santo Domingo Este,2303,2303,Menor de 30,Maria Diaz,Santo Domingo,Regular,F
2022,Santo Domingo,2304,2304,Menor de 30,Javier Reyes,Distrito Nacional,Regular,M
2022,Higuey,2305,2305,Menor de 30,Paola Gomez,La Altagracia,Regular,F
2022,La Romana,2306,2306,Menor de 30,Pedro Castillo,La Romana,Regular,M
2022,Puerto Plata,2307,2307,Menor de 30,Natalia Mendez,Puerto Plata,Preferente,F
2022,San Cristobal,2308,2308,Menor de 30,Andres Vargas,San Cristobal,Preferente,M
2022,La Vega,2309,2309,Menor de 30,Sofia Cruz,La Vega,Preferente,F
2022,San Cristobal,2310,2310,Menor de 30,Luis Sanchez,San Cristobal,Preferente,M
2022,La Vega,2311,2311,Menor de 30,Ana Ramirez,La Vega,Preferente,No especificado
2022,Santiago,2312,2312,Menor de 30,Jose Torres,Santiago,Preferente,M
2022,Santo Domingo Este,2313,2313,Menor de 30,Maria Diaz,Santo Domingo,Preferente,F
2022,Santo Domingo,2314,2314,Menor de 30,Javier Reyes,Distrito Nacional,Preferente,M
2022,Higuey,2315,2315,Menor de 30,Paola Gomez,La Altagracia,Preferente,F
2022,La Romana,2316,2316,Menor de 30,Pedro Castillo,La Romana,Preferente,M
2022,Puerto Plata,2317,2317,Menor de 30,Natalia Mendez,Puerto Plata,Preferente,F
2022,San Cristobal,2318,2318,Menor de 30,Andres Vargas,San Cristobal,Preferente,M
2022,La Vega,2319,2319,Menor de 30,Sofia Cruz,La Vega,Preferente,F
2022,San Cristobal,2320,2320,Menor de 30,Luis Sanchez,San Cristobal,Preferente,M
2022,La Vega,2321,2321,Menor de 30,Ana Ramirez,La Vega,Corporativo,F
2022,Santiago,2322,2322,Menor de 30,Jose Torres,Santiago,Corporativo,M
2022,Santo Domingo Este,2323,2323,Menor de 30,Maria Diaz,Santo Domingo,Corporativo,F
2022,Santo Domingo,2324,2324,Menor de 30,Javier Reyes,Distrito Nacional,Corporativo,M
2022,Higuey,2325,2325,Menor de 30,Paola Gomez,La Altagracia,Corporativo,F
2022,La Romana,2326,2326,Menor de 30,Pedro Castillo,La Romana,Corporativo,No especificado
2022,Puerto Plata,2327,2327,Menor de 30,Natalia Mendez,Puerto Plata,Corporativo,F
2022,San Cristobal,2328,2328,Menor de 30,Andres Vargas,San Cristobal,Corporativo,M
2022,La Vega,2329,2329,Menor de 30,Sofia Cruz,La Vega,Corporativo,F
2022,San Cristobal,2330,2330,Menor de 30,Luis Sanchez,San Cristobal,Regular,M
2022,La Vega,2331,2331,Menor de 30,Ana Ramirez,La Vega,Regular,F
2022,Santiago,2332,2332,Menor de 30,Jose Torres,Santiago,Regular,M
2022,Santo Domingo Este,2333,2333,Menor de 30,Maria Diaz,Santo Domingo,Regular,F
2022,Santo Domingo,2334,2334,Menor de 30,Javier Reyes,Distrito Nacional,Regular,M
2022,Higuey,2335,2335,Menor de 30,Paola Gomez,La Altagracia,Regular,No especificado
2022,La Romana,2336,2336,Menor de 30,Pedro Castillo,La Romana,Regular,M
2022,Puerto Plata,2337,2337,Menor de 30,Natalia Mendez,Puerto Plata,Regular,F
2022,San Cristobal,2338,2338,Menor de 30,Andres Vargas,San Cristobal,Regular,M
2022,La Vega,2339,2339,Menor de 30,Sofia Cruz,La Vega,Regular,F
2021,San Cristobal,2340,2340,Menor de 30,Luis Sanchez,San Cristobal,Preferente,M
2021,La Vega,2341,2341,Menor de 30,Ana Ramirez,La Vega,Preferente,F
2021,Santiago,2342,2342,Menor de 30,Jose Torres,Santiago,Preferente,M
2021,Santo Domingo Este,2343,2343,Menor de 30,Maria Diaz,Santo Domingo,Preferente,F
2021,Santo Domingo,2344,2344,Menor de 30,Javier Reyes,Distrito Nacional,Preferente,M
2021,Higuey,2345,2345,Menor de 30,Paola Gomez,La Altagracia,Preferente,No especificado
2021,La Romana,2346,2346,Menor de 30,Pedro Castillo,La Romana,Preferente,M
2021,Puerto Plata,2347,2347,Menor de 30,Natalia Mendez,Puerto Plata,Preferente,F
2021,San Cristobal,2348,2348,Menor de 30,Andres Vargas,San Cristobal,Preferente,M
2021,La Vega,2349,2349,Menor de 30,Sofia Cruz,La Vega,Preferente,F
2021,San Cristobal,2350,2350,Menor de 30,Luis Sanchez,San Cristobal,Preferente,M
2021,La Vega,2351,2351,Menor de 30,Ana Ramirez,La Vega,Preferente,F
2021,Santiago,2352,2352,Menor de 30,Jose Torres,Santiago,Preferente,M
2021,Santo Domingo Este,2353,2353,Menor de 30,Maria Diaz,Santo Domingo,Preferente,F
2021,Santo Domingo,2354,2354,Menor de 30,Javier Reyes,Distrito Nacional,Preferente,M
2021,Higuey,2355,2355,Menor de 30,Paola Gomez,La Altagracia,Preferente,F
2021,La Romana,2356,2356,Menor de 30,Pedro Castillo,La Romana,Preferente,M
2021,Puerto Plata,2357,2357,Menor de 30,Natalia Mendez,Puerto Plata,Preferente,F
2021,San Cristobal,2358,2358,Menor de 30,Andres Vargas,San Cristobal,Preferente,M
2021,La Vega,2359,2359,Menor de 30,Sofia Cruz,La Vega,Corporativo,No especificado
2021,San Cristobal,2360,2360,Menor de 30,Luis Sanchez,San Cristobal,Corporativo,M
2021,La Vega,2361,2361,Menor de 30,Ana Ramirez,La Vega,Corporativo,F
2021,Santiago,2362,2362,Menor de 30,Jose Torres,Santiago,Corporativo,No especificado
2021,Santo Domingo Este,2363,2363,Menor de 30,Maria Diaz,Santo Domingo,Corporativo,F
2021,Santo Domingo,2364,2364,Menor de 30,Javier Reyes,Distrito Nacional,Corporativo,M
2021,Higuey,2365,2365,Menor de 30,Paola Gomez,La Altagracia,Regular,F
2021,La Romana,2366,2366,Menor de 30,Pedro Castillo,La Romana,Regular,M
2021,Puerto Plata,2367,2367,Menor de 30,Natalia Mendez,Puerto Plata,Regular,F
2021,San Cristobal,2368,2368,Menor de 30,Andres Vargas,San Cristobal,Regular,M
2021,La Vega,2369,2369,Menor de 30,Sofia Cruz,La Vega,Regular,F
2021,San Cristobal,2370,2370,Menor de 30,Luis Sanchez,San Cristobal,Regular,M
2021,La Vega,2371,2371,Menor de 30,Ana Ramirez,La Vega,Regular,No especificado
2021,Santiago,2372,2372,Menor de 30,Jose Torres,Santiago,Regular,M
2021,Santo Domingo Este,2373,2373,Menor de 30,Maria Diaz,Santo Domingo,Regular,F
2021,Santo Domingo,2374,2374,Menor de 30,Javier Reyes,Distrito Nacional,Regular,M
2021,Higuey,2375,2375,Menor de 30,Paola Gomez,La Altagracia,Regular,F
2021,La Romana,2376,2376,Menor de 30,Pedro Castillo,La Romana,Regular,M
2021,Puerto Plata,2377,2377,Menor de 30,Natalia Mendez,Puerto Plata,Regular,F
2021,San Cristobal,2378,2378,Menor de 30,Andres Vargas,San Cristobal,Regular,M
2021,La Vega,2379,2379,Menor de 30,Sofia Cruz,La Vega,Regular,F
2021,San Cristobal,2380,2380,Menor de 30,Luis Sanchez,San Cristobal,Regular,M
2021,La Vega,2381,2381,Menor de 30,Ana Ramirez,La Vega,Regular,F
2021,Santiago,2382,2382,Menor de 30,Jose Torres,Santiago,Regular,M
2021,Santo Domingo Este,2383,2383,Menor de 30,Maria Diaz,Santo Domingo,Regular,F
2021,Santo Domingo,2384,2384,Menor de 30,Javier Reyes,Distrito Nacional,Regular,M
2021,Higuey,2385,2385,Menor de 30,Paola Gomez,La Altagracia,Regular,F
2021,La Romana,2386,2386,Menor de 30,Pedro Castillo,La Romana,Regular,No especificado
2021,Puerto Plata,2387,2387,Menor de 30,Natalia Mendez,Puerto Plata,Regular,F
2021,San Cristobal,2388,2388,Menor de 30,Andres Vargas,San Cristobal,Regular,M
2021,La Vega,2389,2389,Menor de 30,Sofia Cruz,La Vega,Regular,F
2021,San Cristobal,2390,2390,Menor de 30,Luis Sanchez,San Cristobal,Regular,M
2022,La Vega,2391,2391,Menor de 30,Ana Ramirez,La Vega,Regular,F
2022,Santiago,2392,2392,Menor de 30,Jose Torres,Santiago,Regular,M
2022,Santo Domingo Este,2393,2393,Menor de 30,Maria Diaz,Santo Domingo,Regular,F
2022,Santo Domingo,2394,2394,Menor de 30,Javier Reyes,Distrito Nacional,Regular,M
2022,Higuey,2395,2395,Menor de 30,Paola Gomez,La Altagracia,Regular,No especificado
2022,La Romana,2396,2396,Menor de 30,Pedro Castillo,La Romana,Regular,M
2022,Puerto Plata,2397,2397,Menor de 30,Natalia Mendez,Puerto Plata,Regular,F
2022,San Cristobal,2398,2398,Menor de 30,Andres Vargas,San Cristobal,Regular,M
2022,La Vega,2399,2399,Menor de 30,Sofia Cruz,La Vega,Regular,F
2021,San Cristobal,2400,2400,30 a 44,Luis Sanchez,San Cristobal,Regular,M
2021,La Vega,2401,2401,30 a 44,Ana Ramirez,La Vega,Regular,F
2021,Santiago,2402,2402,30 a 44,Jose Torres,Santiago,Regular,No especificado
2021,Santo Domingo Este,2403,2403,30 a 44,Maria Diaz,Santo Domingo,Regular,F
2021,Santo Domingo,2404,2404,30 a 44,Javier Reyes,Distrito Nacional,Regular,M
2021,Higuey,2405,2405,30 a 44,Paola Gomez,La Altagracia,Regular,F
2021,La Romana,2406,2406,30 a 44,Pedro Castillo,La Romana,Regular,M
2021,Puerto Plata,2407,2407,30 a 44,Natalia Mendez,Puerto Plata,Regular,F
2021,San Cristobal,2408,2408,30 a 44,Andres Vargas,San Cristobal,Regular,M
2021,La Vega,2409,2409,30 a 44,Sofia Cruz,La Vega,Regular,F
2021,San Cristobal,2410,2410,30 a 44,Luis Sanchez,San Cristobal,Regular,M
2021,La Vega,2411,2411,30 a 44,Ana Ramirez,La Vega,Regular,No especificado
2021,Santiago,2412,2412,30 a 44,Jose Torres,Santiago,Regular,M
2021,Santo Domingo Este,2413,2413,30 a 44,Maria Diaz,Santo Domingo,Regular,F
2021,Santo Domingo,2414,2414,30 a 44,Javier Reyes,Distrito Nacional,Regular,M
2021,Higuey,2415,2415,30 a 44,Paola Gomez,La Altagracia,Regular,F
2021,La Romana,2416,2416,30 a 44,Pedro Castillo,La Romana,Regular,M
2021,Puerto Plata,2417,2417,30 a 44,Natalia Mendez,Puerto Plata,Regular,F
2021,San Cristobal,2418,2418,30 a 44,Andres Vargas,San Cristobal,Regular,M
2021,La Vega,2419,2419,30 a 44,Sofia Cruz,La Vega,Regular,F
2021,San Cristobal,2420,2420,30 a 44,Luis Sanchez,San Cristobal,Regular,M
2021,La Vega,2421,2421,30 a 44,Ana Ramirez,La Vega,Regular,F
2021,Santiago,2422,2422,30 a 44,Jose Torres,Santiago,Regular,M
2021,Santo Domingo Este,2423,2423,30 a 44,Maria Diaz,Santo Domingo,Regular,F
2021,Santo Domingo,2424,2424,30 a 44,Javier Reyes,Distrito Nacional,Regular,M
2021,Higuey,2425,2425,30 a 44,Paola Gomez,La Altagracia,Regular,F
2021,La Romana,2426,2426,30 a 44,Pedro Castillo,La Romana,Regular,No especificado
2021,Puerto Plata,2427,2427,30 a 44,Natalia Mendez,Puerto Plata,Regular,F
2021,San Cristobal,2428,2428,30 a 44,Andres Vargas,San Cristobal,Regular,M
2021,La Vega,2429,2429,30 a 44,Sofia Cruz,La Vega,Regular,F
2021,San Cristobal,2430,2430,30 a 44,Luis Sanchez,San Cristobal,Preferente,M
2021,La Vega,2431,2431,30 a 44,Ana Ramirez,La Vega,Preferente,F
2021,Santiago,2432,2432,30 a 44,Jose Torres,Santiago,Preferente,M
2021,Santo Domingo Este,2433,2433,30 a 44,Maria Diaz,Santo Domingo,Preferente,F
2021,Santo Domingo,2434,2434,30 a 44,Javier Reyes,Distrito Nacional,Preferente,M
2021,Higuey,2435,2435,30 a 44,Paola Gomez,La Altagracia,Preferente,No especificado
2021,La Romana,2436,2436,30 a 44,Pedro Castillo,La Romana,Preferente,M
2021,Puerto Plata,2437,2437,30 a 44,Natalia Mendez,Puerto Plata,Preferente,F
2021,San Cristobal,2438,2438,30 a 44,Andres Vargas,San Cristobal,Preferente,M
2021,La Vega,2439,2439,30 a 44,Sofia Cruz,La Vega,Preferente,F
2021,San Cristobal,2440,2440,30 a 44,Luis Sanchez,San Cristobal,Regular,M
2021,La Vega,2441,2441,30 a 44,Ana Ramirez,La Vega,Regular,F
2021,Santiago,2442,2442,30 a 44,Jose Torres,Santiago,Regular,M
2021,Santo Domingo Este,2443,2443,30 a 44,Maria Diaz,Santo Domingo,Regular,F
2021,Santo Domingo,2444,2444,30 a 44,Javier Reyes,Distrito Nacional,Regular,M
2021,Higuey,2445,2445,30 a 44,Paola Gomez,La Altagracia,Regular,No especificado
2021,La Romana,2446,2446,30 a 44,Pedro Castillo,La Romana,Regular,M
2021,Puerto Plata,2447,2447,30 a 44,Natalia Mendez,Puerto Plata,Regular,F
2021,San Cristobal,2448,2448,30 a 44,Andres Vargas,San Cristobal,Regular,M
2021,La Vega,2449,2449,30 a 44,Sofia Cruz,La Vega,Regular,F
2021,San Cristobal,2450,2450,30 a 44,Luis Sanchez,San Cristobal,Regular,M
2021,La Vega,2451,2451,30 a 44,Ana Ramirez,La Vega,Regular,F
2021,Santiago,2452,2452,30 a 44,Jose Torres,Santiago,Regular,M
2021,Santo Domingo Este,2453,2453,30 a 44,Maria Diaz,Santo Domingo,Regular,F
2021,Santo Domingo,2454,2454,30 a 44,Javier Reyes,Distrito Nacional,Regular,M
2021,Higuey,2455,2455,30 a 44,Paola Gomez,La Altagracia,Regular,F
2021,La Romana,2456,2456,30 a 44,Pedro Castillo,La Romana,Regular,M
2021,Puerto Plata,2457,2457,30 a 44,Natalia Mendez,Puerto Plata,Regular,F
2021,San Cristobal,2458,2458,30 a 44,Andres Vargas,San Cristobal,Regular,M
2021,La Vega,2459,2459,30 a 44,Sofia Cruz,La Vega,Regular,No especificado
2021,San Cristobal,2460,2460,30 a 44,Luis Sanchez,San Cristobal,Regular,M
2021,La Vega,2461,2461,30 a 44,Ana Ramirez,La Vega,Regular,F
2021,Santiago,2462,2462,30 a 44,Jose Torres,Santiago,Regular,No especificado
2021,Santo Domingo Este,2463,2463,30 a 44,Maria Diaz,Santo Domingo,Regular,F
2021,Santo Domingo,2464,2464,30 a 44,Javier Reyes,Distrito Nacional,Regular,M
2021,Higuey,2465,2465,30 a 44,Paola Gomez,La Altagracia,Regular,F
2021,La Romana,2466,2466,30 a 44,Pedro Castillo,La Romana,Regular,M
2021,Puerto Plata,2467,2467,30 a 44,Natalia Mendez,Puerto Plata,Preferente,F
2021,San Cristobal,2468,2468,30 a 44,Andres Vargas,San Cristobal,Preferente,M
2021,La Vega,2469,2469,30 a 44,Sofia Cruz,La Vega,Preferente,F
2021,San Cristobal,2470,2470,30 a 44,Luis Sanchez,San Cristobal,Preferente,M
2021,La Vega,2471,2471,30 a 44,Ana Ramirez,La Vega,Preferente,No especificado
2021,Santiago,2472,2472,30 a 44,Jose Torres,Santiago,Preferente,M
2021,Santo Domingo Este,2473,2473,30 a 44,Maria Diaz,Santo Domingo,Preferente,F
2021,Santo Domingo,2474,2474,30 a 44,Javier Reyes,Distrito Nacional,Preferente,M
2021,Higuey,2475,2475,30 a 44,Paola Gomez,La Altagracia,Preferente,F
2021,La Romana,2476,2476,30 a 44,Pedro Castillo,La Romana,Preferente,M
2021,Puerto Plata,2477,2477,30 a 44,Natalia Mendez,Puerto Plata,Preferente,F
2021,San Cristobal,2478,2478,30 a 44,Andres Vargas,San Cristobal,Preferente,M
2021,La Vega,2479,2479,30 a 44,Sofia Cruz,La Vega,Preferente,F
2021,San Cristobal,2480,2480,30 a 44,Luis Sanchez,San Cristobal,Preferente,M
2021,La Vega,2481,2481,30 a 44,Ana Ramirez,La Vega,Corporativo,F
2021,Santiago,2482,2482,30 a 44,Jose Torres,Santiago,Corporativo,M
2021,Santo Domingo Este,2483,2483,30 a 44,Maria Diaz,Santo Domingo,Corporativo,F
2021,Santo Domingo,2484,2484,30 a 44,Javier Reyes,Distrito Nacional,Corporativo,M
2021,Higuey,2485,2485,30 a 44,Paola Gomez,La Altagracia,Corporativo,F
2021,La Romana,2486,2486,30 a 44,Pedro Castillo,La Romana,Corporativo,No especificado
2021,Puerto Plata,2487,2487,30 a 44,Natalia Mendez,Puerto Plata,Corporativo,F
2021,San Cristobal,2488,2488,30 a 44,Andres Vargas,San Cristobal,Corporativo,M
2021,La Vega,2489,2489,30 a 44,Sofia Cruz,La Vega,Corporativo,F
2021,San Cristobal,2490,2490,30 a 44,Luis Sanchez,San Cristobal,Regular,M
2021,La Vega,2491,2491,30 a 44,Ana Ramirez,La Vega,Regular,F
2021,Santiago,2492,2492,30 a 44,Jose Torres,Santiago,Regular,M
2021,Santo Domingo Este,2493,2493,30 a 44,Maria Diaz,Santo Domingo,Regular,F
2021,Santo Domingo,2494,2494,30 a 44,Javier Reyes,Distrito Nacional,Regular,M
2021,Higuey,2495,2495,30 a 44,Paola Gomez,La Altagracia,Regular,No especificado
2021,La Romana,2496,2496,30 a 44,Pedro Castillo,La Romana,Regular,M
2021,Puerto Plata,2497,2497,30 a 44,Natalia Mendez,Puerto Plata,Regular,F
2021,San Cristobal,2498,2498,30 a 44,Andres Vargas,San Cristobal,Regular,M
2021,La Vega,2499,2499,30 a 44,Sofia Cruz,La Vega,Regular,F
2022,San Cristobal,2500,2500,30 a 44,Luis Sanchez,San Cristobal,Preferente,M
