CantidadDevuelta,ClienteKey,DetalleOrdenID,DevolucionKey,FechaKey,MontoReembolso,MotivoKey,ProductoKey,TiendaKey
2,1685,14,2175,20260724,3509.88,4,244,9
1,1678,15,513,20260724,426.4,5,58,8
4,1679,16,2176,20260728,6684.16,2,126,7
3,-1,17,261,20251120,5494.14,1,190,12
2,1655,18,4432,20251124,3521.26,5,235,11
1,1656,19,2153,20251124,493.54,3,44,10
1,1635,30030,363,20251213,2052.85,3,184,7
3,1637,30032,1689,20260102,1237.35,4,41,5
1,1631,30033,1459,20260103,2040.57,1,174,3
1,1631,69804,4138,20251221,491.96,5,34,3
1,1619,69805,4594,20260101,1550.06,4,4,3
1,1615,69806,5044,20260104,1825.01,1,245,11
2,1593,60,451,20260121,4079.42,1,194,1
1,1602,61,723,20260121,1721.04,4,8,4
4,1603,62,4623,20260125,1621.4,3,76,3
1,1603,69807,4031,20260115,2181.39,2,213,3
3,1604,63,1431,20260125,6027.67,2,140,2
2,1589,74,5008,20260214,3464.68,4,144,9
1,1582,75,4773,20260214,1642.62,5,208,8
1,1976,79,334,20230703,2018.68,3,194,10
1,1972,53940,1114,20230711,410.53,5,40,6
2,1967,53941,4651,20230713,4012.9,4,212,3
1,1942,53942,4742,20230719,520.93,1,26,8
3,1954,53943,2034,20230722,1208.88,2,75,8
1,1911,118,1705,20260727,1689.31,1,189,3
1,1912,119,1348,20260727,1667.66,4,243,2
3,1919,53956,821,20260816,1172.67,4,57,11
1,1894,30090,3230,20260809,1607.46,5,110,12
1,1896,53957,3628,20260824,1455.22,1,225,10
2,1896,30091,3608,20260810,3720.1,4,214,10
3,1906,30092,3954,20260811,5528.87,1,196,12
4,1907,30093,3108,20260811,1564.78,2,14,11
1,1862,30104,229,20230126,1872.59,5,164,8
2,1864,30105,2376,20230127,782.54,4,28,6
3,1874,30106,364,20230128,1236.3,1,10,8
4,1875,30107,4609,20230128,1774.6,2,78,7
1,1859,162,4035,20230216,459.99,5,25,7
1,1845,174,562,20230308,419.3,1,93,1
1,1838,175,2227,20230308,1998.04,4,157,12
1,1839,176,1620,20230312,1709.04,3,225,11
1,1206,177,647,20240304,420.49,2,39,8
1,1207,178,1386,20240308,485.6,4,89,7
2,1128,30161,4374,20230920,923.5,3,78,6
4,1139,30163,3864,20230921,7613.36,4,128,7
1,1112,30168,1799,20230925,478.52,5,32,6
2,1122,30169,977,20230926,4331.28,4,160,8
1,1124,243,2471,20231014,509.45,5,25,6
1,1895,69860,2591,20240601,1577.94,2,218,12
1,1890,254,1387,20240521,368.47,2,39,9
1,1891,255,83,20240521,369.97,1,93,8
1,1888,256,3347,20240525,1955.92,5,161,3
1,1889,257,3477,20240525,1505.99,3,225,2
1,1625,258,2228,20230619,514.39,1,25,2
1,1592,69868,3584,20230720,1796.25,5,118,5
2,1590,69869,151,20230721,3670.48,4,100,7
1,-1,300,2171,20260726,1897.86,1,211,4
2,1768,69877,2220,20260813,2981.78,5,118,1
2,1766,54048,314,20260818,2843.02,1,6,3
3,1781,54049,1022,20260818,1013.51,2,75,2
1,1780,30220,2449,20260816,1498.76,4,126,1
2,1778,30221,978,20260817,3112.57,1,236,3
3,1777,30222,100,20260817,1185.62,2,60,6
4,1776,30223,43,20260817,7726.37,3,116,5
3,1745,30236,2835,20230130,5766.78,1,228,6
1,1882,368,338,20230424,423.41,2,93,4
1,1883,369,1619,20230424,2018.43,1,157,3
1,1833,54100,3015,20260615,402.86,1,93,5
2,1826,54101,5064,20260615,4703.52,2,161,4
3,1803,54102,1672,20260623,1398.54,3,89,3
1,1803,30294,4373,20260621,470.81,4,78,3
1,1805,54103,2906,20260624,454.95,5,61,1
2,1805,30295,471,20260622,871.26,1,60,1
4,1815,30297,2957,20260622,7248.4,3,182,3
2,1810,30299,927,20260623,4182.84,4,114,12
3,1794,30306,2538,20260720,1330.95,5,78,12
1,1778,54116,1542,20260728,1584.82,2,189,8
1,1779,447,3585,20260803,1675.2,1,225,7
1,1146,448,893,20231216,488.07,5,24,8
1,1147,449,2405,20231216,475.89,3,89,7
1,1149,69920,4874,20231209,1903.23,5,174,5
2,1161,69921,2141,20231212,3896.5,4,164,5
1,1131,69922,4241,20231221,1838.96,1,154,3
2,1133,69923,1243,20231222,3692.56,2,136,1
3,421,30352,502,20231022,1169.22,1,64,8
4,420,30353,2796,20231020,7464.08,2,128,9
1,419,504,3252,20231105,2235.34,3,161,6
1,418,69936,4660,20231104,435.24,4,86,7
1,303,530,389,20260516,415.07,5,57,6
1,302,531,3348,20260514,1921.49,3,111,7
1,309,532,196,20260516,1776.39,1,189,8
1,308,533,564,20260514,1598.9,4,243,9
2,229,54174,2506,20230423,3181.19,1,225,8
3,226,54175,3175,20230419,6789.86,2,143,7
1,233,54176,3068,20230417,1897.86,3,211,12
2,240,54177,2069,20230407,4014.36,5,139,1
1,143,590,4954,20230314,1560.06,3,207,6
3,165,30422,2797,20230224,5878.13,4,178,12
1,162,30424,2837,20230215,411.48,1,96,11
2,169,30425,2751,20230213,3518.2,2,164,4
3,168,30426,4151,20230211,5652.6,3,228,5
4,16,30427,143,20250930,1483.72,5,82,1
1,15,610,2359,20250930,1598.9,4,243,10
1,14,30428,1664,20250927,389.74,4,64,11
1,14,611,773,20250928,415.07,5,57,11
1,2483,670,2518,20260313,2356.61,5,143,10
1,1,678,383,20260219,1975.53,1,125,4
3,2500,54232,3188,20260222,4731.05,3,207,5
1,2397,30488,2890,20260201,2157.6,1,196,12
2,2396,30489,465,20260130,800.42,2,10,1
1,2404,69994,3088,20260115,1853.17,5,218,1
2,2402,69995,3475,20260112,844.46,4,68,11
1,2406,69996,4726,20260107,368.58,1,54,11
2,2260,69997,2716,20250109,872.26,2,50,5
2,2262,69999,3790,20250121,793.22,5,18,3
1,2276,70000,4483,20241223,1520.25,3,4,9
1,2275,720,1250,20241228,363.51,1,64,6
1,2274,721,384,20241226,2343.06,4,125,7
2,2274,70001,489,20250109,3808.32,5,236,7
1,2281,722,833,20241228,2018.68,3,194,8
1,2278,70002,558,20250104,2136.76,4,222,7
2,2292,70003,3204,20241224,4332.82,1,214,1
1,2295,734,3792,20241212,478.64,4,14,10
1,2294,735,2402,20241210,325.62,5,75,11
1,2301,736,1342,20241212,1512.78,2,145,4
1,2300,737,1621,20241210,1339.62,1,207,5
1,2309,738,1957,20241206,1353.49,5,7,4
1,1306,70014,4140,20250312,2056.5,2,204,7
1,1316,30540,3229,20250302,452.7,1,78,1
1,1316,70016,331,20250304,1835.17,5,172,1
2,1325,30541,365,20250222,3525.44,2,146,12
3,1324,30542,5056,20250220,5090.29,3,210,1
4,1322,30543,141,20250217,1304.14,5,64,11
2,1322,70017,2222,20250221,3840.14,4,168,11
1,1333,780,1776,20250213,1779.25,4,211,4
1,1332,781,2472,20250211,425.37,5,25,5
1,1341,782,951,20250207,406.97,2,93,4
1,1340,783,2229,20250205,2120.37,1,157,5
2,1229,30555,613,20250117,757,1,64,8
3,1228,30556,5021,20250115,5430.12,2,128,9
1,1227,794,4496,20250122,2165.49,5,161,6
1,1226,54290,1239,20250123,1650.47,2,243,7
2,1233,54291,2908,20250121,919.18,3,61,8
3,1230,54292,1818,20250117,6309,5,239,7
1,1236,54293,3869,20250114,404.96,4,84,1
1,1236,801,2406,20250102,363.51,1,64,1
1,1244,803,1209,20241227,2018.68,3,194,1
1,1099,814,2474,20231227,1593.97,1,207,10
1,1098,815,3793,20231225,478.64,4,14,11
1,1105,816,1005,20231227,475.89,3,89,12
1,1104,817,3850,20231225,1802.34,2,144,1
1,1103,818,2360,20231227,2039.71,4,194,10
2,1117,54304,1027,20231223,814.06,2,75,4
3,1114,54305,3456,20231219,5533.41,3,244,3
1,1121,54306,4222,20231217,450.3,5,61,4
2,1118,54307,715,20231213,3307.64,4,239,3
3,1124,54308,1182,20231210,5285.42,1,215,9
1,1045,860,3478,20240630,2120.37,1,157,8
1,1044,861,2544,20240628,1976.94,4,211,9
3,1068,30612,662,20240605,1000.59,2,64,1
1,1067,874,4815,20240608,2071.73,4,107,10
4,1066,30613,5022,20240602,7837.49,3,178,11
1,1085,30618,4965,20240531,2122.65,2,214,4
2,1084,30619,101,20240529,782.54,3,28,5
1,859,924,3093,20230326,484.72,2,25,6
1,863,928,4665,20230326,395.74,1,11,6
1,862,929,887,20230324,411.1,4,75,7
2,884,54363,3522,20230306,3947.16,3,175,5
3,900,54368,4799,20230301,5298.97,2,139,9
1,781,54369,4986,20231104,1712.68,3,207,8
3,782,30672,3165,20231023,5663.49,3,110,7
1,794,70074,332,20231001,1835.17,3,172,11
2,798,70075,4952,20231016,4320.16,5,168,11
1,804,70076,1999,20231013,1988.81,4,150,5
2,810,70077,2397,20231002,3656.7,1,136,3
3,814,30686,1360,20230917,1185.78,2,28,3
2,820,70079,2592,20230924,4047.9,3,104,9
1,827,984,3094,20230906,1749.78,1,175,6
1,826,985,2989,20230904,1501.35,4,236,7
1,833,986,2,20230906,342.53,3,57,8
1,832,987,1148,20230904,1862.61,2,116,9
1,831,988,3253,20230906,1955.93,4,161,6
1,1679,1020,1626,20241229,2233.76,3,224,2
4,1678,1021,1071,20241227,7868.64,2,164,3
3,1685,1022,3292,20241225,5828.76,1,102,4
2,1684,1023,1778,20241223,911.16,4,44,5
4,1536,1029,2651,20240104,9196.08,4,188,9
1,1539,1034,2232,20231219,2275.82,5,214,6
1,1554,54420,4573,20231128,1338.08,3,235,11
2,1569,54421,2123,20231208,812.78,5,40,4
1,1568,54422,2267,20231206,1742.88,4,225,5
3,1571,30744,707,20231129,6196.59,2,241,2
1,1570,30745,3700,20231127,2168.12,3,185,3
2,1577,30746,299,20231125,4548.3,5,125,8
3,1585,30747,4199,20231116,5070.6,4,235,8
1,1584,30748,2242,20231114,2054.97,1,175,9
1,1472,54434,2766,20240715,2061.33,2,148,1
1,1470,54436,4520,20240711,422.05,5,86,11
2,1475,54437,4867,20240707,3806.46,4,174,10
2,1489,54439,2576,20240625,4538.36,2,168,4
1,1487,1080,771,20240616,2225.49,5,124,2
2,1492,1083,4780,20240610,3375.14,1,198,5
1,1507,1094,2926,20240523,1811.13,4,114,6
4,1506,1095,835,20240610,1598.79,5,60,7
3,1513,1096,1072,20240608,5845.84,3,242,12
2,1512,1097,2652,20240606,4180.02,2,188,1
1,-1,1098,1073,20240529,1778.11,1,108,12
1,1433,30802,3448,20240417,2139.03,5,213,12
1,1583,1150,4176,20251113,1981.78,4,102,6
1,1601,70132,3927,20251113,1882.2,5,237,12
1,1599,70133,2279,20251110,1993.93,4,175,10
2,1489,54493,2210,20260702,896.7,3,68,4
1,1488,54494,4741,20260626,1475.54,3,4,5
2,1487,54495,316,20260714,2970.8,5,6,2
1,1486,54496,317,20260712,2016.78,4,192,3
2,1491,54497,1120,20260708,862.54,1,40,2
2,1505,54499,64,20260626,976.14,3,24,8
2,1519,54507,4386,20260529,4143.96,3,178,10
2,1536,30860,4450,20260509,3940.67,3,121,5
3,1535,30861,5024,20260527,5698.5,5,245,2
1,1534,30862,2955,20260525,1778.83,4,181,3
2,1541,30863,4963,20260523,4221.55,1,123,4
1,1539,70146,1564,20260514,2042.68,3,165,2
2,1440,30876,1462,20260421,3967.52,5,165,1
1,1295,1230,4404,20250403,2260.96,4,152,2
1,440,54552,1597,20241025,1688.27,5,126,1
2,445,54553,4864,20241021,3924.18,4,174,12
1,344,54564,2970,20250604,368.88,1,48,9
2,347,54567,4384,20250527,884.54,5,34,6
1,347,1290,2656,20250603,420.33,1,52,6
4,346,1291,391,20250601,7226.87,4,248,7
3,-1,1292,900,20250530,5004.57,5,190,12
2,-1,1293,4895,20250528,3445.44,3,126,1
1,359,30938,4697,20250506,2062.87,3,185,10
1,377,1304,1953,20250504,1891.5,2,164,4
4,376,1305,3650,20250502,7177.48,1,110,5
3,375,1306,3293,20250430,1347.15,4,42,2
2,374,1307,2424,20250428,3824.68,5,238,3
1,381,1308,1830,20250426,2069.26,3,158,4
1,155,70190,77,20240225,1796.98,3,181,2
2,160,1353,1432,20240227,4204.3,4,148,9
1,169,70191,330,20240305,1942.5,5,215,8
1,173,70192,601,20240229,1708.19,4,209,8
2,185,30992,473,20240213,1015.98,5,35,12
1,185,1364,499,20240207,382.25,3,64,12
2,182,1367,1433,20240201,3832.54,4,138,11
1,189,1368,515,20240130,418.04,5,58,12
4,188,1369,4896,20240128,6876.48,3,244,1
2,89,54623,2211,20240919,3376.08,5,218,8
1,88,54624,4743,20240913,1857.17,5,154,9
2,93,54625,4650,20240909,4116.4,4,202,8
1,92,54626,1990,20240907,2040.92,1,148,9
2,91,54627,1545,20240905,4327.3,2,150,6
1,109,70204,4429,20240825,381.45,5,43,12
1,107,70205,4169,20240822,397.76,4,96,10
1,121,70206,4484,20240811,1688.85,1,121,4
1,125,70207,1143,20240806,1826.82,2,115,4
3,122,31030,2961,20240818,5753.76,2,106,3
1,129,31031,3902,20240816,345.36,3,45,8
2,9,31032,2601,20240807,3846.72,5,191,8
3,8,31033,4692,20240805,5480.37,4,137,9
1,27,1430,1565,20240710,1742.36,3,118,10
3,26,31046,4049,20240711,1468.98,3,25,11
4,2396,1445,3315,20230626,9010.28,2,188,9
1,-1,1448,1206,20230620,1721.07,5,236,8
4,-1,1449,763,20230618,7558.72,3,172,9
2,2333,54683,2679,20240111,771.98,4,64,12
1,2334,54688,4582,20231226,2199.17,5,186,11
2,767,54689,2973,20250604,861.3,4,24,6
1,779,1500,3349,20250528,393.2,3,96,10
4,778,1501,1405,20250526,1691.08,2,32,11
1,785,31103,3402,20250523,1827.12,3,195,12
3,785,1502,2233,20250524,5889.01,1,224,12
2,784,1503,3350,20250522,4279.98,4,170,1
1,782,54696,1185,20250525,392.93,3,48,11
2,796,31108,2697,20250521,894.92,2,21,5
3,795,31109,617,20250519,1428.84,3,23,2
1,799,1514,2829,20250504,452.83,5,86,2
3,593,1562,2922,20240227,6743.22,2,124,12
1,607,1574,1347,20240207,1574.59,4,236,2
4,606,1575,764,20240225,6613.88,5,172,3
3,613,31162,4150,20240215,1183.91,3,85,8
3,613,1576,509,20240223,5627.43,3,114,8
2,612,1577,2991,20240221,826.34,2,60,9
1,621,1578,3097,20240213,2104.34,1,230,8
1,620,54740,1876,20240131,1979.69,5,148,9
2,619,54741,1991,20240129,4545.84,4,150,6
1,618,54742,4420,20240127,439.64,1,86,7
2,623,54743,246,20240123,3963.42,2,174,6
1,-1,70263,1894,20241001,495.3,4,15,10
2,-1,31177,3495,20240922,810.92,3,65,11
1,526,54756,3194,20240919,1749.87,4,156,3
1,539,70268,4237,20240825,413.68,5,26,6
1,543,70269,2040,20240820,337.49,4,56,6
3,465,1642,2787,20240704,1305.87,2,68,8
2,464,1643,4175,20240702,2861.64,1,4,9
1,319,1654,2290,20231102,1812.35,4,180,6
4,318,1655,1278,20231120,8738.18,5,116,7
3,325,1656,1279,20231118,1203.96,3,58,12
2,324,1657,1566,20231116,3617.32,2,244,1
1,333,1658,1952,20231108,1929.33,1,164,12
1,341,31234,3702,20231015,1778.24,3,235,4
2,349,31235,926,20231026,745.54,5,91,4
3,348,31236,982,20231024,1239.48,4,37,5
1,347,31237,3043,20231022,442.16,1,39,2
2,346,31238,4964,20231020,3316.56,2,225,3
2,-1,54819,2334,20240421,3002.74,1,6,6
1,-1,1710,2291,20240414,483.29,4,24,6
1,287,1714,772,20240422,409.68,2,58,6
4,300,1719,2788,20240406,7964.76,2,238,1
1,298,54826,247,20240411,2174.83,5,158,11
2,1454,31298,4196,20260813,3624.28,3,176,11
3,1460,31299,1362,20260830,1277.68,5,35,1
1,1470,31306,860,20260807,1720.92,3,135,3
1,1490,1770,192,20260724,2020.95,1,174,7
4,1497,1771,4178,20260722,7290.15,4,120,12
3,1496,1772,2647,20260720,1441.14,5,52,1
2,1505,1773,1271,20260712,4153.38,3,248,12
4,1507,1779,2718,20260626,7974.8,3,138,10
1,1392,1784,1709,20230727,1853.67,1,164,5
1,1392,70320,1700,20230715,430.25,5,21,5
1,1396,70321,1895,20230710,466.73,4,15,5
1,1394,70322,1617,20230707,2090.57,1,203,3
1,1408,70323,3925,20230626,1882.2,2,237,9
1,1407,54870,2971,20230628,400.95,5,48,6
1,1411,54872,1944,20230622,455.29,1,32,6
1,1433,31350,1413,20230602,366.67,3,47,4
2,1432,31351,1414,20230620,3430.14,5,239,5
3,1440,31352,861,20230611,4594.86,4,135,5
1,1439,31353,4452,20230609,409.5,1,71,2
2,1442,54885,3872,20230606,832.97,5,78,3
1,1449,54886,3839,20230604,405,4,14,8
1,1337,31366,4501,20230515,1867.15,5,219,12
1,-1,70336,3981,20230506,2294.83,4,187,1
1,1202,1850,725,20251212,1826.82,1,115,3
2,1217,1853,510,20251130,3737.44,3,182,8
1,1232,1864,726,20251116,1691.79,1,108,1
2,1171,31428,1317,20260510,4652.96,5,215,2
3,1170,31429,2963,20260508,5399.01,4,217,3
1,1183,54942,1945,20260508,1670.17,5,198,6
1,1187,54944,548,20260428,1944.23,4,182,6
2,1186,54945,3017,20260426,4146.34,1,184,7
1,1193,54946,179,20260424,1968.27,2,130,12
2,1072,54947,3566,20260414,3449.46,3,218,1
1,1071,54948,3716,20260412,1893.58,5,154,10
3,1070,1926,256,20260413,6597.66,1,114,11
1,1076,1928,2226,20260409,2022.62,5,230,1
4,1075,1929,3476,20260407,8472.76,3,166,10
3,990,31482,4508,20250217,1270.98,4,29,3
1,996,31483,581,20250214,1703.71,1,135,5
1,994,1980,5082,20250207,1865.2,2,102,3
1,511,2030,5083,20230322,2202.56,1,196,2
1,511,70394,5074,20230310,457.88,5,53,2
1,525,70395,3727,20230227,464.05,4,87,8
3,523,2036,195,20230228,5230.74,1,108,6
2,522,2037,1901,20230226,920.64,4,44,7
1,-1,2038,4953,20230224,2144.52,5,214,8
1,-1,70396,5134,20230222,481.76,1,71,8
1,-1,70397,1380,20230219,1800.48,2,153,6
2,443,31554,418,20230922,783.58,5,91,6
3,449,31555,2490,20230919,4832.8,4,207,8
1,448,31556,3330,20230917,2239.95,1,143,9
2,447,31557,2377,20230915,3791.08,2,145,6
1,462,55042,2037,20230915,325.85,4,56,11
1,479,2090,4401,20230825,406.91,2,96,2
4,478,2091,1350,20230823,1308.86,1,36,3
3,485,2092,2596,20230821,5482.87,4,224,8
2,484,2093,3587,20230819,3503.17,5,166,9
1,381,2104,1794,20230726,1783.91,3,208,12
4,380,2105,3142,20230724,6789.36,2,144,1
3,379,2106,2824,20230722,1345.29,1,86,10
2,378,2107,727,20230720,874.78,4,22,11
2,385,55057,1994,20230727,3806.46,4,174,12
1,385,2108,1281,20230718,1840.56,5,192,12
3,272,31612,4286,20260123,5589.57,1,237,1
1,287,2150,2007,20260108,1760.33,5,118,2
1,189,2164,1436,20230111,1778.11,5,108,12
4,188,2165,1567,20230109,1879.24,3,44,1
1,193,2168,1568,20230103,399.68,4,92,12
4,192,2169,899,20230121,1619.12,5,38,1
1,-1,55112,1125,20260710,2040.92,3,148,1
1,-1,55114,712,20260702,1836.9,5,208,11
2,125,55115,1482,20260622,675.22,4,46,4
1,124,55116,2974,20260620,2205.48,1,232,5
2,129,55117,1995,20260616,854.24,2,40,4
1,126,31670,3006,20260620,1783,4,153,3
2,133,31671,3900,20260618,865.96,1,95,8
3,2481,31672,163,20250622,6529.74,2,241,4
1,2480,31673,4693,20250620,2227.33,3,187,5
1,2497,70452,495,20250602,353.53,1,93,8
1,-1,2230,4889,20250529,1876.43,5,168,6
1,-1,31686,3041,20250526,358.19,1,75,7
1,1078,2248,1343,20231021,384.96,4,36,4
4,1079,2249,257,20231110,8123.92,5,222,3
1,1415,55172,4577,20250110,1445.73,5,4,3
2,1416,55173,4382,20250110,3620.08,4,128,2
1,1416,2300,834,20250101,1876.45,5,146,2
1,1417,31742,4694,20250116,361.42,4,54,1
4,1417,2301,4093,20250101,1701.64,3,84,1
2,1426,31743,3663,20250116,3612.76,1,245,4
3,1426,2302,1274,20250101,1435.5,2,24,4
2,1427,2303,3090,20250101,4201.52,1,214,3
1,1399,55178,1269,20240505,367.15,5,82,3
3,1399,31748,4695,20240509,1387.47,4,71,3
2,1400,55179,3671,20240505,785.38,4,84,2
1,1400,31749,3609,20240509,391.7,1,73,2
1,1412,2314,2988,20240506,1864.2,4,136,2
3,1330,2362,4813,20240810,6003.99,3,174,4
1,1343,31800,1107,20260429,1700.12,1,7,10
1,1343,2374,452,20260503,373.41,1,36,10
2,1342,31801,2450,20260427,4020.24,2,193,11
4,1342,2375,385,20260501,8631.64,4,222,11
3,1349,31802,1231,20260425,5369.28,3,135,4
3,1349,2376,2084,20260429,5561.01,5,164,4
2,1348,2377,3647,20260427,3850.42,3,110,5
1,1357,31803,1800,20260416,2132.16,5,241,4
1,1357,2378,3794,20260419,427.95,2,30,4
1,1375,31816,4455,20260322,2324.64,2,179,6
2,1389,55231,1871,20260313,3884.94,1,174,12
1,1388,55232,2911,20260311,2016.42,2,120,1
2,1387,55233,4522,20260309,3920.66,3,228,10
1,1292,55244,1987,20230306,2081.74,5,148,9
1,1290,55246,3915,20230302,426.45,1,86,7
2,1295,55247,2125,20230226,3845.7,2,174,6
2,1309,55249,3765,20230306,3752.86,5,168,12
1,1323,2440,3479,20230128,2256.32,4,224,2
2,1328,2443,1147,20230211,777.84,2,48,5
1,1215,2454,3480,20230124,2100.76,1,214,6
4,1214,2455,957,20230122,8662.55,4,160,7
1,1229,2458,888,20260825,1989.78,2,206,12
1,1231,70524,3024,20260815,328.93,4,37,10
2,1237,31874,4412,20260817,722.71,1,29,4
3,1085,31875,472,20250821,4517.11,2,136,4
1,1085,70525,4118,20250817,454.54,1,26,4
1,1084,31876,4456,20250819,428.77,3,71,5
2,1083,31877,3498,20250817,662.87,5,73,2
1,1083,70526,3531,20250814,1422.89,2,216,2
1,1087,70527,1242,20250809,1392.58,3,243,2
1,1099,70529,2281,20250726,1871.85,4,175,6
1,1035,2510,2545,20230728,444,1,68,3
4,1048,2515,2288,20230724,1735.96,2,38,2
2,1043,55303,2456,20230806,905.4,1,68,11
1,1032,55308,2578,20230810,1515.76,4,226,2
2,1027,55309,4227,20230812,898.86,1,26,11
1,1402,31932,1461,20240820,1610.58,2,165,12
3,1395,31947,466,20240909,1508.58,2,35,3
1,1355,2570,1500,20241014,1908.21,2,218,3
4,1356,2571,3382,20241014,7283,1,154,2
3,1357,2572,4277,20241014,1316.73,4,96,1
2,1366,2573,1409,20241014,892,5,32,4
2,1292,31990,297,20240406,697.41,1,81,6
3,1293,31991,621,20240406,1345.62,2,23,5
1,1303,31992,5107,20240407,2371.13,3,179,7
1,1304,55362,2213,20240331,1705.49,1,126,6
2,1304,31993,233,20240407,4366.52,5,115,6
2,1299,55363,1989,20240402,3963.42,2,174,3
1,1272,55374,322,20240430,388.92,3,48,2
2,2231,55377,3174,20250108,4369.16,1,178,3
1,-1,2650,3254,20250119,2284.27,2,152,11
4,-1,2651,1042,20250119,1932.48,1,98,10
3,-1,2652,2085,20250119,1293.81,4,40,9
2,-1,2653,2541,20250119,3525,5,226,12
1,2199,70583,2640,20250209,1759.8,1,225,11
1,2211,2664,200,20250208,2237.91,2,142,11
3,2213,32034,701,20250129,6129.96,3,241,9
1,2207,32035,1741,20250219,2370.98,5,107,7
2,2182,32036,4506,20250225,818.05,4,43,8
3,2183,32037,4288,20250225,939.95,1,45,7
1,2191,70588,1381,20250224,1800.03,4,209,3
1,2167,70589,3132,20240620,1987.85,1,147,7
2,2130,2713,1503,20240804,3672.34,1,104,12
2,2110,2727,4536,20240824,716.43,1,94,8
1,2111,2728,1627,20240824,391.2,4,14,7
4,2086,2729,3030,20240919,7326.05,5,206,8
2,2099,55433,2579,20240922,3449.46,1,218,7
1,2100,55434,4721,20240918,1893.58,1,154,6
2,719,55435,4162,20230822,3245.63,2,202,10
1,718,55436,991,20230820,1649,3,146,11
2,-1,55437,5027,20230818,844.78,5,34,4
2,731,55439,1599,20230806,844.46,1,68,2
1,737,32098,4200,20230728,2041.82,3,185,4
2,735,32099,167,20230814,885.06,5,41,2
1,1437,2780,567,20230701,1838.54,3,146,4
3,1449,2786,387,20230629,1304.28,3,58,4
2,1448,2787,2180,20230627,3581.5,2,244,5
1,1447,2788,1438,20230625,1910.42,1,164,2
1,1347,2804,3481,20240127,2210.17,5,214,10
1,-1,2808,1041,20240119,1748.59,4,208,10
3,-1,32150,3266,20240116,1373.64,3,53,5
1,1365,32151,5023,20240128,1880.87,5,245,4
2,1363,32152,3810,20240125,4244.24,4,141,2
3,1362,32153,3957,20240123,1323.91,1,87,3
1,1382,55490,68,20231221,400.95,5,48,7
1,1388,55492,3767,20231217,1757.93,1,234,1
3,1388,32166,3811,20231229,6972.03,5,224,1
2,1267,55493,1909,20231207,752.3,2,74,10
1,1276,55498,3917,20231211,360.5,1,86,5
2,1283,55499,3625,20231201,4191.32,2,175,2
1,1293,70640,4731,20231126,1760.63,1,235,8
2,1140,2853,1920,20260720,3618.7,2,198,9
1,1139,70641,2779,20260713,461.96,2,15,6
2,1143,55507,1325,20260629,4450.98,2,124,6
1,1143,70642,4490,20260708,1265.33,3,9,6
1,1149,2860,1284,20260704,354.09,3,90,12
1,1149,70643,3634,20260705,2296.64,5,197,12
2,1160,2867,2528,20260630,4644.48,2,188,1
1,1159,2868,2080,20260628,1743.58,1,108,10
4,1158,2869,1570,20260626,1841.28,4,44,11
3,1093,32223,1229,20230527,5467.89,4,145,4
1,1091,70656,4759,20230518,2272.33,2,187,2
1,1094,32228,4457,20230511,2024.78,5,221,3
2,1101,32229,1048,20230509,4284.5,4,223,8
1,1117,2920,2009,20230420,1834.82,4,218,12
4,1116,2921,5081,20230508,6991.68,5,154,1
1,1126,55550,3426,20230417,1784.34,1,154,11
2,1133,55551,3520,20230415,3814.32,2,156,4
1,1132,55552,3454,20230413,383.85,3,92,5
4,1010,2935,2657,20230408,7069.36,4,144,3
3,-1,2936,4498,20230406,1279.35,5,86,4
2,-1,2937,1067,20230404,910.5,3,22,5
1,-1,2938,2929,20230402,1918.88,2,192,2
1,1036,55564,1750,20230310,2090.38,4,158,1
1,-1,55566,69,20251024,1812.1,2,182,7
2,893,55569,3239,20251016,4369.16,4,178,12
2,921,32282,366,20251003,1005.72,4,35,4
1,925,2980,1505,20250927,1814.21,1,118,8
1,600,2994,2081,20250724,1674.53,2,108,1
1,599,32297,2115,20250724,471.49,4,15,10
4,599,2995,2156,20250722,1936.2,1,44,10
1,604,2998,2181,20250716,411.55,3,92,5
3,-1,3036,765,20241004,6274.26,4,114,11
1,380,3038,4956,20240930,2104.34,3,230,5
4,389,3039,2234,20240922,8065.4,2,166,4
1,405,55622,550,20240905,1848.26,2,248,8
1,421,55628,2804,20240830,1865.69,2,204,12
2,420,55629,1025,20240828,3934.34,3,206,1
1,422,32354,1470,20240811,1933.61,5,107,11
2,428,32355,4053,20240808,2744.15,4,216,5
3,309,32356,3695,20250413,6617.97,1,159,4
1,308,32357,3696,20250411,2258.2,2,151,5
1,307,55636,250,20250411,1674.53,1,108,2
1,340,3090,4322,20250325,1942.92,1,102,1
1,360,3104,2475,20250301,2122.64,2,214,5
1,244,70718,2864,20250217,1307.74,1,3,9
1,248,70719,603,20250212,393.11,2,37,9
2,133,32412,583,20240105,3541.64,1,243,8
2,140,55681,2207,20240105,4232.88,2,168,1
1,-1,55682,4930,20231228,2128.28,3,104,12
2,-1,55683,3769,20231226,4214.84,5,104,1
1,-1,3150,890,20231225,2292.25,3,124,1
3,-1,3152,4435,20231221,4650.18,1,4,11
2,153,3153,2046,20231219,3479.52,4,198,12
3,150,32426,3404,20231229,4381.89,4,4,11
1,168,3164,4807,20231205,1759.98,3,115,5
4,167,3165,955,20231203,1508.96,2,60,2
3,166,3166,5009,20231201,4469.4,1,245,3
2,173,3167,3140,20231129,3529.81,4,188,8
1,172,3168,1066,20231127,1329.27,5,108,9
2,52,55695,871,20240804,790.52,1,28,9
1,51,55696,3629,20240802,2275.82,2,214,6
3,2487,32470,4698,20240601,5816.56,4,169,10
1,2486,32471,4632,20240530,1702.69,1,101,11
2,2492,32472,1862,20240527,2872.03,2,7,1
3,2491,32473,3751,20240525,5603.97,3,193,10
2,2360,32485,102,20230510,3645.26,4,145,5
1,2360,3230,188,20230515,2020.95,3,174,5
3,2359,32486,2956,20230508,991.64,1,81,2
2,888,3233,2292,20250926,4153.38,4,248,1
1,913,3244,1280,20250906,346.98,3,58,4
4,912,3245,1349,20250904,6806.76,2,246,5
3,911,3246,3290,20250902,5487.06,1,186,2
2,910,3247,2789,20250831,3066.45,4,126,3
1,917,3248,189,20250829,300.51,5,46,4
1,816,55752,1878,20250729,2020.51,1,148,1
1,820,55754,1992,20250808,1979.47,2,132,1
2,819,55755,482,20250806,4405.86,3,134,10
1,818,55756,2636,20250804,489,5,80,11
2,833,55757,3069,20250725,4451.08,4,168,4
1,832,55758,4931,20250723,2044.82,1,104,5
1,691,70772,2354,20240709,1760.68,2,181,6
2,696,3293,1706,20240701,4122.66,1,148,1
1,705,70773,447,20240628,2213.54,3,215,12
1,707,3300,3891,20240625,2307.58,3,152,10
2,724,32548,4195,20240610,873.51,4,87,5
3,723,32549,1662,20240608,1281.98,1,89,2
1,-1,70786,1557,20241230,1924.84,1,165,4
1,675,3360,4091,20241128,355.66,5,52,10
1,674,55810,3627,20241209,1353.7,2,225,11
4,674,3361,3642,20241126,6108.2,3,245,11
3,681,3362,1272,20241124,4243.02,2,190,4
2,680,3363,1144,20241122,3813.21,1,125,5
2,561,55811,3521,20241129,787.54,3,65,4
1,560,55812,3428,20241127,1445.73,5,4,5
2,565,55813,1674,20241123,738.3,4,55,4
3,577,32600,2698,20241110,1319.34,1,13,8
1,577,3374,3934,20241029,453.49,4,42,8
1,576,32601,105,20241108,1910.24,2,209,9
2,575,32602,2602,20241106,4375.5,3,141,6
3,581,32603,1535,20241103,4803.24,5,7,8
3,721,32616,4559,20260626,6062.31,2,185,4
1,659,3440,2719,20230514,1956.05,5,240,6
4,658,3441,3385,20230512,8512.84,3,176,7
3,665,3442,1896,20230510,5227.08,2,118,12
2,664,3443,4537,20230508,730,1,54,1
2,670,3447,1400,20230510,931.14,3,88,11
1,677,3448,2720,20230508,1704,2,8,12
1,689,3454,4036,20230414,2063.48,4,230,4
1,690,55870,2630,20230407,469.64,3,80,3
2,577,55871,2208,20230417,4276.52,5,168,8
1,576,55872,4932,20230415,2149.15,4,104,9
1,575,32674,586,20230408,502.86,1,35,6
2,581,55873,4649,20230411,4475.28,1,152,8
2,581,32675,4055,20230405,4550.52,2,141,8
3,580,32676,4560,20230403,1296.61,3,87,9
1,579,32677,1669,20230401,480.74,5,89,6
2,578,32678,2606,20230330,1028.78,4,25,7
2,58,55885,1675,20230309,799.32,3,74,11
1,65,55886,4744,20230307,405.9,5,20,12
1,63,55888,182,20230303,1801.58,1,208,10
1,80,3500,2178,20230220,1598.67,1,118,5
1,100,3514,4811,20230127,1795.37,2,108,1
4,109,3515,4893,20230119,1898.24,1,44,12
1,106,3518,2420,20230113,403.63,3,92,11
4,113,3519,767,20230111,1635.8,2,38,12
1,4,70845,1001,20230911,1595.32,3,136,9
2,10,32731,4556,20230824,2887.43,1,235,7
1,10,70846,4593,20230831,1749.17,5,121,7
3,17,32732,4335,20230822,5499.63,2,176,8
1,16,70847,3786,20230828,1660.16,4,203,9
1,44,32746,4336,20230720,2041.82,1,185,5
1,2436,3570,4034,20230714,2256.32,1,224,9
1,2440,3574,1832,20230702,1652.88,3,8,1
4,2453,3579,3645,20230616,9288.96,3,188,12
1,2451,55942,2772,20230621,1743.58,3,108,10
2,2312,55949,3278,20260206,4708.38,5,152,5
1,2339,32790,4557,20260101,413.65,1,94,6
2,2338,32791,1017,20251230,884.32,2,39,7
3,-1,32792,4702,20251227,6188.61,3,185,1
1,2353,32793,4202,20251219,1970.33,5,121,12
1,2245,32804,4703,20260819,409.5,2,71,4
2,2244,32805,2494,20260817,632.73,3,73,5
3,2243,32806,3903,20260815,1239.84,5,19,2
1,2242,32807,5055,20260813,1813.07,4,201,3
4,2289,3655,728,20260627,7819.96,2,138,4
2,2085,32868,1466,20250426,952.5,2,15,12
3,2084,32869,3405,20250424,1509.72,3,17,1
3,2082,3712,2082,20250413,6062.85,1,174,11
4,1985,3725,4,20251201,7023.8,2,222,8
3,1984,3726,2721,20251129,4654.97,1,165,9
2,1983,3727,2653,20251127,3140.17,4,110,6
1,15,3728,3588,20250513,393.37,5,30,10
1,14,56030,713,20250516,1722.36,4,198,11
2,21,56031,1121,20250514,3602.36,1,200,4
1,20,56032,484,20250512,1756.66,2,136,5
2,27,56033,3523,20250502,4693.14,3,224,2
1,2424,56044,2392,20251220,2102.79,5,194,1
1,2430,56046,4015,20251208,1709.63,1,226,11
2,2435,56047,65,20251204,947.44,2,24,10
1,2457,70916,1031,20251121,361.69,2,55,8
1,2463,32920,4967,20251121,1847.94,2,191,6
2,2462,32921,3008,20251119,3545.1,3,135,7
3,2469,32922,4332,20251117,1389.81,5,79,8
1,2467,32923,4453,20251114,2020.77,4,185,6
3,2357,3786,886,20251020,1124.25,2,64,12
1,2355,3788,1282,20251016,1690.36,4,180,10
4,2354,3789,390,20251103,8922.14,5,116,11
2,2360,32934,4968,20251025,1018.9,1,25,5
1,2367,32936,1537,20251014,2167.76,3,113,2
1,2223,3804,2597,20241009,1981.76,3,230,6
4,2222,3805,2473,20241007,8309.8,2,166,7
3,2229,3806,1068,20241005,5075.37,1,108,8
2,2228,3807,1897,20241003,977.6,4,44,9
1,2227,3808,2230,20241001,2275.82,5,214,6
3,2177,3852,1498,20250330,1189.83,2,18,4
2,2176,3853,4094,20250328,4240.2,1,204,5
1,2178,56108,5065,20250329,426.46,4,76,3
2,2185,56109,3333,20250327,905.4,1,78,8
2,2197,32994,4926,20250324,3828.74,2,229,8
3,2197,3866,4814,20250310,5112,2,8,8
2,2196,3867,81,20250308,4037.36,1,194,9
3,2195,32995,4290,20250321,1311.21,3,85,6
1,2195,3868,894,20250306,2091.42,4,114,6
1,2194,32996,1928,20250319,425.95,5,21,7
4,2194,3869,1344,20250324,1832.32,5,60,7
2,2201,32997,1018,20250317,906.32,4,23,12
2,2207,56117,2212,20250307,835.76,4,68,10
1,1987,70960,3885,20240521,2403.28,2,143,10
1,1993,3920,3589,20240507,2166.07,5,224,4
1,1993,70961,1337,20240518,355.98,3,81,4
3,1992,33038,419,20240514,6115.29,1,131,5
4,1992,3921,2826,20240505,9397.36,3,170,5
1,2001,33039,1640,20240506,387.93,2,73,4
3,2001,3922,3295,20240427,5653.89,2,102,4
2,2000,3923,1275,20240425,817.94,1,48,5
1,1999,70962,4878,20240507,2316.93,5,115,2
1,2003,70963,2821,20240502,1834.09,4,109,2
4,2002,3929,3644,20240429,8917.4,1,188,3
1,2015,3934,2231,20240407,2210.17,4,214,6
1,1902,56160,4017,20241206,1724.13,5,234,11
1,1906,56162,2265,20241130,1353.7,1,225,11
2,1913,56163,2266,20241128,2673.55,2,225,4
1,1938,56174,1874,20241027,2000.1,3,148,7
1,1945,70976,3635,20241105,499.56,3,25,12
2,1951,56177,4865,20241102,4041.9,1,174,10
1,2486,3980,386,20250903,2158.73,4,124,8
2,2489,3983,1406,20250923,3583.9,2,198,5
1,2495,33092,2799,20250918,446.11,2,59,3
1,2482,3994,1,20251009,2199.22,1,114,4
4,2483,3995,840,20251009,1760.48,4,60,3
3,2484,3996,1958,20251009,7083.75,5,242,2
2,2485,3997,2524,20251009,4598.04,3,188,1
1,2478,3998,1069,20251009,1726.32,2,108,12
1,2467,33105,1974,20251017,2183.26,1,115,3
2,2468,33106,420,20251017,830.14,2,57,2
4,2407,4031,259,20250331,8389.84,5,248,7
1,2402,4044,3939,20250331,2177.4,4,186,8
4,2403,4045,731,20250420,7995.64,5,122,7
3,2404,4046,1388,20250420,1135.5,3,64,6
2,2405,4047,341,20250420,768.72,2,10,5
1,2398,4048,769,20250420,1707.79,1,180,4
1,2367,56234,4228,20250519,410.04,1,20,11
2,2342,56235,4523,20250525,839.32,2,12,12
1,2343,56236,717,20250525,1819.24,3,208,11
2,2354,56237,4866,20250527,682.64,5,46,12
3,2351,33164,1312,20250604,5759.74,1,215,7
1,1718,33165,799,20260528,1623.23,2,217,8
2,-1,33166,858,20260528,3076.55,3,153,7
3,-1,33167,2840,20260528,1113.39,5,95,6
4,1703,4091,1833,20260618,8326.96,4,148,3
1,1710,71014,4599,20260622,468.6,1,87,12
1,1686,4100,4816,20260618,402.24,4,40,4
1,1686,71015,4995,20260629,1948.49,2,147,4
1,223,71016,4030,20250116,1587.44,3,171,10
2,228,4107,732,20250112,3871.26,5,138,1
1,227,4108,512,20250110,422.22,3,58,10
1,227,71017,1493,20250111,2023.04,5,165,10
4,226,4109,2793,20250108,6948.12,2,244,11
1,233,71018,2218,20250108,2044.82,4,104,4
3,169,33221,4330,20250722,6329.7,2,195,8
1,168,33222,50,20250720,2121.63,3,131,9
1,185,4160,2927,20250711,1795.12,1,190,12
1,184,56290,1877,20250628,1760.85,5,108,1
4,184,4161,1898,20250709,7166.52,4,126,1
3,65,4162,2152,20250701,1305.87,5,68,12
2,64,4163,4535,20250629,2861.64,3,4,1
2,68,4167,896,20250617,851.3,4,38,1
1,67,4168,1410,20250615,1819.24,5,208,10
2,66,33236,230,20250616,4277.42,2,115,11
1,79,4174,3,20250611,1603.23,2,180,2
1,78,56298,2709,20250610,419.68,1,98,3
2,83,56299,995,20250606,3335.9,2,146,2
1,2438,56306,319,20240524,364.87,1,48,7
2,2371,33280,1738,20241221,748.06,2,63,10
3,930,33281,2325,20250915,4072.86,3,6,7
1,937,33282,3501,20250913,1527.37,5,191,8
2,935,33283,1780,20250910,674.99,4,56,6
3,837,4242,2356,20260429,4109.64,5,2,4
2,836,4243,4781,20260427,3618.7,3,198,5
2,835,33296,3166,20260423,3914.08,3,129,2
3,834,33297,4058,20260421,1134.51,5,65,3
4,838,4249,1043,20260411,1843.44,3,88,3
1,851,4254,260,20260409,2220.78,2,114,6
1,860,56350,4987,20260402,2166.41,1,214,1
2,867,56351,3237,20260323,923.8,2,52,10
1,866,56352,818,20260321,1993.62,3,248,11
2,871,56353,2770,20260317,690.06,5,46,10
2,775,56365,1600,20260211,3449.46,1,218,6
1,774,56366,3715,20260209,1638.68,2,154,7
1,627,71073,4996,20250206,350.88,2,65,10
4,636,4301,1798,20250205,6750.28,2,198,5
1,653,71078,2684,20250126,415.17,1,75,8
1,659,71079,4398,20250115,1780.15,2,109,6
4,658,4315,2525,20250106,9474.72,3,188,7
1,663,4318,568,20241231,1812.62,4,236,6
4,662,4319,201,20250118,7848.36,5,174,7
1,668,33358,1314,20250113,348.71,2,81,1
2,-1,33359,506,20250105,897.08,3,23,12
1,1127,4370,1504,20250426,1832.18,3,118,2
4,1140,4375,2694,20250426,1956.32,5,88,9
2,-1,33410,3113,20250321,3357.53,3,207,10
3,1033,33411,1538,20250407,1089.72,5,63,12
1,1032,33412,2539,20250405,1239.78,4,9,1
2,1031,33413,3561,20250403,2554.32,1,1,10
1,1030,56428,1946,20250401,1801.58,2,208,11
2,1045,56429,4860,20250322,727.16,3,46,4
2,899,33426,4699,20240316,3591.68,5,235,6
1,839,4450,191,20240914,374.71,3,46,10
2,850,4457,2529,20240910,3114.71,2,144,3
1,-1,4458,1256,20240908,303.55,1,64,4
1,1125,56480,4583,20250713,1766.13,1,154,4
3,1125,33484,3661,20250701,6719.85,3,143,4
1,1124,33485,856,20250719,1877.31,5,145,5
1,1133,56482,3567,20250703,375.94,3,92,4
2,1133,33486,1315,20250711,682.89,4,81,4
3,1132,33487,666,20250709,1442.73,1,23,5
1,1130,71130,3841,20250702,374.28,1,65,3
2,1137,33489,234,20250704,4277.42,3,115,4
1,1134,71131,4399,20250627,446.11,2,59,3
1,1140,71132,2511,20250624,1965.12,3,247,9
1,-1,71133,1828,20260224,404.43,5,21,7
2,-1,56497,1594,20260131,3412.76,3,218,11
1,1044,4510,4809,20260124,2040.57,4,174,5
2,1051,4513,1285,20260201,4194.92,2,248,2
1,1066,4524,724,20251229,1891.5,4,164,7
4,1073,4525,3314,20260116,7177.48,5,110,8
3,1072,4526,2794,20260114,1437.93,3,44,9
2,1071,4527,1506,20260112,3824.68,2,238,6
1,1070,4528,4810,20260110,2069.26,1,158,7
1,958,71146,4079,20251215,2233.76,2,224,11
1,964,71147,4487,20251212,365,3,54,5
1,980,33541,2321,20251206,1745.82,3,125,9
2,829,33542,3407,20241211,729.72,5,69,4
3,828,33543,3500,20241209,3566.24,4,5,5
2,859,4573,1708,20241106,4204.3,3,148,10
1,874,4584,3034,20241023,378.5,1,64,3
2,879,4587,4818,20241017,3793.84,3,138,2
1,878,4588,255,20241015,413.86,2,58,3
4,885,4589,2148,20241013,7449.52,1,244,8
1,1261,56554,1872,20240223,1971.53,2,242,8
2,1258,56555,63,20240219,635.17,3,90,7
1,1258,4604,202,20240204,1536.43,4,108,7
1,1265,56556,4477,20240217,469.86,5,26,8
4,1265,4605,1773,20240222,1784.34,5,44,8
3,1264,4606,836,20240220,4943.48,3,236,9
2,1263,4607,766,20240218,3488.64,2,172,6
2,1262,56557,1678,20240213,814.98,4,74,7
1,1262,4608,1774,20240216,383.85,1,92,7
3,1037,33614,2603,20260806,4268.68,5,216,12
1,1036,33615,4197,20260804,2348.53,4,151,1
2,1034,33616,928,20260801,805.96,1,57,11
3,1041,33617,3004,20260730,4951.41,2,243,12
1,1040,33618,3408,20260728,2126.02,3,185,1
1,1044,4650,2004,20260809,366.11,1,18,5
1,1066,4664,733,20260714,1721.04,1,8,7
4,1073,4665,1207,20260712,8158.84,4,194,8
1,1070,4668,2722,20260706,2269.56,2,242,7
4,-1,4669,5012,20260704,9660.52,1,188,12
1,993,56610,4359,20230624,357.84,2,54,8
1,997,56612,432,20230618,392.93,5,48,12
1,2349,4720,4323,20231229,1904.06,1,102,4
1,2348,56626,67,20231222,483.29,3,24,5
1,2348,33678,2246,20231216,460.23,5,14,5
4,2348,4721,2169,20231227,1955.2,4,44,5
2,2347,33679,3267,20231214,3473.47,4,201,2
3,2347,4722,734,20231225,6061.61,5,240,2
2,2346,4723,1711,20231223,4081.14,3,174,3
2,2353,56627,3571,20231218,3664.36,5,118,4
1,2369,4734,2170,20231205,328.45,2,92,8
1,2257,71208,635,20231123,384.07,2,55,12
1,2261,71209,3286,20231118,464.18,3,43,4
4,2156,4781,1916,20230205,7237.4,1,198,1
3,2159,33730,579,20230124,5317.65,5,135,10
1,2165,33731,1806,20230121,2109.95,4,241,4
2,2164,33732,4701,20230119,4319.68,1,187,5
3,-1,33733,1108,20230111,5433.66,2,189,4
1,2177,4794,4808,20230114,2384.18,3,242,4
1,2176,56670,4164,20230105,2279.56,3,170,5
4,2176,4795,3141,20230112,9288.96,2,188,5
3,2175,4796,4774,20230110,5784.3,1,130,2
2,2174,4797,1258,20230108,818.1,4,66,3
2,2181,56671,1601,20230121,3486.16,5,218,8
1,2181,4798,335,20230106,1776,5,236,8
1,2180,56672,2509,20260903,1592.57,4,156,9
2,2061,56673,868,20230924,830.44,1,28,8
1,2061,4800,1707,20230923,359.87,1,46,8
4,2060,4801,898,20230921,8909.24,4,232,9
3,2059,4802,190,20230919,5768.55,5,174,6
2,2058,4803,3381,20230917,3800.2,3,120,7
3,2063,33746,3701,20230919,5436.42,4,176,6
1,2069,33747,854,20230916,425.89,1,35,12
1,2081,4814,336,20230830,334.92,2,36,12
1,2092,56686,2386,20230819,1487.78,5,136,5
2,2101,56689,3073,20230809,3376.08,2,218,8
3,1867,4862,610,20260206,1175.46,4,74,6
1,1889,4874,4433,20260117,2264.5,3,186,12
4,1888,4875,1713,20260115,8328.8,2,122,1
2,1887,33802,976,20260125,1046.76,4,35,10
3,1887,4876,1008,20260113,1079.28,1,64,10
2,1886,4877,82,20260111,800.42,4,10,11
1,1893,4878,514,20260109,1777.49,5,180,4
1,1905,33808,1980,20260101,2063.54,4,113,4
2,1904,33809,4201,20251230,744.3,1,54,5
2,1829,56743,3766,20260725,3448.8,5,118,8
2,1834,4923,1954,20260706,4041.02,1,148,7
1,1841,71262,1335,20260714,2168.37,3,215,8
1,1840,56748,2912,20260703,520.93,3,26,9
2,1845,56749,626,20260719,814.98,5,74,12
1,1853,4930,193,20260630,418.83,3,40,12
2,1854,4937,194,20260702,4026.12,2,138,11
1,1861,4938,891,20260630,401.32,1,58,4
4,1860,4939,2150,20260628,7234.64,4,244,5
3,1748,33860,3610,20260601,982.49,5,65,9
2,-1,33862,3268,20260522,2529.26,1,3,9
3,-1,33863,4331,20260520,5481.37,2,195,6
1,1328,71276,556,20250309,2251.18,2,125,1
1,1232,4990,1273,20251017,1849.52,5,190,9
4,1231,4991,1775,20251015,6753.08,3,126,6
3,1230,4992,2414,20251013,1345.05,2,68,7
2,1237,4993,3386,20251011,2951.08,1,4,8
2,1241,4997,2287,20251019,801.22,3,38,12
1,1240,4998,1682,20251017,1713.26,2,208,1
1,1263,56800,627,20250914,363.51,5,64,2
2,1268,56801,4654,20250910,4568.52,4,152,5
2,1272,56803,118,20250904,3639.16,2,146,9
1,1168,5030,2784,20250814,374.35,5,68,1
4,1167,5031,1145,20250812,5238.8,3,6,10
3,1166,5032,2871,20250810,5865.98,2,196,11
2,1173,5033,838,20250808,2975.55,1,136,12
1,1185,56816,4578,20250813,1475.54,4,4,4
1,1183,33934,1265,20250801,411.1,4,75,2
2,1182,33935,4696,20250730,986.14,1,17,3
3,1188,33936,4969,20250727,5292.95,2,163,5
1,1188,5044,2923,20250725,1781.82,5,192,5
1,1187,33937,3862,20250725,1762.17,3,109,2
1,976,5090,2006,20250130,1871.52,4,218,9
4,975,5091,4662,20250217,7137.36,5,154,6
3,994,5106,2041,20250122,5298.75,5,208,11
2,1001,5107,2519,20250120,3359.7,3,144,4
1,1000,5108,884,20250118,363.51,2,64,5
4,1009,5109,4663,20250110,6081,1,4,4
3,1012,33992,3955,20250112,4650.18,4,4,5
2,-1,33998,46,20241220,4686.12,4,125,6
2,920,56875,2269,20241122,4109.94,4,175,5
1,929,56876,5130,20241114,1880.7,1,120,4
2,928,56877,813,20241112,3162.46,2,6,5
1,927,56878,4116,20241110,2175.15,3,195,2
3,-1,34022,1361,20231118,5358.54,3,145,6
1,-1,34023,3901,20231116,437.07,5,85,7
1,800,5160,5084,20231024,2225.03,4,196,1
1,-1,71334,4239,20231105,468.6,2,87,1
3,-1,5166,1955,20231028,5282.55,4,108,11
2,809,5167,2421,20231026,930.14,5,44,4
1,808,5168,3586,20231024,2166.41,3,214,5
1,808,71335,4595,20231031,486.58,3,71,5
1,816,71336,3380,20231022,381.48,5,19,5
1,820,71337,2866,20231017,468.77,4,43,5
1,832,71339,2277,20231003,1742.88,2,225,9
1,2375,34080,4451,20230506,467.95,2,79,6
2,2374,34081,1977,20230504,914.4,3,15,7
3,2381,34082,4050,20230502,4883.68,5,207,8
1,2379,34083,1463,20230429,352.45,4,63,6
1,2384,56932,1421,20230501,1748.59,4,208,1
1,2401,5240,2083,20230329,2178.42,4,140,4
1,2407,34096,584,20230329,1669.29,3,135,2
2,2412,5247,1902,20230325,3824.68,5,238,5
4,2410,5249,4539,20230321,1756.92,2,94,3
1,2294,56946,2336,20231127,408.97,5,48,7
2,2299,56947,2853,20231123,918.98,4,95,6
1,2241,5300,2008,20230917,369.92,2,18,4
4,2240,5301,4098,20230915,8650,1,204,5
1,2103,5314,4812,20260415,1738.08,3,8,6
2,2102,34153,1536,20260411,4085.36,3,165,7
4,2102,5315,339,20260413,8242.92,2,194,7
1,2107,5318,729,20260407,2292.48,5,242,6
3,2112,34158,3111,20260416,1375.26,2,97,1
1,-1,34159,2678,20260408,442.16,3,39,12
1,2122,56990,3462,20260321,1757.17,5,126,11
2,2129,56991,3871,20260319,3769.36,4,128,4
1,2128,56992,2681,20260317,363.51,1,64,5
2,2135,56993,4647,20260307,4568.52,2,152,2
1,2049,5360,2542,20230305,2160.08,3,168,4
1,2049,71393,2645,20230302,499.56,3,25,4
1,2071,5374,730,20230203,2195.95,5,158,6
4,2070,5375,4540,20230201,1705.76,3,94,7
1,2075,5378,197,20230126,2305.73,4,142,6
1,2075,71398,3345,20230211,1265.33,2,9,6
4,2074,5379,1403,20230213,1843.44,5,88,7
1,2093,34210,3755,20230112,2117.85,3,213,12
2,2091,34211,4204,20230129,907.82,5,79,10
3,2090,34212,231,20230127,1457.34,4,15,11
1,2097,34213,4561,20230125,513.4,1,17,4
1,1997,34226,1803,20260809,2065.53,5,241,8
1,1850,57044,3721,20250720,414.18,3,20,7
2,1857,57045,3918,20250807,847.88,5,12,12
1,1856,57046,175,20250805,1836.9,4,208,1
2,1863,57047,1751,20250726,675.22,1,46,10
3,1789,5456,3091,20260202,6827.46,2,214,12
1,1787,5458,3590,20260129,489,4,80,10
4,1786,5459,3591,20260216,1910.04,5,16,11
2,2212,34284,4338,20250703,4411.98,3,159,1
3,2211,34285,4205,20250721,6706.86,5,151,10
1,2210,34286,3814,20250719,491.5,4,97,11
2,2217,34287,1670,20250717,866.98,1,39,12
3,2215,34288,4458,20250714,6062.31,2,185,10
1,-1,5510,1276,20250519,1813.25,5,190,10
1,-1,57100,4861,20250530,1778.11,2,108,11
4,-1,5511,4890,20250517,6615.24,3,126,11
3,2137,5512,1499,20250515,1318.92,2,68,12
2,2136,5513,3387,20250513,2891.46,1,4,1
1,2134,57102,1477,20250524,2044.02,5,132,11
2,2140,5517,258,20250521,859.64,3,38,5
1,-1,5524,1146,20250429,1672.93,5,180,2
1,-1,57116,2338,20240421,384.91,3,48,9
2,-1,57117,3018,20240419,4187,5,184,6
1,2035,71450,4083,20240325,479.77,3,25,10
1,2034,34342,1266,20240407,394.82,5,75,11
1,-1,71451,4275,20240409,446.11,5,59,10
1,2053,71452,4533,20240329,464.18,4,43,4
1,2051,71453,1704,20240326,2028.82,1,231,2
2,1940,34356,669,20241115,745.76,3,55,9
3,1939,34357,3044,20241113,1107.45,5,55,6
1,1939,5570,5046,20241104,432.83,4,85,6
3,1945,5572,4894,20241120,5669.58,3,218,8
2,1944,5573,4179,20241118,3605.08,2,154,9
1,1959,5584,1622,20241015,469.64,4,80,10
4,1958,5585,1623,20241102,2008.52,5,16,11
3,-1,5586,691,20241031,5192.79,3,208,4
2,-1,5587,3143,20241029,3604.68,2,144,5
1,1973,5588,1006,20241021,389.74,1,64,4
1,1991,5604,895,20240917,2242.34,5,114,6
1,1991,71466,4365,20240927,1983.87,5,221,6
1,1877,71467,1203,20240916,2236.13,4,215,12
1,1874,57160,2628,20240831,1860.05,3,214,11
2,1879,57161,628,20240916,667.22,5,56,10
1,1878,57162,70,20240914,1702.89,4,248,11
2,1893,57163,1118,20240904,623.28,1,46,4
2,1765,57175,3455,20230815,3376.08,3,218,12
1,1764,57176,5128,20230813,1857.17,5,154,1
2,1762,34414,2608,20230801,3519.6,5,225,11
3,1769,34415,1643,20230730,6011.56,4,167,12
1,1767,34416,1740,20230727,345.25,1,63,10
2,1766,34417,3866,20230725,2581.8,2,9,11
1,1779,5650,1277,20230713,483.29,4,24,2
2,1784,5653,1796,20230727,956.48,2,98,5
4,1798,5665,5047,20230711,7778.4,5,210,7
3,1805,5666,1070,20230709,6645.93,3,142,12
2,1804,5667,692,20230707,968.76,2,88,1
1,1685,5668,1710,20240311,1772.16,1,8,12
1,448,5720,2174,20251022,1850.14,4,118,5
3,447,34478,3499,20251025,1424.49,5,25,2
1,446,34479,930,20251023,1782.02,4,217,3
4,451,5725,2052,20251028,1805.84,1,88,2
1,479,57238,2575,20250923,387.81,5,92,10
2,484,57239,434,20250919,3771.56,4,190,1
1,416,5780,4892,20260416,396.61,1,18,5
4,415,5781,3138,20260414,8480.4,4,204,2
3,414,5782,952,20260412,5458.74,5,146,3
2,421,5783,883,20260410,764.58,3,82,4
2,418,34530,1641,20260329,4331.74,5,141,3
3,424,34531,2754,20260326,4753.74,4,7,9
1,433,34532,3447,20260318,2050.72,1,193,8
2,432,34533,3956,20260316,4350.3,2,195,9
1,436,5794,2086,20260323,1704,2,8,9
1,436,71523,2147,20260320,2272.38,5,115,9
1,320,5800,3216,20260227,471.14,4,52,1
2,322,34546,4333,20260311,4083.64,4,185,11
1,336,71528,1341,20260211,2136.32,3,125,5
1,207,57292,251,20250209,1760.85,4,108,6
1,2409,57304,1547,20260206,1683.44,3,164,4
1,2255,57306,1815,20250227,1496.2,4,198,2
1,2258,5860,4624,20250220,1860.3,1,202,3
4,2265,5861,1959,20250218,7347.31,4,148,8
3,2264,5862,2289,20250216,941.81,5,90,9
2,2273,5863,3384,20250208,1031.66,3,26,8
1,2288,5874,2928,20250121,1860.14,2,192,1
3,2304,34608,2800,20250101,6045.51,4,129,5
1,2303,34609,1644,20241230,389.87,1,65,2
3,2232,5922,1903,20250718,5449.41,1,218,9
2,2241,5923,3931,20250710,3787.16,4,154,8
3,-1,5936,2050,20250618,5510.7,2,208,11
2,2133,5937,3648,20250616,3499.68,1,144,12
1,2132,5938,2403,20250614,378.5,4,64,1
4,2131,5939,2992,20250702,1537.44,5,10,10
1,2153,57364,2631,20250530,367.43,5,30,8
1,2153,34662,4414,20250528,333.79,1,19,8
2,2000,57365,4933,20240602,3089.56,4,118,5
1,1999,57366,4745,20240531,325.64,1,54,2
2,2004,57367,4479,20240527,3264.1,2,102,5
1,2003,57368,1183,20240525,356.85,3,48,2
3,1999,34677,3232,20251123,5475.03,1,245,10
1,2033,71581,2782,20251022,2138.71,3,115,8
1,2031,5990,3932,20251013,2090.18,3,196,6
1,2031,71582,3928,20251019,476.96,5,53,6
3,2041,5996,1834,20251017,4971.81,3,108,12
2,2040,5997,1904,20251015,958.62,2,44,1
1,-1,5998,3096,20251007,2232.06,1,214,12
2,1812,6033,1434,20240817,3592.03,4,148,9
1,1823,6040,1831,20240815,2040.57,1,174,10
3,1822,34734,45,20240806,1002.53,4,81,11
1,1829,34735,668,20240804,471.66,1,23,12
2,1827,34736,4558,20240801,4556.3,2,179,10
1,1827,6044,1921,20240803,1783.91,3,208,10
3,1826,34737,1744,20240730,6883.95,3,115,11
2,1841,57421,244,20240719,3806.46,4,174,4
1,1840,57422,4230,20240717,1977.65,1,120,5
4,1840,6049,1435,20240718,8052.24,3,138,5
2,-1,57437,3770,20250308,835.76,1,68,10
4,756,6101,1286,20241018,8555.96,2,248,1
1,777,6114,4177,20240926,457.94,5,42,8
4,776,6115,3430,20240924,7807.08,3,238,9
3,657,6116,5,20250530,4809.7,2,180,8
2,656,6117,1149,20250528,4047.16,1,116,9
1,655,6118,342,20250526,342.62,4,36,6
1,660,34798,539,20250531,1788.83,4,131,9
2,659,34799,2248,20250529,685.47,1,73,6
1,-1,57480,814,20250425,2227.31,4,232,9
2,703,57481,2769,20250415,862.54,1,40,6
1,702,57482,3771,20250413,1762.5,2,226,7
2,709,57483,3921,20250411,3768.4,3,228,8
4,596,6161,1717,20250323,7837.12,3,148,1
1,606,57494,1752,20250310,2000.1,5,148,3
1,612,57496,4422,20250306,448.43,1,86,5
2,617,57497,4862,20250302,4041.9,2,174,8
4,616,6175,4819,20250319,7819.96,5,138,9
2,463,57499,2453,20240323,4407.44,5,168,2
1,463,6178,2874,20240320,2242.72,1,186,2
4,462,6179,1712,20240318,8245.52,4,122,3
2,481,34850,1534,20240302,3334.22,1,7,8
3,479,34851,1861,20240228,6128.07,2,113,6
1,478,34852,3167,20240226,446.11,3,59,7
2,485,34853,3007,20240224,822.21,5,51,8
2,513,34866,4787,20240124,850.68,2,41,4
1,665,71654,2401,20240313,1800.48,5,153,8
1,671,71655,4727,20240302,2249.83,4,187,6
1,675,71656,2223,20240226,1622.33,1,171,6
1,681,71657,4172,20240223,1451.45,2,3,12
3,549,6256,2235,20230702,1325.46,3,14,12
4,546,6259,1389,20230626,1587.6,4,66,11
2,563,57553,2455,20230613,757.41,1,68,2
1,574,57558,3772,20230522,1692,4,226,7
2,579,57559,816,20230518,937.86,1,24,6
1,463,34928,4555,20240122,1707.81,1,235,10
2,462,34929,4005,20240120,3558.66,2,171,11
2,473,57567,3335,20240117,4279.08,4,178,4
1,505,6310,735,20231203,2063.53,4,240,12
4,504,6311,1074,20231221,7612.92,5,174,1
3,513,6312,1075,20231213,5480.45,3,115,12
2,512,6313,2875,20231211,558.23,2,54,1
1,-1,6318,736,20231127,1635.84,3,8,10
1,399,6324,4955,20231107,1981.76,4,230,2
3,784,34980,3406,20231121,6504.36,4,185,1
2,792,34982,423,20231111,4502.36,2,125,1
1,808,57610,1596,20231101,368.03,1,92,5
2,813,57611,2333,20231028,3590.24,2,190,4
1,812,57612,3459,20231026,1791.63,3,126,5
2,817,57613,1753,20231022,3806.46,5,174,8
3,823,6372,2177,20231017,1189.83,5,18,6
2,822,6373,3312,20231015,4240.2,3,204,7
1,717,6384,1398,20231001,1968.27,1,130,12
1,716,57624,1184,20230922,404.96,4,48,1
4,716,6385,1259,20230929,1668.6,4,66,1
3,715,6386,1714,20230927,5060.88,5,8,10
2,714,6387,337,20230925,4373.8,3,194,11
1,-1,6388,388,20230923,2069.86,2,114,4
1,-1,57626,2710,20230916,459.93,2,32,5
2,729,57627,4264,20230908,973.98,3,34,4
3,736,35020,5058,20230902,4676.97,4,237,9
1,585,35021,3364,20230112,424.15,1,95,4
2,584,35022,295,20230110,905.8,2,31,5
3,583,35023,2061,20230108,6361.17,3,223,2
1,589,6404,3592,20260816,1592.57,4,156,4
1,-1,71710,444,20260727,2236.13,3,215,12
3,-1,35036,2114,20260728,1485.9,1,15,1
1,621,71712,4738,20260802,2159.84,4,187,12
1,537,6450,1899,20230716,444,1,68,12
4,536,6451,4320,20230714,5842.52,4,4,1
1,882,6464,2293,20240808,409.68,1,58,11
4,889,6465,1501,20240806,7377.88,4,244,12
3,888,6466,3930,20240804,6466.89,5,186,1
2,887,6467,1836,20240802,4330.98,3,122,10
1,886,6468,3291,20240731,426.82,2,42,11
1,793,57684,1546,20240702,2000.1,1,148,8
2,790,57685,4478,20240628,4495,2,196,7
1,797,57686,245,20240626,1957.96,3,132,12
2,796,57687,120,20240624,4773.02,5,134,1
1,2301,35094,4198,20260309,445.95,4,69,8
2,2300,35095,3063,20260307,2767.2,1,1,9
2,2298,57689,4018,20260305,4407.44,1,168,7
3,2298,35096,4051,20260304,6116.46,2,157,7
1,2305,35097,361,20260302,394.64,3,93,8
2,2304,35098,467,20260228,1036.5,5,35,9
1,-1,6520,4400,20260204,2307.58,1,152,9
3,2282,35152,3005,20260722,5266.02,1,135,11
2,2180,57741,4615,20260705,1023.68,1,34,9
1,2180,6580,4092,20260710,443.42,2,52,9
1,2189,57742,3127,20260627,2022.62,2,230,8
4,2189,6581,511,20260702,8389.84,1,248,8
3,2188,6582,892,20260630,5276.55,4,190,9
2,2187,6583,4887,20260628,3514.34,5,126,6
2,2186,57743,3461,20260623,870.58,3,68,7
1,2042,6594,2872,20250623,449.05,3,42,11
1,2052,6600,3889,20250625,470.92,1,96,5
1,2065,57756,1181,20250531,364.87,1,48,4
3,2064,6606,1442,20250603,4549.68,1,8,5
2,2063,6607,956,20250601,3574.75,4,194,2
1,2062,6608,2924,20250530,1854.25,5,114,3
1,2078,71770,4754,20250514,2227.33,5,187,7
1,2084,71771,442,20250511,2366.03,4,125,1
1,2090,71772,4363,20250430,2184.15,1,159,11
1,2010,35224,474,20251204,410.5,1,35,11
2,2017,35225,2604,20251202,2572.03,2,225,12
3,2016,35226,4846,20251130,5656.66,3,165,1
1,2014,35227,4152,20251127,407.04,5,29,11
2,2021,35228,929,20251125,4652.96,4,215,4
3,2020,35229,801,20251123,6911.67,1,215,5
1,2020,6660,2649,20251128,1787.76,2,245,5
4,2029,6661,768,20251120,7625.92,1,182,4
3,2028,6662,382,20251118,6684.63,4,125,5
2,2027,6663,4434,20251116,951.76,5,70,2
1,2026,71784,879,20251106,1789.76,3,135,3
1,2036,71786,4592,20251118,436.94,4,69,9
1,-1,6674,563,20251029,1757.69,3,236,7
1,-1,57814,183,20241005,2088.78,2,130,4
2,-1,57815,2577,20241001,3339.38,3,218,3
1,1809,57816,2915,20240929,1838.96,5,154,4
2,1806,57817,3372,20240925,4076.82,4,202,3
1,1956,57818,1479,20241025,2020.51,1,148,1
2,1848,6723,2690,20240924,3340.34,1,198,9
2,1713,35288,3906,20230926,857.16,1,85,12
1,1713,6734,2295,20230914,2242.34,4,114,12
3,1712,35289,4785,20230924,1252.02,2,21,1
2,1710,6737,2650,20230928,4690.92,2,188,11
1,1717,6738,1956,20230926,1760.85,1,108,12
4,1716,6739,2154,20230924,1860.28,4,44,1
2,1656,6783,1402,20240401,946.72,2,98,9
1,1667,6790,1843,20240306,2020.54,5,240,6
2,1678,6797,688,20240302,959.36,3,88,11
1,1685,6798,1437,20240229,1755.12,2,8,12
1,1684,35340,236,20240228,1885.56,1,165,1
4,1684,6799,84,20240227,8327.04,1,194,1
2,1683,35341,2676,20240226,814.96,2,39,10
1,1683,6800,2791,20240219,383.05,5,68,10
3,1682,35342,3812,20240224,4568.72,3,225,11
1,-1,35343,4052,20240222,1814.02,5,167,4
1,1700,57878,4749,20240216,1430.82,2,4,5
2,1699,57879,66,20240214,3162.46,3,6,2
1,1585,6814,262,20240120,430.58,4,58,8
4,1584,6815,2792,20240207,7091.36,5,244,9
1,1589,6818,3935,20240201,449.05,1,42,8
1,1588,35356,855,20240121,1891.87,2,209,9
4,1588,6819,2543,20240130,7649.36,4,238,9
1,1586,57886,2128,20240115,2090.38,1,158,7
1,1677,71843,4772,20230712,415.17,1,75,12
1,1693,6870,1080,20230613,1942.47,5,174,4
1,1697,6874,4775,20230621,1695.6,1,208,4
1,1701,71848,4495,20230609,363.83,4,59,8
4,1700,6879,744,20230611,6735.98,1,138,9
1,1558,71849,4081,20251008,1985.17,1,247,1
3,1567,35412,2605,20251016,1204.71,2,65,6
1,-1,57930,430,20251014,384.91,2,48,6
2,-1,35418,4008,20251011,3947.16,2,229,7
2,-1,57931,2855,20251008,896.12,3,96,1
3,-1,35419,2838,20251008,1234.83,3,85,1
1,-1,57932,1816,20251008,478.52,5,32,2
2,1526,57933,4988,20250912,3460.4,4,156,9
2,1366,57945,3677,20260422,914.46,2,78,9
1,1367,57946,2635,20260422,446.42,3,14,10
1,1371,57948,2335,20260502,412.98,4,48,6
4,1351,6931,1283,20260411,8140.64,4,248,6
1,1338,6944,3936,20260407,2112.08,1,186,1
4,1339,6945,1719,20260407,8495.36,4,122,2
3,1340,6946,653,20260403,1101.78,5,64,3
2,1341,6947,839,20260403,816.28,3,10,4
1,1342,6948,774,20260330,1812.35,2,180,9
3,912,35472,3697,20230430,1417.89,3,79,9
1,911,35473,4851,20230428,461.96,5,15,6
2,778,35487,4289,20251121,901.32,3,95,11
4,795,6991,198,20251112,8082.04,1,148,2
3,730,7032,2172,20260521,5669.58,4,218,7
2,737,7033,3388,20260519,3605.08,5,154,8
1,752,7044,3092,20260505,2122.64,2,214,1
2,757,7047,393,20260429,859.64,5,38,4
1,756,7048,1922,20260427,1836.9,3,208,5
4,637,7049,3848,20260419,6999.36,2,144,4
1,636,71900,3926,20260419,1451.45,4,3,5
2,640,35544,3611,20260423,4463.02,2,141,5
1,640,71901,1385,20260414,393.11,1,37,5
3,639,35545,4461,20260421,1269.31,3,87,2
1,638,35546,2839,20260419,427.81,5,29,3
2,644,35547,2378,20260416,3441.84,4,135,9
1,644,71902,2711,20260409,413.04,2,21,9
2,656,58031,3574,20260406,3664.36,3,118,9
1,655,58032,4114,20260404,350.68,5,54,6
1,511,58038,4750,20250322,401.75,5,20,10
2,516,58039,1604,20250318,861.88,4,68,5
1,548,71914,1771,20250215,2005.04,5,115,1
1,556,7100,4891,20250215,404.82,2,68,1
1,556,71915,4999,20250206,1749.78,4,175,1
4,555,7101,3389,20250213,5305.98,1,4,10
3,554,7102,3937,20250211,6675.08,4,196,11
2,561,7103,1081,20250209,4303.2,5,132,12
1,560,71916,1249,20250201,1873.51,1,209,1
1,448,7114,770,20251005,413.86,3,58,5
1,464,35600,5106,20250927,1831.06,2,235,9
3,462,35602,1863,20250923,6003,5,113,7
1,396,7160,2179,20250721,1761.43,3,218,1
4,395,7161,5085,20250719,7355.84,2,154,10
2,400,58091,2507,20250728,4512.64,5,224,1
1,399,58092,4525,20250726,2233.04,4,170,10
2,404,58093,3777,20250722,3412.76,1,218,5
1,256,7174,1407,20240710,1783.91,5,208,1
4,255,7175,3144,20240708,6789.36,3,144,10
3,254,7176,3890,20240706,1345.29,2,86,11
2,261,7177,199,20240704,874.78,1,22,4
1,260,7178,2925,20240702,1840.56,4,192,5
1,301,35660,2701,20240524,370.02,3,21,12
2,300,35661,981,20240611,3098.47,5,145,1
3,299,35662,924,20240609,980.73,4,81,10
1,298,35663,625,20240607,397.67,1,23,11
2,2386,35674,4847,20241204,981.08,2,15,3
3,2392,35675,2320,20241201,6891.36,3,125,5
1,2391,35676,3809,20241129,374.28,5,65,2
4,2429,7241,156,20241019,1952,2,98,4
1,2324,7254,737,20240921,2260.52,5,142,9
4,2323,7255,693,20240919,1805.84,3,88,6
3,2322,7256,1624,20240917,1244.93,2,30,7
2,2329,7257,1625,20240915,3286.2,1,216,8
1,2328,7258,2361,20240913,1756.65,4,136,9
1,2211,58164,989,20231222,2081.76,5,194,2
2,2216,58165,1372,20231218,3906.16,4,246,5
1,2215,58166,1237,20231216,1971.54,1,184,2
1,2215,35732,2111,20231224,1883.61,3,174,2
2,2214,58167,869,20231214,3902.44,2,184,3
2,2214,35733,1739,20231222,4081.14,5,174,3
2,2228,58169,3774,20231222,3559.56,5,218,9
3,2226,35738,4639,20231201,1043.89,3,85,7
1,2232,35739,3612,20231218,1489.66,5,191,9
1,2232,71974,4602,20231207,382.16,4,87,9
1,2230,71975,136,20231204,1458.1,1,145,7
1,2116,71976,1618,20240805,1604.89,2,171,1
3,2130,7316,4817,20240726,6587.85,5,158,3
2,2137,7317,3383,20240724,852.88,3,94,4
1,2136,7318,3095,20240722,464.83,2,14,5
1,1924,35792,4562,20230523,2168.12,5,185,1
1,1926,7370,2357,20230503,1876.45,4,146,11
4,1933,7371,1252,20230521,1574.56,5,82,4
3,1932,7372,783,20230519,1435.5,3,24,5
2,1941,7373,2417,20230511,3791.7,2,220,4
2,1942,58221,4385,20230420,850.82,4,84,3
2,1956,58223,4935,20230408,3628.42,2,118,9
1,1956,7384,2990,20230407,1846.28,4,136,9
1,1958,72002,3639,20230407,1892.2,2,175,7
1,-1,58234,2975,20230315,388.78,3,58,4
2,1864,58237,990,20231130,3338.58,1,135,5
1,1862,72008,2225,20231127,1967.6,2,203,3
1,1876,72009,4656,20231116,1939.23,3,237,9
1,1798,7450,1003,20230908,383.98,4,74,7
4,1805,7451,5080,20230926,1706.44,5,20,12
3,1804,7452,3893,20230924,5877.75,3,202,1
2,1813,7453,1835,20230916,3632.85,2,148,12
2,1812,35864,2891,20230902,804.87,5,79,1
3,1811,35865,4056,20230831,1211,4,16,10
1,1810,35866,1671,20230829,1967.17,1,206,11
2,2009,35867,1460,20240524,625.77,2,63,8
4,2008,7459,897,20240529,1435.5,2,38,9
1,2021,7464,497,20240511,385.99,4,64,8
1,2040,58280,320,20240428,1944.23,4,182,5
2,2049,58281,376,20240420,4105.7,1,184,4
1,2048,58282,1058,20240418,1948.19,2,130,5
2,2053,58283,3775,20240414,3412.76,3,218,4
1,1952,58294,2774,20241126,1437.54,5,164,1
1,1956,58296,2917,20241120,2218.65,1,195,1
4,1968,7511,1440,20241117,7918.76,1,148,5
4,1988,7525,1839,20241028,7897.36,1,138,9
1,1987,35922,4786,20241103,446.83,4,41,6
1,1993,7528,3933,20241022,2264.5,3,186,12
4,1992,7529,1078,20241020,8328.8,2,122,1
3,1892,35937,4845,20240928,5656.68,4,165,5
1,1793,7580,2422,20230817,439.64,1,68,8
4,1796,7585,521,20230803,1719.28,2,38,9
1,1681,72062,1196,20240407,2017.63,3,131,12
1,1685,72063,4880,20240402,1944.48,5,165,12
2,1688,35980,1232,20240323,3563.34,5,209,5
2,1697,58353,4124,20240329,793.56,1,84,4
3,1697,35981,3112,20240315,1084.68,4,73,4
1,1696,35982,3904,20240313,401.35,1,19,5
2,1695,35983,3908,20240311,3511.65,2,201,2
3,1699,7606,1628,20240316,1339.26,4,14,2
1,1705,7608,1036,20240312,2068.69,3,130,8
1,1704,58358,547,20240311,388.92,4,48,9
4,1704,7609,607,20240310,1603.8,2,66,9
2,1713,58359,4802,20240303,829.08,1,50,8
2,1720,35996,103,20240305,3576.02,4,243,1
3,1729,35997,3169,20240226,5195.68,1,245,12
1,-1,72076,1561,20240122,2272.38,2,115,8
3,1493,36024,2702,20230520,1237.35,1,41,8
1,1492,36025,4513,20230518,1920.22,2,237,9
2,1491,36026,3698,20230516,4509.8,3,179,6
3,1497,36027,1363,20230513,1585.53,5,35,12
1,1505,7660,958,20230512,1397.56,1,2,12
1,1428,58410,147,20231127,367.15,1,82,1
2,-1,58411,483,20231123,3407.42,2,135,4
1,-1,58412,4528,20231121,439.13,3,76,5
2,1441,58413,1754,20231113,3822.92,5,200,4
1,1837,58426,4764,20240824,321.97,2,56,12
3,1836,7722,1571,20240823,926.72,1,18,1
1,1722,36088,931,20250424,368.97,1,91,3
1,1722,7734,1792,20250416,2008.44,5,130,3
2,1729,36089,2379,20250422,818.3,2,37,4
4,1729,7735,2408,20250414,1555.2,3,66,4
3,1728,7736,4820,20250412,5163.12,2,8,5
2,1727,7737,569,20250410,4079.42,1,194,2
1,1726,7738,775,20250408,2112.98,4,114,3
3,1676,7782,2149,20250126,6349.32,2,168,1
2,1675,7783,2005,20250124,4256.56,1,104,10
3,1536,7796,203,20240205,6461.16,3,158,5
2,1535,7797,4436,20240203,835.82,2,94,2
1,1534,7798,4039,20240201,455.63,1,14,3
3,1541,36140,4004,20240127,5285.64,1,171,8
4,1541,7799,4625,20240130,7930.92,4,210,8
1,1540,36141,4635,20240125,356.04,2,45,9
1,1540,7800,1257,20240122,403.57,3,74,9
2,1549,36142,1810,20240117,4057.64,3,231,8
3,1548,36143,4791,20240115,5725.35,5,173,9
2,1547,7803,1439,20240110,4081.84,4,148,6
1,1562,7814,1652,20231223,371,5,64,11
4,1569,7815,4541,20231221,6200.24,3,4,12
3,1568,7816,1287,20231219,5580.41,2,192,1
2,1567,7817,1076,20231217,3716.4,1,138,10
1,1566,7818,6,20231215,405.5,4,58,11
1,1581,58486,1873,20231216,1967.16,3,164,4
2,1578,58487,480,20231212,2518.37,5,2,3
1,1585,58488,870,20231210,2123.82,4,194,4
1,1588,72134,3206,20231213,319.7,2,65,9
1,1466,72135,127,20240814,406.97,3,93,7
1,1470,72136,4756,20240809,441.3,5,87,7
1,1476,72137,4485,20240806,2254.48,4,169,1
2,-1,7863,2294,20240614,817.94,1,48,6
1,1402,7874,3593,20240527,1947.58,4,214,11
2,-1,7877,2930,20240610,717.75,2,38,10
1,-1,7878,155,20240608,1536.64,1,208,11
4,1413,7879,3546,20240606,6439.4,4,144,4
1,1280,36218,3958,20230927,1690.2,2,235,5
2,1278,36219,421,20230924,775.98,3,91,3
1,1313,58542,3281,20230817,388.62,2,96,12
1,1332,7930,1502,20230721,426.58,4,68,9
4,1213,7931,4661,20240414,6140.6,5,4,8
3,1212,7932,4534,20240412,6337.97,3,196,9
2,1211,7933,1960,20240410,4475.32,2,132,6
2,-1,58555,4934,20240322,870.58,4,68,7
1,1226,7944,522,20240307,1899.3,4,192,11
1,680,7990,2418,20250726,1816.47,1,218,5
1,608,72193,1494,20260131,457.2,3,15,9
1,619,58614,2337,20260129,392.93,2,48,6
2,624,58615,3919,20260125,914.4,3,96,1
1,633,58616,2068,20260117,446,5,32,12
2,632,58617,4389,20260115,4414.2,4,178,1
1,631,58618,1186,20260113,2134.54,1,114,10
4,631,8041,1208,20260104,9270.68,3,134,10
3,630,8042,657,20260102,1140.21,2,74,11
1,636,72198,4757,20260114,473.15,2,87,1
1,640,72199,4119,20260109,491.4,3,71,5
1,524,36344,3502,20251229,1998.04,2,157,5
1,524,8054,3940,20251213,2199.17,4,186,5
2,523,36345,5108,20251227,878.46,3,94,2
4,523,8055,2934,20251231,8634.92,5,124,2
3,522,36346,468,20251225,1523.97,5,35,3
3,522,8056,500,20251229,1146.75,3,64,3
2,529,8057,4542,20251227,2921.26,2,4,8
1,528,36347,4059,20251222,2100.24,4,141,9
1,528,8058,1152,20251225,1725.21,1,180,9
3,536,36349,3362,20251212,1018.42,2,85,9
1,392,72206,4758,20241208,1768.18,3,185,1
1,396,72207,1339,20241203,1829.57,5,215,1
2,654,8103,1443,20260731,3918.56,3,148,9
1,1051,8110,1841,20250720,406.39,4,40,10
2,1032,8117,741,20250628,3909.98,5,138,11
1,1033,8118,780,20250628,426.4,3,58,12
4,1034,8119,4888,20250710,7019.76,2,244,5
2,1015,36402,4375,20250620,3914.08,5,129,10
3,1017,36403,3409,20250617,5176.26,4,235,12
1,1004,58678,3185,20250615,1736.6,2,230,3
2,1007,58679,4938,20250613,748.69,3,68,10
1,827,8170,2936,20260112,1813.25,1,190,2
4,828,8171,523,20260108,8545.88,4,124,3
3,829,8172,2785,20260108,1318.92,5,68,4
2,830,8173,4538,20260104,2891.46,3,4,9
1,815,8184,1293,20251223,1812.35,1,180,6
3,906,36460,469,20251108,1239.48,3,37,9
1,907,36461,4563,20251128,2303.36,5,151,10
2,908,36462,3270,20251124,865.96,4,95,11
3,909,36463,3046,20251124,1339.47,1,39,12
2,1824,36475,1230,20260109,4405.86,3,134,1
1,1824,72250,1198,20251225,483.29,3,24,1
3,1833,36476,3959,20260101,1459.74,5,71,12
1,1832,72251,4315,20260105,1733.79,5,219,1
1,1836,72252,1246,20251231,1753.62,4,243,1
1,1840,72253,5079,20251226,1901.21,1,237,5
1,1721,58730,2339,20251218,404.96,2,48,4
2,1720,58731,2707,20251216,690.9,3,50,5
1,1719,58732,4586,20251214,1338.08,5,235,2
2,-1,58733,1023,20251210,603.41,4,74,5
1,1592,8250,1150,20241128,2274.15,1,125,1
4,1591,8251,4664,20241126,1940.84,4,70,10
3,1590,8252,3482,20241124,4631.46,5,5,11
2,1597,8253,2691,20241122,3340.34,3,198,12
2,1596,58745,595,20241119,3545.1,2,135,1
1,1595,58746,4307,20241117,418.02,3,76,10
2,1600,58747,324,20241113,4495.48,5,124,5
4,1609,8259,2042,20241031,1862.28,3,88,4
1,-1,8264,516,20241108,2242.34,1,114,5
1,-1,72265,448,20241103,2236.13,3,215,9
1,1624,72266,3028,20241025,1730.56,5,153,9
2,1530,36538,47,20250517,654.25,3,91,3
3,1536,36539,2610,20250603,5036.29,5,207,9
4,1559,8311,154,20250427,6819.84,2,198,10
4,1579,8325,2520,20250407,9567.64,2,188,2
4,474,8329,207,20240104,7926.84,3,174,1
1,426,58808,3722,20231114,2086.08,3,176,5
2,427,58809,3243,20231204,4414.2,5,178,6
1,428,36590,2958,20231128,2115.18,2,105,7
2,429,36591,4293,20231128,733.44,3,45,8
3,431,36592,3815,20231211,4468.98,5,191,2
1,432,36593,370,20231207,1445.58,4,135,3
2,287,58817,4023,20240729,4320.16,3,168,6
4,272,8385,1039,20240708,1956.32,3,88,3
3,241,8406,2938,20240610,1229.04,1,58,12
2,-1,8407,1569,20240606,3259.16,4,244,5
1,-1,8408,2090,20240606,1967.16,5,164,6
4,346,8409,2654,20240511,7476.56,3,110,5
2,723,58861,938,20230428,4317.46,3,124,10
1,698,58862,4587,20230402,475.88,5,70,5
1,382,36664,3905,20230909,411.61,5,85,9
2,383,36665,2704,20230909,877.72,4,21,10
3,384,36666,4928,20230905,6226.47,1,213,11
1,386,36667,4700,20230918,486.67,2,79,5
1,386,72322,1199,20230927,2145.78,3,215,5
2,387,36668,1104,20230918,952.5,3,15,6
1,388,8460,745,20230927,378.42,2,46,7
2,369,8467,3646,20230820,2834.75,1,144,8
1,370,8468,1255,20230901,307.3,4,64,1
2,222,58877,1606,20240425,732.22,5,18,9
1,-1,72328,4243,20240428,1826.79,3,137,5
1,-1,72329,1789,20240515,411.1,5,75,7
1,292,8520,209,20240226,1883.61,5,174,3
2,295,8523,11,20240222,4236.44,1,248,10
1,670,8534,1720,20230124,1910.42,4,164,9
4,671,8535,2648,20230213,7252.28,5,110,10
3,672,8536,3938,20230209,1360.47,3,42,11
2,673,8537,2786,20230209,3864.1,2,238,12
1,654,36736,4706,20230122,1690.2,5,235,5
1,627,58934,4425,20260804,379.48,3,96,10
2,628,58935,629,20260820,3490.54,5,100,11
1,629,58936,119,20260820,334.92,4,36,12
2,478,58937,815,20230821,3916.85,1,124,5
2,482,58939,3071,20230831,3089.54,3,118,1
2,487,8583,2091,20230830,3592.03,2,148,10
1,446,8594,648,20230719,382.25,1,64,1
2,449,8597,4822,20230715,3832.54,3,138,4
1,450,8598,2933,20230727,418.04,2,58,9
1,451,36780,1166,20230720,2303.89,5,215,10
4,451,8599,2151,20230727,6876.48,1,244,10
2,452,36781,507,20230716,980.92,4,89,11
1,452,8600,2415,20230717,1868.1,5,118,11
3,453,36782,2493,20230716,1439.31,1,25,12
4,453,8601,2873,20230717,1431.36,3,54,12
1,454,36783,298,20230712,1799.67,2,217,5
1,542,8614,1844,20230601,1519.16,4,108,1
4,543,8615,2173,20230621,1822.32,5,44,2
3,544,8616,1345,20230617,4888.56,3,236,3
2,545,8617,394,20230617,3088.9,2,172,4
1,546,8618,2416,20230629,387.81,1,92,9
1,547,36796,4610,20230702,1278.12,4,9,10
1,838,72382,646,20250114,2113.82,5,184,1
1,840,8660,1777,20241229,369.92,4,18,3
1,840,72383,828,20250111,2274.15,4,125,3
2,843,8663,3306,20250114,842.64,2,84,10
2,822,58993,3189,20241224,911.26,5,14,9
1,674,8674,2092,20250816,1738.08,1,8,5
1,675,58998,4584,20250801,1917.5,3,176,6
4,675,8675,1346,20250816,8242.92,4,194,6
2,678,58999,3457,20250831,2925.75,5,226,1
1,678,8678,2367,20250824,1643.68,2,246,1
4,679,8679,3538,20250824,7524.06,1,188,2
3,663,36852,4849,20250815,6683.46,4,115,10
2,644,36858,3365,20250705,805.78,4,29,3
3,646,36859,107,20250718,5317.65,1,135,9
1,-1,72396,1495,20260214,2027.32,3,115,7
2,1822,59031,3340,20250206,793.56,2,84,1
1,1822,8730,3390,20250211,1923.49,1,102,1
1,1823,59032,3837,20250206,440.92,3,30,2
4,1823,8731,901,20250211,1667.96,4,48,2
3,1798,8732,1838,20250116,6126.08,5,240,5
2,1799,8733,4666,20250116,4045.7,3,176,6
2,1800,59033,2586,20250109,3700.28,5,118,7
1,1784,8744,1210,20241231,1794.31,1,236,7
2,1772,59047,4028,20241216,4276.52,3,168,11
1,1775,36910,300,20241218,434.97,4,31,6
2,1622,36911,1807,20250805,4459.38,1,223,5
3,1624,36912,3863,20250802,5696.73,2,129,7
1,1625,36913,3813,20250802,401.57,3,65,8
2,1613,36924,1864,20250728,952.5,5,15,12
1,1615,36926,3062,20250724,2111.07,1,203,6
2,1590,36927,108,20250628,3608.8,2,145,1
4,1599,8791,2049,20250717,6680.68,1,198,6
1,1694,8810,1077,20250619,363.58,1,46,5
4,1695,8811,396,20250619,8996.6,4,232,6
3,1670,8812,2724,20250524,5827.41,5,174,9
2,1671,8813,4321,20250524,3838.96,3,120,10
1,2072,8824,565,20240521,396.51,1,36,7
1,-1,59090,1425,20240603,1600.58,2,198,4
2,2078,59091,4863,20240530,3786.16,3,200,9
1,2079,59092,593,20240530,1559.48,5,136,10
2,-1,59093,4072,20240502,4512.64,4,224,3
1,2047,59104,817,20240430,1879.72,2,192,6
1,2026,36986,4970,20240407,1977.66,2,157,5
2,2028,59107,318,20240412,995.28,4,24,7
2,2028,36987,705,20240404,915.1,3,13,7
4,1887,8871,953,20241205,5231.58,1,135,6
3,1862,8872,138,20241109,1187.22,4,74,9
1,1848,8884,2870,20241024,2264.5,2,186,11
4,1849,8885,2093,20241024,8328.8,1,122,12
3,1850,8886,649,20241105,1079.28,4,64,5
2,1851,8887,954,20241105,800.42,5,10,6
1,1852,8888,2940,20241101,1777.49,3,180,7
1,1836,72454,604,20241012,1770.82,5,243,3
1,1838,72455,2862,20241009,472.19,4,53,9
2,1942,37023,4507,20240925,740.56,4,45,9
1,1944,72456,4762,20240912,436.75,1,87,11
1,1948,72457,4120,20240923,496.21,2,71,7
3,1949,37028,4565,20240927,5911,5,121,8
1,1950,37029,4054,20240923,2089.24,4,123,1
2,2311,8933,748,20230811,3469.57,1,148,10
1,2318,8940,2730,20230829,1687.4,2,174,1
1,2296,8944,1687,20230726,1730.93,5,208,11
4,553,8949,4823,20230703,7819.96,5,138,4
1,569,59168,4526,20230614,363.13,2,76,8
2,568,59169,2812,20230612,769.59,3,78,9
2,460,59177,3468,20230509,888,2,68,1
1,458,37082,2893,20230524,2147.07,4,185,11
3,331,37097,1109,20251214,4890.65,4,165,6
1,280,9040,4141,20260608,1761.35,3,202,5
4,279,9041,204,20260606,6939.12,2,148,2
3,278,9042,266,20260604,985.61,1,90,3
2,285,9043,3298,20260602,878.45,4,26,4
1,283,59220,3718,20260526,1620.47,3,154,2
2,288,59221,4166,20260611,3601.85,5,202,9
1,297,59222,2773,20260603,1775.6,4,148,8
2,296,59223,1122,20260601,4283.58,1,150,9
1,300,9054,10,20260515,1801.4,5,192,9
3,314,37154,1464,20260427,5100.36,5,7,11
1,-1,37155,2112,20260424,2084.38,4,113,5
2,201,37156,2798,20260416,831.6,1,59,4
3,200,37157,859,20260414,1394.16,2,51,5
1,199,59236,252,20260426,1721.04,5,8,2
1,72,72512,5042,20250412,1811.93,4,119,9
3,86,9102,2423,20250325,5284.29,3,218,11
2,93,9103,4439,20250323,3677.92,2,154,12
3,106,9116,158,20250301,4821.86,5,208,3
2,113,9117,4101,20250227,3044.71,3,144,8
1,112,9118,651,20250225,329.79,2,64,9
4,121,9119,841,20250217,1474.06,1,10,8
1,25,37212,3865,20250920,2286.61,1,143,4
1,24,72527,3133,20250930,1953.24,4,175,5
1,2445,59294,2916,20250801,2086.08,3,176,4
2,2444,59295,3240,20250819,4414.2,5,178,5
1,2444,9170,3294,20250731,2045.23,4,196,5
1,2443,59296,552,20250817,2134.54,4,114,2
2,2448,59297,4163,20250813,3958.08,1,202,5
1,2447,59298,1875,20250811,1959.28,2,148,2
3,2446,9176,1962,20250804,5334.33,4,108,3
2,2453,9177,2546,20250802,939.62,5,44,8
1,2452,9178,4038,20250731,2188.29,3,214,9
1,2317,59306,1820,20240719,468.48,2,98,12
2,203,37270,4463,20250109,918.92,4,69,6
3,202,37271,2895,20250107,4381.89,1,4,7
1,208,37272,3816,20250104,2099.98,2,157,9
2,207,37273,4212,20250102,844.36,3,94,6
1,236,37285,3907,20241204,299.07,4,45,5
2,235,37286,1808,20241202,3381.36,1,231,2
3,234,37287,2250,20241130,4638.95,2,175,3
1,140,9250,1441,20241030,2199.57,4,140,1
2,149,9257,1905,20241101,3864.1,5,238,4
1,148,9258,2726,20241030,2090.38,3,158,5
4,2497,9259,3685,20231105,1774,2,94,4
1,2495,59350,3186,20231112,446.42,2,14,2
1,2499,59352,943,20231106,412.98,5,48,2
1,-1,72570,4486,20230926,2162.31,5,159,1
2,36,59365,4939,20230929,777.98,2,18,5
1,36,72571,5043,20230921,2263.28,4,143,5
1,45,59366,4262,20230921,2077.7,3,204,4
1,44,72572,557,20230912,366.87,1,81,5
1,48,72573,1765,20230907,2183.26,2,115,5
1,2449,37348,4510,20240430,1825.16,4,237,12
2,2448,37349,710,20240428,4246.84,1,239,1
1,2448,9310,1572,20240503,373.73,2,18,1
4,2447,9311,3651,20240501,8734.8,1,204,10
1,2468,9324,4824,20240413,1755.12,2,8,5
4,2467,9325,2358,20240411,8327.04,1,194,2
3,2466,9326,837,20240409,5592.6,4,136,3
1,2488,72586,3636,20240330,397.67,4,65,1
1,28,9370,2010,20251016,2181.9,3,168,5
2,32,37400,2247,20251016,3565.01,1,163,5
3,31,37401,3163,20251014,5340.45,2,109,2
1,30,37402,1052,20251012,446.83,3,41,3
2,36,37403,2607,20251009,4118.42,5,157,9
1,48,9384,1848,20250926,2195.95,3,158,9
1,47,59424,4653,20250921,413.8,5,76,6
4,47,9385,4667,20250924,1705.76,2,94,6
2,52,59425,1324,20250917,4450.98,4,124,1
1,52,9388,1965,20250918,2305.73,5,142,1
1,61,59426,4361,20250909,447.89,1,70,12
4,61,9389,1795,20250910,1843.44,3,88,12
2,60,59427,5070,20250907,997.06,2,62,1
1,59,59428,248,20250905,1704,3,8,10
2,64,37416,4640,20250908,848.68,2,85,1
1,2452,9404,4668,20260512,2220.95,2,186,5
4,2451,9405,2732,20260510,8162.24,1,122,2
3,2450,9406,2409,20260508,1157.97,4,64,3
2,2457,9407,561,20260506,784.58,5,10,8
1,2456,9408,2931,20260504,1742.64,3,180,9
3,1682,37474,4337,20260404,6441.21,1,185,3
3,1682,9466,3795,20260329,6302.28,1,214,3
1,1688,37475,1050,20260401,425.34,2,41,5
1,1688,9468,2476,20260325,493.84,5,80,5
2,1687,37476,2844,20260330,3954.52,3,237,2
4,1687,9469,2477,20260323,1929.72,3,16,2
3,1686,37477,2060,20260328,6309,5,239,3
1,1693,37478,2609,20260326,2014.27,4,175,8
2,1604,59489,3723,20230309,4405.1,4,196,5
2,1624,59497,3773,20230223,655.95,5,18,9
1,1638,9520,1291,20230204,1831.38,3,190,11
4,1645,9521,2419,20230202,6684.16,2,126,4
3,1644,9522,1900,20230131,1332,1,68,5
2,1653,9523,4180,20230123,2921.26,4,4,4
2,1657,9527,779,20230131,867.98,2,38,4
1,1656,9528,1917,20230129,1695.6,1,208,5
1,1656,72643,3637,20230130,382.07,1,65,5
1,1540,9534,904,20260820,1428.97,5,180,9
2,1543,37532,3964,20260817,790.09,2,71,6
1,1556,72648,4732,20260808,1808.15,4,137,1
1,1560,72649,5138,20260803,2090.96,1,121,1
3,1410,37546,4296,20250728,1285.74,1,85,3
1,1447,59540,4722,20250625,475.88,5,70,10
2,1446,59541,3283,20250623,958.72,4,62,11
1,-1,59542,249,20250621,1635.84,1,8,4
3,-1,9582,2790,20250620,5669.58,2,218,5
2,1461,9583,3941,20250612,3605.08,1,154,4
2,1460,59543,3373,20250611,886.96,2,96,5
1,1348,9594,4037,20260205,426.07,4,80,9
4,1347,9595,2484,20260223,1831.29,5,16,6
3,1346,9596,1918,20260221,4715.9,3,208,7
2,1353,9597,2523,20260219,3289.69,2,144,8
1,1352,9598,3035,20260217,359.76,1,64,9
1,1350,9600,905,20260207,2225.49,3,124,7
4,1357,9601,5087,20260205,1791.56,2,70,12
3,1356,9602,348,20260203,4192.68,1,2,1
2,-1,9603,685,20260126,3375.14,4,198,12
1,-1,59556,2856,20260206,422.24,4,76,10
2,1368,59557,937,20260202,4540,1,124,1
4,1367,9609,1791,20260130,1881.08,4,88,10
3,1373,37590,4057,20260125,6075.81,1,247,4
1,1372,37591,1976,20260123,1689.31,2,189,5
3,1379,37593,1809,20260112,1264.95,5,21,2
1,1398,37605,3613,20251228,2324.01,3,224,7
2,1405,37606,3412,20251226,4463.88,5,169,12
3,1404,37607,4291,20251224,5837.79,4,101,1
1,1284,37608,3413,20251215,1490.44,1,4,1
1,1158,9660,781,20241112,488.07,5,24,3
4,1165,9661,398,20241110,8854.2,3,215,8
3,1164,9662,4043,20241108,5566.73,2,155,9
2,1173,9663,1683,20241031,966.24,1,98,8
1,1188,9674,3798,20241013,451.03,4,14,1
3,1186,9676,1842,20241029,6713.73,3,142,11
2,1193,9677,1034,20241027,978.16,2,88,12
1,1192,9678,742,20241025,1635.84,1,8,1
1,1457,59612,180,20231106,444.08,4,98,8
1,1473,59618,4233,20231011,1917.5,4,176,12
1,1473,37668,1467,20231019,2042.68,2,165,12
2,1472,59619,4617,20231009,4459.26,1,178,1
2,1472,37669,4060,20231017,4134.27,3,167,1
1,1480,72700,3984,20231002,496.21,4,71,5
1,1360,72701,4530,20230923,389.43,1,19,5
2,1364,59627,2215,20230925,4363.8,4,168,5
1,1364,72702,3377,20230918,477.96,2,43,5
1,1368,72703,1248,20230913,409.15,3,37,9
1,1376,9730,1153,20230831,2046.57,4,116,9
1,1272,72715,2167,20260306,461.96,4,15,1
1,-1,72716,2590,20260225,2070.08,1,203,1
3,1284,37720,2323,20260307,1163.97,2,91,1
1,1283,37721,983,20260305,393.11,3,37,10
2,1282,37722,2201,20260303,4065.58,5,229,11
3,1288,37723,4415,20260228,1145.72,4,85,5
1,1184,9790,1515,20230308,366.11,1,18,9
1,1183,37734,3114,20230303,1993.93,1,175,6
4,1183,9791,3136,20230306,8565.2,4,204,6
3,1182,9792,574,20230304,5515.62,5,146,7
2,1189,9793,137,20230302,772.14,3,82,8
3,1188,37736,2065,20230226,1319.34,3,13,9
2,1192,59671,3078,20230215,671.19,4,18,1
1,1201,59672,5031,20230207,1971.69,1,204,12
2,1200,59673,5032,20230205,832.96,2,78,1
1,1216,9810,5006,20230119,475.76,4,52,5
1,1105,59684,326,20230104,2097.46,3,248,8
1,1010,37794,3867,20250708,1957.04,2,129,7
2,1016,37795,4203,20250705,3450.84,3,235,1
4,1023,9871,743,20250626,8245.32,4,148,10
2,1029,9873,4181,20250622,1041.86,3,26,12
1,916,9884,7,20260219,1762.24,1,192,5
2,968,59743,4936,20251226,4494.72,4,168,9
1,849,59744,2457,20251214,2065.68,4,104,8
2,848,59745,1602,20251212,4089.64,1,104,9
1,847,59746,2918,20251210,457.94,2,42,6
2,852,59747,2394,20251206,2891.15,3,135,9
2,856,59749,819,20251130,3649.8,4,124,1
3,-1,9932,3741,20251123,5504.46,1,218,11
2,869,9933,3943,20251121,3495.84,4,154,12
3,866,37850,304,20251129,6979.44,2,215,11
2,721,37852,1745,20241201,914.4,5,15,4
1,724,9944,3594,20241120,2253.94,3,214,5
2,729,9947,343,20241114,1026.24,4,35,8
1,910,9948,652,20251108,2212.53,5,205,5
4,911,9949,5007,20251108,6789.36,3,144,6
1,1310,37867,979,20241110,1669.29,5,135,1
1,1294,72775,3378,20241023,1920.22,1,237,9
1,-1,72776,3632,20240928,1851.51,2,175,5
1,1274,72777,134,20241009,1873.51,3,209,1
3,1078,10010,3483,20250406,6236.63,5,214,1
1,1079,10011,340,20250406,2165.64,4,160,2
2,1080,10012,4402,20250402,870.48,1,86,3
3,1081,10013,746,20250402,1392.51,2,22,4
1,1082,59800,3197,20250422,2346.57,4,224,9
1,1086,59802,3074,20250416,2014.34,2,220,5
3,1068,10026,2300,20250414,6681.93,4,232,7
1,1069,10027,3540,20250414,2207.11,1,178,8
1,1071,37924,4459,20250326,395.74,3,11,2
2,-1,37925,4564,20250320,799.72,5,11,1
3,-1,37926,1645,20250320,5188.89,4,207,2
4,-1,37927,3960,20250317,1890.52,1,79,4
1,1161,59814,4796,20250216,1536.63,5,208,12
1,1166,59817,1603,20250222,2007.34,2,168,1
1,1966,10084,3541,20240110,1813.07,5,110,5
2,1967,10085,2729,20240110,719.74,4,46,6
3,1968,10086,1294,20240106,6092.94,1,222,7
1,1969,10087,2436,20240106,2203.72,2,168,8
1,1811,37988,3363,20240814,342.02,3,76,2
2,1786,37989,2381,20240808,848.7,5,77,9
1,1886,59860,5126,20240712,2247.5,1,196,5
1,1889,59861,2919,20240710,1550.06,2,4,8
1,1889,38010,2540,20240703,1787.76,5,245,8
1,1890,59862,321,20240706,1849.85,3,182,1
3,1891,38012,2795,20240629,5828.07,1,119,2
1,1866,59863,2811,20240611,496.93,5,34,5
4,1866,38013,2496,20240603,1998.24,2,25,5
3,1868,10142,3307,20240618,6013.24,4,178,7
1,1869,10143,2296,20240618,1832.69,1,114,8
3,2271,10155,1573,20230628,5677.86,3,238,10
1,2272,10156,1082,20230624,1778.01,5,164,11
1,2254,59875,3672,20230603,1609.85,1,144,5
1,2257,59876,5067,20230601,1721.77,2,202,8
1,402,38070,3503,20240915,2038.82,4,157,7
2,408,38071,2842,20240912,780.87,1,29,1
3,417,38072,373,20240904,4989.06,2,246,12
1,417,10214,3684,20240906,444.32,4,26,12
4,416,38073,1110,20240902,5712.3,3,189,1
2,416,10215,2426,20240904,3278.23,1,220,1
3,415,10216,964,20240902,4890.12,2,146,10
1,414,10217,3892,20240831,360.5,3,86,11
3,434,38086,1365,20240808,4558.99,1,236,3
1,446,72832,1033,20240731,437.82,2,39,7
2,210,10271,3215,20230706,4684.48,5,178,7
1,229,59932,3076,20230606,1991.19,1,238,12
2,229,10278,566,20230612,816.28,4,10,12
3,228,10279,3296,20230610,6337.96,1,196,1
1,227,59933,2809,20230603,400.87,2,84,10
1,-1,59938,1187,20230529,368.88,1,48,2
1,-1,59939,2341,20230525,2207.84,2,106,9
1,149,59947,4261,20240115,2342.24,1,178,12
1,148,38148,3760,20240105,2003.09,4,104,1
2,147,38149,2202,20240103,4047.91,1,104,10
1,179,10330,1289,20231203,1829.57,4,215,6
2,178,10331,353,20231201,3474.03,1,160,7
3,185,10332,4403,20231129,1055.14,2,86,12
1,184,10333,3098,20231127,375.91,3,25,1
1,79,10346,2155,20231030,2030.62,1,238,2
2,78,10347,2087,20231028,3884.94,2,174,3
1,84,10349,776,20231113,392.93,5,48,5
1,1625,38200,2896,20250616,1830.27,1,127,12
2,1624,38201,1469,20250614,704.9,2,63,1
3,1622,38202,4345,20250611,5367.67,3,185,11
4,1629,38203,235,20250609,7337.02,5,113,12
1,1657,59990,3525,20250511,2166.41,4,214,8
3,1657,38216,2672,20250509,6571.86,2,205,8
1,-1,59992,4428,20250505,1849.28,2,210,8
2,-1,10401,3440,20250429,785.6,4,18,7
3,1665,10402,2368,20250427,6119.13,1,194,12
2,1549,10408,5091,20260106,869.94,1,94,12
3,1548,10409,575,20260104,1131.78,2,36,1
2,2353,10461,2731,20240614,3305.76,1,8,8
3,2352,10462,86,20240612,5792.68,2,184,9
1,2365,38274,5110,20240607,1789.39,1,121,12
2,2364,38275,3328,20240605,796.93,2,59,1
3,2363,38276,3168,20240603,4916.34,3,245,10
4,2362,38277,3329,20240601,6629.6,5,245,11
2,-1,10474,399,20240523,727.39,5,58,11
1,2270,60040,2977,20250110,2242.34,1,114,7
1,-1,60041,1331,20241231,1798.83,2,172,12
1,-1,60042,4390,20241229,1906.52,3,110,1
1,-1,60043,3020,20241226,2060.73,5,194,11
1,2191,60054,4648,20241120,407.37,4,85,6
1,2190,60055,1673,20241118,365.42,1,55,7
1,2205,60056,4267,20241108,2052.89,2,112,12
1,2205,72890,4317,20241114,1451.45,1,3,12
2,2207,72891,4596,20241107,4041.54,2,185,10
2,2206,10534,1444,20241107,837.66,1,40,11
3,2213,10535,1509,20241105,5128.89,2,226,4
1,2212,10536,5048,20241103,2330.88,3,152,5
2,2061,10537,1411,20231109,936.96,5,98,12
1,2061,72892,560,20231110,1799.67,3,217,12
2,2060,38331,3665,20231106,3650.02,1,245,1
3,2059,38332,425,20231104,5608.74,2,181,10
2,2063,72893,2685,20231103,760.68,5,55,10
2,2010,10590,1151,20240425,4070.32,5,248,7
1,2029,72904,2514,20240420,1627.89,1,207,12
3,2028,10598,2482,20240419,1506.39,1,16,1
1,2027,10599,2828,20240417,1939.46,2,202,10
2,2031,72905,2400,20240413,834.36,2,37,10
3,2037,10605,4102,20240407,1303.77,1,78,4
1,2036,10606,3299,20240405,1475.54,2,4,5
1,2045,72906,4597,20240402,454.95,3,69,4
1,2049,38390,3761,20240331,1953.84,1,229,4
2,2047,38391,802,20240328,745.54,2,91,2
2,2047,72907,1701,20240326,4264.32,5,241,2
3,2046,38392,4062,20240326,1169.61,3,65,3
4,2053,38393,1592,20240324,5108.64,5,1,8
2,1935,72909,1769,20240308,4544.76,1,115,6
2,1946,38405,4509,20240303,3920.62,3,111,11
3,1953,38406,803,20240301,1172.67,5,57,12
4,1951,38407,4704,20240227,7996.74,4,179,10
1,1804,60112,2127,20230218,2122.56,1,148,5
1,1818,60118,2813,20230210,2077.7,1,204,7
1,1818,10650,2435,20230214,1762.5,2,226,7
2,1825,10651,5049,20230212,3352.78,3,162,8
3,1824,10652,159,20230210,1449.36,5,98,9
1,1823,60119,3920,20230206,436.78,2,12,6
1,1823,10653,3543,20230208,516.81,4,34,6
3,-1,10665,2018,20230119,1292.82,2,68,4
1,-1,10666,2019,20230117,1737.03,3,244,5
1,1853,60126,3072,20260902,1767.33,4,168,4
1,-1,38468,4339,20231115,2179.65,2,177,6
2,-1,38469,3410,20231111,4402.9,3,177,7
3,525,10721,2186,20231019,1189.83,1,18,4
1,526,10722,848,20231031,2060.73,2,194,9
3,506,10728,2404,20231013,5559.69,2,100,1
1,507,10729,2998,20231013,381.11,3,36,2
1,611,60171,2814,20230911,2252.57,1,188,6
1,586,60172,820,20230816,1954.59,2,116,9
1,1444,38520,1743,20260822,1558.43,2,199,3
2,1445,38521,1233,20260822,2822.31,3,135,4
3,1447,38522,4850,20260819,4010.97,5,7,10
4,1422,38523,4340,20260724,8335.68,4,185,1
3,1425,10781,738,20260721,5009.76,2,8,4
1,1426,10782,453,20260802,1951.22,3,184,9
1,1427,60184,2133,20260728,1795.37,5,108,10
3,1412,38536,109,20260715,1137.99,3,27,11
3,1412,10794,12,20260713,1254.12,4,58,11
2,1316,10854,90,20230429,769.92,3,36,7
3,1317,10855,785,20230519,6092.94,5,222,8
1,1318,10856,1079,20230515,2090.38,4,158,1
2,1319,10857,2882,20230515,887,1,94,2
1,1295,10859,3736,20230419,1889.86,3,218,6
1,1303,38594,3703,20230428,2249.83,2,187,10
2,1694,38595,4852,20251128,4366.52,3,115,1
3,1695,38596,980,20251128,1327.14,5,51,2
4,1696,38597,582,20251124,1787.4,4,51,3
1,1687,72962,1893,20251108,1885.56,1,165,2
1,1651,60244,3778,20251025,422.23,2,68,2
1,1652,60245,1422,20251021,459.93,3,32,3
1,1655,60246,2033,20251019,1853.23,5,100,10
1,1502,60247,485,20260606,339.36,4,28,9
1,1504,60248,4985,20260603,1991.35,1,214,11
1,1506,10912,212,20260619,1795.37,5,108,5
2,1507,10913,3731,20260619,949.12,4,44,6
1,1511,72968,4488,20260614,2240.4,1,195,2
2,1491,72969,1247,20260601,730.05,2,37,2
1,1493,10925,2530,20260530,416.49,2,78,4
2,1494,10926,5086,20260526,2563.55,3,4,9
3,1455,38652,1642,20260421,6135.96,5,247,2
4,2118,38667,367,20230123,7159.04,5,135,9
2,2104,10970,4897,20260811,2961.01,3,226,7
3,2105,10971,2236,20260831,5438.05,5,166,8
1,2106,10972,1040,20230128,478.24,4,98,1
2,2107,10973,2531,20230128,1023.68,1,34,2
1,2221,10985,4898,20260823,361.29,3,68,8
2,2222,10986,2365,20260819,3326.04,5,246,1
1,2198,10988,4899,20260724,1796.25,1,118,5
1,88,60300,2459,20250715,1743.08,1,218,7
1,66,60302,4131,20250617,2077.7,3,204,9
3,72,11024,2547,20250703,5884.06,2,104,7
1,73,11025,1923,20250703,449.08,3,50,8
2,74,11026,2425,20250629,3454.5,5,226,1
3,75,11027,3894,20250629,5395.89,4,162,2
1,-1,38724,4971,20250523,1374,3,5,6
2,-1,38725,2251,20250608,2778.89,5,5,7
3,-1,38726,2497,20250608,4864.99,4,191,8
4,55,38727,1978,20250621,1323.47,1,63,2
1,2415,60316,4070,20260201,2233.76,2,224,2
1,2473,11081,1715,20251120,1721.04,1,8,8
2,2474,11082,4437,20251202,3536.35,2,185,1
1,2479,73002,1829,20251125,357.11,1,21,10
1,2454,11088,2935,20251114,365.04,2,90,1
2,2455,11089,2876,20251114,929.51,3,26,2
4,359,38783,2752,20241117,7542.24,5,165,6
1,339,38788,4705,20241011,468.87,3,61,6
2,340,38789,4343,20241027,947.02,5,61,7
1,312,60360,822,20241004,1740.72,2,190,11
1,315,60361,939,20241002,2076.69,3,248,6
1,162,60362,4232,20250520,2170.35,5,176,5
1,164,60363,1378,20250517,383.28,4,28,7
3,164,11140,1919,20250520,1269.51,2,50,7
1,165,11141,349,20250520,1794.3,3,236,8
2,166,11142,2825,20250601,2968.6,5,162,1
3,167,11143,1961,20250601,4661.07,4,108,2
3,154,11156,1716,20250508,6587.85,3,158,5
1,155,11157,2877,20250508,426.44,5,94,6
3,-1,11159,2159,20250412,5449.41,1,218,2
1,135,60374,2771,20250429,1853.67,1,164,10
2,135,73017,2686,20250504,723.38,1,55,10
1,136,60375,2129,20250425,1935.63,2,138,11
1,139,60376,4480,20250423,2337.4,3,196,6
1,114,60377,1326,20250328,2069.71,5,124,9
1,119,60379,4387,20250408,1847.36,1,128,6
1,120,38840,1742,20250402,401.65,5,83,7
2,121,38841,4637,20250402,814.08,4,29,8
3,123,38842,3115,20250330,6366.36,1,141,2
4,226,38843,4213,20250304,1778.21,2,79,1
1,1551,38854,1020,20250307,402.96,3,75,6
3,1554,38856,4154,20250320,6985.44,4,161,1
2,-1,11212,1837,20250210,3452.64,3,108,7
3,-1,11213,3434,20250210,1366.74,5,44,8
1,1628,11218,4438,20250103,1356.3,3,4,7
2,1629,11219,2723,20250123,3712.64,5,200,8
3,1986,38912,232,20231208,1128.72,5,15,9
1,1839,38918,2962,20240730,2059.23,5,131,6
2,1840,11272,1401,20240806,1005.28,5,98,7
2,1841,38919,4511,20240727,2816.68,4,3,8
3,1841,11273,3643,20240806,1475.88,4,34,8
1,1822,60433,3874,20240718,448.17,5,78,1
2,1827,11285,3987,20240717,896.7,2,68,10
3,1802,11286,3436,20240621,4942.48,3,244,5
1,1806,60438,2070,20240623,464.58,3,32,1
1,1809,60439,673,20240711,1871.22,5,100,4
2,2268,38971,5112,20230423,4350.3,5,195,7
3,2269,38972,2322,20230423,5990.49,4,131,8
1,-1,11344,3537,20230414,1869.14,3,110,9
2,-1,11345,4821,20230504,675.22,5,46,10
3,2250,11346,2937,20230408,6283.32,4,222,5
1,2251,11347,3740,20230408,2269.18,1,168,6
1,2075,73060,4729,20231024,467.95,4,79,2
2,2081,73061,2867,20231102,4656.96,1,161,12
1,2059,39010,4294,20230930,454.98,3,43,2
1,2059,73062,3788,20231006,1969.51,2,193,2
2,2060,39011,4347,20231016,4172.26,5,221,3
3,2061,39012,3122,20231016,6201.39,4,167,4
4,2062,39013,4066,20231028,8352.92,1,167,9
2,2065,73063,830,20231015,4640.18,3,125,12
1,2066,60490,2708,20231023,1836.9,2,208,5
1,2044,60492,486,20230925,2144.85,5,194,11
1,-1,60493,4024,20231008,479.31,4,44,5
2,-1,11402,4095,20231011,4737.36,4,188,7
3,-1,11403,8,20231011,6542.94,1,124,8
3,-1,39026,4011,20230912,4547.98,5,126,2
2,2163,11415,263,20230921,4028.78,3,248,6
3,2138,11416,2089,20230826,5003.33,5,174,9
1,2146,60505,4588,20230904,1474.81,3,154,1
1,39,60506,4426,20260408,1945.03,5,212,6
1,740,73076,4084,20250528,1881.47,1,141,3
3,743,11460,885,20250614,1128.84,5,56,10
1,744,11461,208,20250610,2338.33,4,242,11
2,745,11462,3137,20250610,4324.12,1,178,12
3,-1,11463,2932,20250606,6532.98,2,114,5
2,1122,11475,3988,20240528,3942.96,5,238,5
3,1123,11476,1718,20240528,5561.02,4,164,6
2,1125,11478,9,20240524,851.3,2,38,8
1,1126,39084,3759,20240521,1725.86,3,193,1
2,1127,39085,104,20240610,3666.82,5,103,2
3,1128,39086,3508,20240606,1085.6,4,49,3
4,1130,39087,4514,20240603,8009.97,1,161,9
1,1131,39088,864,20240603,1514.41,2,135,10
3,921,11532,264,20241126,6403.62,5,114,8
1,922,11533,498,20241122,369.16,4,55,1
1,901,60562,2972,20241021,2118.22,2,248,12
2,901,11538,5093,20241019,861.5,5,20,12
3,902,11539,1004,20241031,6783.36,4,206,5
1,906,60564,1119,20241024,2090.38,3,158,1
1,907,60565,1543,20241113,2103.02,5,122,2
1,886,39140,3273,20241028,341.8,2,45,1
1,887,60568,2920,20241029,343.53,2,54,2
2,887,39141,2845,20241028,690.72,3,45,2
3,888,39142,1051,20241024,6466.86,5,231,3
2,1368,11591,4099,20230909,3783.61,5,178,7
3,1369,11592,1295,20230909,5820.66,4,106,8
3,1331,11606,2301,20230713,6479.28,1,248,6
1,1332,11607,345,20230709,2032.52,2,184,7
3,1334,11609,268,20230810,1241.58,5,58,1
1,1160,39214,2841,20240217,2072.35,5,161,3
2,1162,39215,1054,20240214,846.13,4,33,9
3,1163,39216,1106,20240214,4456.62,1,7,10
4,1138,39217,3758,20240119,7796.8,2,193,1
1,1140,39218,2249,20240116,405.46,3,65,3
1,1252,60621,2818,20240119,516.81,5,34,7
1,1253,60622,4073,20240119,2144.52,4,214,8
1,1259,11664,2939,20240119,2276.52,4,116,10
2,1234,11665,3392,20231224,744.3,1,54,1
3,1235,11666,1576,20231224,5796.15,2,238,2
1,1236,11667,747,20231220,2020.95,3,174,3
2,1237,11668,3993,20231220,4047.9,5,104,4
3,1238,11669,1296,20240101,1226.91,4,48,9
1,1642,60634,716,20260822,1536.64,2,208,1
1,728,60637,1486,20241121,1905.19,4,165,9
1,750,39278,4344,20240925,2024.78,5,221,1
3,751,11722,3308,20240924,7175.73,1,188,2
2,752,39279,585,20240922,805.72,4,93,3
1,752,11723,517,20240920,2203.24,2,124,3
3,738,11735,395,20241006,6105.48,5,248,5
1,739,11736,1083,20241006,1981.71,4,174,6
1,820,73138,4604,20240806,2204.83,4,187,7
1,804,60681,873,20240716,396.25,4,10,3
1,805,60682,3242,20240716,2391.91,1,188,4
1,807,60683,4126,20240713,477.05,2,34,10
1,807,11780,606,20240720,380.16,4,56,10
2,1650,11781,5005,20231112,3836.24,1,245,1
3,1651,11782,3309,20231112,6553.77,2,178,2
1,1652,11783,1721,20231108,2272.38,3,115,3
3,1658,39332,1811,20231115,5941.5,1,239,5
4,1659,39333,171,20231115,8003.68,2,239,6
3,1638,11795,1507,20231104,5973.57,4,238,5
1,1639,11796,1845,20231104,1944.47,1,165,6
3,1641,11798,2297,20231031,1289.46,3,38,8
1,1620,60694,2462,20231002,2269.18,3,168,11
1,1624,60696,253,20231101,1856.32,4,200,7
3,1624,39346,53,20231101,5554.29,4,181,7
1,1625,60697,3673,20231101,1940.66,1,128,8
1,1435,11850,1288,20240426,2055.92,5,248,10
2,1417,11858,4042,20240420,1014.1,1,16,12
3,1418,11859,4497,20240416,5877.75,2,202,5
3,1512,39402,1368,20240324,5007.87,4,135,11
1,1909,39408,2495,20230301,1866.79,4,191,12
2,1910,39409,3705,20230313,3877.26,1,137,5
1,1883,11910,2479,20230211,2063.48,1,230,10
2,1858,11911,3595,20230116,3951.24,2,166,1
3,1859,11912,3745,20230116,1187.16,3,92,2
1,1860,11913,519,20230112,400.61,5,38,3
1,1864,60751,825,20230130,400.95,3,48,11
1,1719,11926,265,20230921,2138.99,2,248,2
2,1720,11927,1215,20230917,4024.38,3,184,3
1,1722,11929,902,20230913,409.68,4,58,9
1,1723,60758,594,20230915,373.41,5,36,10
1,1700,60759,3719,20230818,366.73,4,94,3
3,1516,39462,1939,20231009,1169.49,1,47,3
2,1471,11984,1290,20230916,4507.06,1,116,2
3,1472,11985,889,20230912,1024.12,2,56,3
1,1473,11986,2553,20230912,1912.34,3,238,4
2,1474,11987,2881,20230908,3666.42,5,176,9
1,1322,11989,520,20240425,404.96,1,48,9
3,1292,12011,2094,20240326,6039.18,2,138,7
1,1293,12012,1253,20240326,367.26,3,64,8
3,1299,12018,2551,20240326,5806.04,3,220,10
1,1274,12019,2600,20240320,1946.48,5,156,1
1,1282,73190,4080,20240313,509.45,5,25,5
1,-1,60810,1123,20240306,418.83,4,40,2
1,1394,60811,2072,20240229,444.08,1,98,9
1,1394,73192,2078,20240224,2123.42,1,239,9
1,1395,60812,5127,20240229,505.61,2,26,10
1,-1,60813,3873,20240204,1791.38,3,128,2
1,-1,39534,145,20240204,365.42,4,55,3
2,1374,39535,4460,20240217,3792.59,1,177,9
3,1375,39536,2499,20240217,5841.29,2,141,10
4,1376,39537,2892,20240213,1710.62,3,87,11
1,2210,60824,3524,20230126,474.04,5,14,1
1,2211,60825,4943,20230126,1892.62,4,238,2
1,2214,60826,1124,20230120,371,1,46,9
1,2215,60827,3191,20230120,2324.01,2,224,10
1,2193,12072,3948,20260822,307.74,5,54,8
1,2194,60829,5069,20230125,1979.36,5,228,1
1,-1,73206,2983,20230804,374.14,2,81,5
1,1984,39598,4854,20230625,2183.26,4,115,11
2,1986,39599,4292,20230708,3688.34,1,237,5
3,2083,12144,650,20230531,1044.9,3,66,6
1,2084,12145,1211,20230616,1259.18,5,2,7
2,2085,12146,3139,20230616,3947.8,4,188,8
3,2086,12147,2303,20230612,6008.82,1,124,1
2,2478,12149,3735,20260112,3617.32,3,244,5
1,2081,60884,3016,20231228,1812.61,4,236,8
1,2082,60885,4524,20231224,1925.53,1,210,1
1,2059,60886,1605,20231130,289.84,2,18,6
1,2059,39650,3231,20231206,984.16,1,9,6
1,2060,60887,4229,20231126,1775.53,3,196,7
2,2060,39651,4206,20231202,3599.73,2,187,7
3,2061,39652,2964,20231202,5237.45,3,125,8
1,2062,60888,121,20231209,2202.93,5,134,1
4,2062,39653,51,20231214,8634.92,5,124,1
2,2046,12200,2725,20231119,981.08,3,15,1
1,2048,12202,849,20231205,1755.34,4,135,3
2,2049,12203,1254,20231205,767.96,1,74,4
2,2051,39665,619,20231123,4337.42,1,205,10
3,2027,39666,620,20231029,1257.72,2,75,2
1,-1,12215,2695,20231115,1687.57,3,198,6
2,2138,12216,903,20231020,4450.98,5,124,5
2,2434,12260,777,20250511,3098.56,5,6,1
3,2435,12261,267,20250511,5991.6,4,192,2
1,2436,12262,2526,20250507,1791.38,1,128,3
2,2437,12263,3031,20250507,719.53,2,64,4
1,2423,12275,3146,20250507,2322.24,5,188,6
2,2270,12276,778,20251223,4441.56,4,114,5
3,2271,39722,296,20251208,1406.79,1,24,6
3,2271,12277,3300,20251223,1062.78,1,54,6
4,2272,39723,4612,20251204,8565.2,2,204,7
1,2278,39728,3271,20251225,424.34,1,85,9
2,2279,39729,1316,20251225,918.72,2,24,10
1,2262,60940,1189,20251201,334.43,5,58,5
1,2239,60941,1887,20251107,2316.93,4,115,2
1,2240,60942,4940,20251103,441.34,1,44,3
1,2242,60943,2776,20251116,1916.27,2,138,9
1,2342,60955,553,20251029,2138.99,5,248,5
1,2320,60957,3576,20251001,1622.7,1,234,11
1,2323,12331,1840,20251014,1858.2,3,138,6
2,2324,12332,608,20251010,742,5,64,7
1,220,12338,3737,20240915,1955.09,5,220,7
2,221,12339,3103,20240915,3932.28,4,156,8
2,206,39781,3171,20240916,3426.54,1,245,9
3,207,39782,424,20240916,5554.29,2,181,10
1,15,12391,3147,20250409,1847.36,5,128,6
2,16,12392,4185,20250405,730,4,54,7
1,2495,73264,3303,20250305,2209.63,1,141,10
2,1,73265,4658,20250314,3726.38,2,237,8
1,3,12405,966,20250304,395.26,4,28,2
2,2478,12406,3545,20250206,3900.98,1,204,5
1,2479,73266,4312,20250215,373.54,3,19,6
1,2480,12408,5011,20250202,411.96,3,78,7
2,97,73269,3304,20250206,748.56,1,65,8
1,1488,39854,3414,20251102,1740.55,2,127,9
2,1496,39855,2612,20251024,3909.63,3,249,9
3,1495,39856,4006,20251022,5908.79,5,213,6
4,1494,39857,3704,20251020,8998.68,4,159,7
3,1368,12463,739,20241003,5386.11,4,108,5
3,1367,12464,609,20240927,1051.8,4,72,2
1,1366,12465,3432,20240925,388.99,1,18,3
2,1373,12466,91,20240923,4037.36,2,194,4
3,1372,12467,206,20240921,6408.36,3,140,5
1,1371,12468,2158,20240919,452.7,5,68,2
2,1370,12469,4675,20240917,2980.88,4,4,3
2,1320,39911,2899,20250326,4167.84,2,185,1
3,1319,39912,3415,20250324,6617.97,3,159,10
4,1318,39913,4299,20250322,1714.28,5,95,11
1,1328,12521,2548,20250310,1798.12,4,218,5
2,1337,12522,5013,20250302,3534.68,1,144,4
1,1336,61054,2214,20250303,452.7,5,68,5
1,1335,61055,1817,20250301,450.64,4,32,2
1,1340,61056,2036,20250225,1817.24,1,100,5
1,1339,61057,874,20250223,395.26,2,28,2
1,1345,61058,2508,20250220,2210.17,3,214,8
1,1223,12534,2182,20250210,343.22,3,18,6
3,-1,12580,2830,20231224,1233.27,4,12,12
1,-1,12581,3316,20231222,2141.3,1,204,1
2,1145,12582,2366,20231214,4773.02,2,134,12
3,1144,12583,1007,20231212,1175.46,3,74,1
1,1148,39970,2900,20231219,462.49,2,71,1
2,1147,39971,4376,20231217,2530.68,3,9,10
3,1146,39972,3961,20231215,5481.39,5,195,11
4,1153,39973,5111,20231213,6612.44,4,195,4
2,1030,12595,1212,20240804,4163.52,4,194,3
3,1037,12596,1686,20240802,5844.56,1,130,4
2,-1,39985,2613,20240727,1018.9,2,25,7
3,1052,39986,3117,20240724,6022.59,3,147,9
4,1051,39987,3047,20240722,1563,5,75,6
1,972,61111,1061,20240615,1530.99,5,198,9
1,971,61112,2580,20240613,1567.67,4,126,6
1,977,61113,5071,20240610,1598.71,1,228,12
1,843,12658,906,20230520,2179.07,1,222,2
2,842,12659,2183,20230518,4320.16,2,168,3
1,855,61125,177,20230511,470.27,3,88,6
1,860,40034,4207,20230505,1789.51,1,137,9
1,860,12667,1513,20230510,2116.44,1,168,9
1,859,61127,1788,20230505,383.98,4,74,6
2,859,40035,3817,20230503,771.94,2,65,6
3,858,40036,2569,20230501,4150.8,3,1,7
4,865,40037,2570,20230429,5108.64,5,1,12
1,1463,73322,2002,20260421,2250.1,2,115,6
3,1952,12710,3297,20250312,6597.51,1,186,11
1,1953,12711,2096,20250312,2019.73,2,122,12
2,1954,12712,1292,20250324,836.08,3,58,5
3,1955,12713,2016,20250324,5157.36,5,244,6
2,1941,12725,88,20250304,798.5,1,28,4
3,1942,12726,3849,20250228,6551.1,2,204,9
2,1918,12728,4097,20250202,923.5,5,78,5
1,1911,40098,3560,20250203,1949.2,1,193,6
2,1758,40099,5109,20250921,3980.86,2,121,5
1,1764,61170,1550,20250924,1657.26,5,108,3
1,1742,61172,5068,20250827,384.05,1,96,1
1,1744,61173,2130,20250824,1580.63,2,200,3
1,1716,12784,1009,20250815,299.99,1,72,7
2,1717,12785,4960,20250815,866.41,2,16,8
3,1718,12786,845,20250811,6119.13,3,194,1
1,1719,61186,1327,20250820,1954.59,4,116,2
1,1719,12787,1352,20250811,1559.47,5,136,2
2,1822,12788,3985,20250716,835.76,4,68,1
3,1823,12789,2878,20250716,4516.02,1,4,2
2,2211,40151,2116,20240713,4603.84,2,107,2
3,2212,40152,2894,20240709,1474.2,3,71,3
4,2213,40153,4209,20240709,1992.6,5,17,4
3,-1,40166,237,20240523,938.65,2,63,4
4,2179,40167,4210,20240605,7241.09,3,185,10
3,2160,12840,963,20240512,1209.72,1,28,11
1,2161,12841,2238,20240512,2122.64,2,214,12
2,2162,12842,2727,20240524,4152.45,3,150,5
1,2062,61242,5039,20241027,1749.84,4,144,5
1,2064,61243,4937,20241024,1892.62,1,238,7
3,2065,40222,1471,20241014,5774.52,2,165,8
1,415,40228,1417,20231024,1901.27,2,183,2
1,416,61248,71,20231013,1899.3,4,192,3
2,416,40229,169,20231020,3841.74,3,183,3
1,419,61249,638,20231027,384.36,1,10,10
1,420,12914,1214,20231102,1953.08,2,246,11
2,421,12915,2299,20231102,3661.94,3,182,12
3,422,12916,1516,20231029,5388.75,5,118,5
1,423,12917,5088,20231029,343.53,4,54,6
3,399,12919,2517,20231003,7026.72,2,178,10
1,1771,40280,623,20230705,2256.34,1,205,2
3,2164,40282,4790,20260201,1239.39,3,13,7
1,2164,73380,4991,20260203,1746.12,1,163,7
2,2165,12978,392,20260208,4315.82,2,222,8
3,2166,12979,2432,20260220,5760.21,3,168,1
2,2170,73381,3843,20260212,2964.14,2,5,9
2,2148,12987,2433,20260107,4189.24,2,168,3
1,2148,73382,492,20260116,409.15,3,37,3
2,2154,73383,4308,20260125,3696.2,5,219,5
1,2119,13010,570,20251228,2113.82,4,184,6
3,2121,13012,3302,20251224,1105.74,2,54,8
1,1972,61301,4751,20260809,1311.58,1,4,3
1,1973,61302,2976,20260809,1547.83,2,182,4
1,1975,61303,1328,20230107,413.13,3,38,10
3,1954,13025,2993,20260722,1233.69,4,28,9
1,1955,13026,3311,20260722,2056.5,1,204,10
1,1947,61315,4263,20260715,1714.85,4,144,2
1,1924,61316,4423,20260617,1939.46,1,202,7
2,1930,73395,3633,20260702,999.12,1,25,9
1,2036,73396,947,20260605,346.56,2,57,11
1,2020,40354,4793,20260530,417.34,2,21,7
2,2021,40355,588,20260530,3673.54,3,209,8
3,2022,40356,2382,20260611,4593.02,5,145,1
4,2023,40357,863,20260611,6196.94,4,145,2
1,2023,13070,4442,20260610,1812.14,1,176,2
2,2024,13071,2521,20260606,3663.01,2,112,3
3,2025,13072,402,20260606,1022.42,3,48,4
1,2026,13073,1575,20260602,1521.29,5,234,9
3,2402,13085,3742,20250504,1109.76,1,18,9
1,2403,13086,1351,20250504,2102.79,2,194,10
3,2405,13088,3989,20250430,1292.82,5,68,12
2,2197,40411,477,20251103,3572.36,3,145,8
3,2181,13148,1963,20251015,1124.13,1,46,4
1,2182,13149,2302,20251027,2118.13,2,232,9
1,2293,61372,3776,20251001,1971.48,5,238,8
1,2276,61376,254,20250906,1726.64,2,174,3
1,2277,61377,3978,20250906,1593.19,3,102,4
1,2279,61378,1330,20250919,392.93,5,48,10
1,599,13200,2363,20240226,352.66,2,10,10
2,600,13201,5094,20240222,4225.3,3,196,11
3,601,13202,210,20240222,5497.02,5,122,12
1,602,13203,1577,20240218,404.82,4,68,5
1,584,40470,4253,20240122,2015.17,3,129,11
2,-1,40471,1053,20240208,4575.26,5,241,5
3,-1,40472,302,20240208,6505.11,4,215,6
4,562,40473,4468,20240113,9123.12,1,151,9
1,563,13216,524,20240107,2069.86,3,114,10
2,564,13217,3393,20240103,722.84,5,54,11
1,566,13219,3313,20240115,2252.15,1,178,5
3,424,40486,2616,20240916,5188.89,5,207,11
1,-1,61430,2270,20240707,2144.52,4,214,2
2,-1,13274,89,20240715,3661.84,2,236,2
3,466,13275,518,20240619,5232.96,3,172,5
1,467,13276,1846,20240619,1709.06,5,108,6
2,468,13277,3733,20240615,939.63,4,44,7
1,469,61432,3922,20240609,1830.21,2,210,8
1,470,13279,2013,20240627,2247.36,2,168,1
2,1131,13330,1353,20240105,3902.44,1,184,6
1,1133,13332,2880,20240101,372.15,3,54,8
1,-1,73452,1244,20231129,1512.79,2,145,7
2,1118,73453,3089,20231208,3313.03,3,234,9
2,1095,13346,1251,20231116,4074.56,2,205,6
1,1192,73458,3027,20231022,402.86,2,93,7
2,1198,73459,3212,20231031,1009,3,25,9
1,1199,40600,2617,20231021,336.84,5,99,10
2,1174,40601,115,20230925,1046.76,4,35,1
3,1176,40602,2257,20230922,6177.63,1,157,3
4,1177,40603,5059,20230922,1765.24,2,85,4
2,1579,13390,4673,20260602,3666.43,2,176,6
3,1580,13391,3310,20260529,6279.45,3,112,7
1,1581,13392,16,20260529,392.93,5,48,8
2,1582,13393,1508,20260525,3313.03,4,234,1
1,1583,61490,4235,20260525,2242.72,1,186,2
3,1583,40616,4214,20260531,6800.52,4,177,2
1,1560,61491,3572,20260427,1754.94,2,244,7
1,1561,61492,1332,20260427,1835.17,3,172,8
1,-1,61493,4868,20260510,424,5,22,2
2,-1,13404,2827,20260427,836.04,3,76,10
3,1542,13405,3256,20260421,1336.05,5,12,5
1,1543,13406,1037,20260421,1704.96,4,198,6
2,1544,13407,352,20260417,4727.12,1,134,7
1,1546,13409,211,20260429,1738.08,3,8,1
1,1534,61504,2458,20260406,2225.54,1,168,5
1,1535,61505,1549,20260406,2237.66,2,132,6
1,1621,61506,4869,20260722,1819.56,3,200,8
1,1622,61507,4135,20260803,1903.34,5,128,1
1,1624,61508,1270,20260731,371,4,64,3
1,1429,40674,2384,20230611,374.09,5,93,4
2,1430,40675,2703,20230623,851.9,4,21,9
3,1430,13468,3542,20230620,1385.7,3,52,9
3,1431,40676,2326,20230623,5504.88,1,217,10
1,1431,13469,2298,20230710,1993.62,5,248,10
4,1432,40677,542,20230619,6775.2,2,217,11
2,1435,40679,1648,20230706,989.22,5,25,6
3,1413,13477,2692,20230527,1213.28,3,88,4
2,2348,13520,3484,20260401,964.86,3,16,3
3,2349,13521,4626,20260421,6115.23,5,202,4
1,-1,13522,2088,20260417,1877.56,4,138,9
2,-1,13523,654,20260417,799.32,1,74,10
1,2311,13535,157,20260306,1757.16,3,198,2
2,2312,13536,525,20260302,4629.02,5,124,3
1,2313,61561,73,20260220,392.93,4,48,4
1,2314,13538,269,20260314,2138.99,1,248,9
3,2315,40732,865,20260321,5139.24,4,153,10
1,2316,61563,4491,20260301,466.28,2,78,11
1,2300,61568,1824,20260224,436.7,1,32,7
1,2303,61569,1786,20260222,1601.33,2,100,2
3,191,13593,960,20230309,1161.81,3,28,2
3,166,13594,1445,20230207,6120.94,3,242,5
1,167,13595,3539,20230227,2182.91,5,188,6
2,168,13596,784,20230223,3794.74,4,114,7
3,169,13597,843,20230223,1252.98,1,60,8
1,170,13598,2428,20230307,1912.34,2,238,1
2,171,13599,1964,20230307,4002.66,3,174,2
1,573,40790,3504,20251004,1942.22,5,191,12
2,575,40791,1979,20251001,697.7,4,63,6
3,550,40792,371,20250905,1251.54,1,37,9
4,551,40793,1055,20250905,8743.88,2,223,10
1,537,73510,559,20250902,2023.58,2,116,12
1,-1,40804,1468,20250908,350.46,4,83,6
2,-1,40805,2113,20250904,637.91,1,83,7
3,-1,40806,4464,20250904,1317.67,2,26,8
4,-1,40807,2611,20250901,7438.35,3,141,2
2,-1,73511,1772,20250911,615.86,3,46,2
1,518,40808,4848,20250806,1938.21,5,115,5
1,521,73512,3533,20250815,372.87,5,73,8
2,527,73513,4309,20250824,4144.7,4,161,10
2,380,13650,1412,20260409,3618.7,3,198,7
3,381,13651,2364,20260429,6884.16,5,134,8
1,382,13652,4325,20260425,457.22,4,70,1
1,358,61620,1426,20260330,1748.59,2,208,5
1,361,61621,2634,20260328,507.05,3,16,8
1,362,61622,875,20260409,2039.71,5,194,1
1,364,61623,4803,20260406,427.49,4,50,3
1,12,61636,3082,20260312,1798.12,3,218,11
1,2352,73526,3207,20230309,2095.66,3,175,11
1,-1,40868,49,20230305,2092.54,4,149,5
2,-1,40869,2324,20230305,3846.88,1,149,6
1,2318,13725,3255,20230131,411.09,4,12,5
2,2319,13726,4782,20230131,3444.72,1,198,6
3,2320,13727,961,20230127,7159.53,2,134,7
2,2322,13729,1847,20230212,3510.24,5,8,1
1,733,40920,4636,20251106,2235.34,4,161,12
2,734,40921,303,20251118,4359.86,1,105,5
3,736,40922,4976,20251115,4822.55,2,225,7
4,737,40923,3824,20251115,8399.92,3,157,8
1,721,13788,2527,20251029,466.52,5,52,8
2,722,13789,397,20251025,4028.78,4,248,1
2,700,40935,3820,20250929,999.12,4,25,7
3,701,40936,3821,20250929,6637.77,1,249,8
4,702,40937,3965,20251011,7914.69,2,185,1
1,704,13797,2051,20251017,465.57,5,88,3
1,556,61694,998,20260609,1724.81,2,146,11
1,557,61695,4752,20260609,1628.66,3,120,12
1,560,61696,2815,20260619,2139.54,5,178,7
1,561,61697,323,20260619,2297.04,4,106,8
2,515,13840,4405,20260425,830.74,4,12,6
3,618,13841,696,20260330,5404.74,1,208,5
1,619,13842,456,20260330,2202.93,2,134,6
2,620,13843,3485,20260326,978,3,80,7
3,605,13854,205,20260310,5316.48,5,8,4
1,606,13855,356,20260322,2102.79,4,194,9
2,607,13856,697,20260322,3936.53,1,130,10
1,1008,40994,4708,20250322,2271.52,4,159,7
2,1009,40995,3417,20250322,891.7,1,87,8
3,1010,40996,1013,20250318,1428.84,2,23,1
4,1011,40997,1014,20250318,1923.64,3,23,2
3,819,13910,153,20250921,5298.75,3,208,10
4,798,41033,1369,20250921,7363.44,4,145,9
1,801,61752,4130,20250917,2162.5,3,204,12
1,801,13918,1511,20250915,1833,4,226,12
2,802,13919,4142,20250911,3492.48,1,162,5
1,778,41038,2380,20250815,1574.59,5,236,1
2,780,41039,305,20250812,3791.24,4,106,3
1,2143,61766,3200,20240319,2324.01,2,224,2
3,2088,13970,2689,20240118,5375.85,5,198,3
1,2089,13971,2370,20240118,2271.77,4,134,4
2,2090,13972,4676,20240130,905.11,1,70,9
3,2183,41092,1593,20240103,5049.91,4,244,2
4,2184,41093,3563,20231230,6804.85,1,244,3
1,2191,73584,4733,20240109,1743.02,2,235,6
3,-1,14000,740,20230502,6059.19,2,122,11
1,-1,14001,3738,20230502,444,3,68,12
2,538,14002,1512,20230514,3438.24,5,244,5
3,539,14003,13,20230514,5494.14,4,190,6
2,539,73585,3346,20230516,848.92,3,59,6
3,543,41106,1168,20230515,5282.04,4,181,2
1,543,73586,1195,20230511,377.77,5,81,2
2,523,73587,1823,20230428,835.14,4,13,2
1,524,14014,2014,20230424,1868.1,1,118,3
2,525,14015,2883,20230424,715.68,2,54,4
3,526,14016,2100,20230420,6319.54,3,240,9
1,527,73588,2861,20230423,341.8,1,45,10
1,315,61824,2161,20231008,2153.72,3,158,10
1,316,61825,1130,20231024,2165.49,5,122,11
1,319,61826,325,20231022,1795.12,4,190,6
1,294,61827,3779,20230926,1832.18,1,118,9
1,296,61828,4231,20230923,354.26,2,54,11
3,298,14072,1924,20230923,5219.28,1,198,5
1,300,14074,2095,20231005,1691.79,2,108,7
2,301,14075,2157,20231005,930.15,3,44,8
3,302,14076,1636,20231001,5945.28,5,230,1
1,303,14077,4961,20231001,2077.45,4,166,2
2,406,14078,3946,20230905,690.83,1,94,1
1,407,41164,52,20230829,1357.62,5,6,2
2,408,41165,4974,20230825,3340.23,4,166,3
3,409,41166,1318,20230825,5633.3,1,105,4
4,411,41167,4566,20230907,7404.8,2,227,10
1,744,14130,2941,20260210,430.58,1,58,11
2,745,14131,2549,20260210,3545.68,2,244,12
3,746,14132,787,20260222,4809.68,3,180,5
2,607,14147,3732,20230227,770.34,3,18,6
3,585,41222,709,20230129,1111.59,1,47,12
1,2439,61882,2340,20251129,2281.31,3,215,2
1,2271,61888,4112,20260623,531.15,3,26,10
1,2271,14190,400,20260709,388.92,2,48,10
2,2272,14191,2011,20260705,3279.23,3,234,11
3,2273,14192,3258,20260705,6699.12,5,170,12
1,2274,61889,3246,20260723,404.96,5,84,5
1,2274,14193,271,20260717,2252.44,4,106,5
1,2258,14203,4900,20260623,1779.78,3,218,5
1,2259,14204,2304,20260619,1868.72,3,182,6
2,2260,14205,3547,20260705,3881.32,5,128,7
3,2261,14206,3686,20260705,1052.04,4,54,8
1,2262,61896,3284,20260620,1922.26,2,228,1
1,2262,14207,272,20260701,2285.23,1,250,1
2,2263,14208,4103,20260701,4369.18,2,178,2
3,2238,14209,401,20260605,5821.46,3,114,5
1,2355,41280,1935,20260526,1715.07,4,239,6
2,2356,41281,3176,20260522,4109.94,1,175,7
3,2358,41282,4788,20260519,1157.91,2,47,1
4,2359,41283,3823,20260519,6633.1,3,225,2
3,179,41296,1475,20260505,1111.29,1,63,2
1,146,14263,1399,20260409,1766.25,5,208,9
2,151,14268,3986,20260328,4363.8,3,168,6
3,126,14269,4902,20260322,5696.29,5,104,9
1,133,14276,749,20260320,1738.08,2,8,8
2,-1,73641,4082,20230412,3938.38,3,155,9
1,2490,73642,5135,20230407,2272.33,5,187,5
1,2471,61940,940,20230313,1938.46,3,192,6
1,2474,61941,3019,20230327,408.14,5,10,1
1,2475,61942,3675,20230327,2252.57,4,188,2
1,2451,61943,1993,20230302,392.76,1,22,10
4,2440,41353,4465,20230223,8004.54,1,195,3
1,47,14320,1849,20230112,2040.56,3,122,10
1,48,41358,3009,20230117,409.15,4,37,11
2,48,14321,4903,20230128,896.7,5,68,11
3,49,14322,1514,20230128,5211.09,4,244,12
1,50,61954,2461,20230208,2181.9,2,168,5
2,50,41359,2897,20230130,4411.98,1,159,5
1,50,14323,408,20230209,1849.52,1,190,5
1,54,61956,1480,20230202,1782.8,5,200,1
1,55,61957,5034,20230202,1866.02,4,128,2
2,35,14334,2429,20230124,3448.8,2,118,2
3,36,14335,4543,20230120,1084.26,3,54,3
1,37,14336,4825,20230120,2128,5,240,4
3,222,41412,3366,20260209,1068.12,3,45,5
4,223,41413,3274,20260209,1438.4,5,45,6
1,225,14392,686,20260204,1757.16,2,198,8
2,227,14394,2728,20260212,3072.85,3,108,2
3,228,14395,3437,20260228,1338.25,5,44,3
1,229,14396,3799,20260228,1797.88,4,230,4
2,230,14397,4958,20260224,3788.29,1,166,9
3,231,14398,4671,20260224,1113.02,2,94,10
1,211,41424,3416,20260204,2196.9,4,195,2
1,213,14406,2687,20260204,492.88,3,98,4
3,214,41426,3275,20260128,4138.8,2,3,9
3,2496,14452,782,20240331,5719.44,4,182,7
1,2497,14453,5004,20240331,1810.04,1,128,8
1,2484,14466,1035,20240323,489.08,5,88,11
2,2485,14467,279,20240323,957,4,24,12
1,2471,41484,4346,20240304,476.94,1,71,6
2,2446,41485,1415,20240207,4057.64,2,231,9
3,2447,41486,3962,20240207,6604.35,3,177,10
4,2449,41487,1646,20240204,1663.76,5,49,12
1,2270,62048,4589,20240830,444.32,4,26,9
1,2273,62049,3923,20240828,360.5,1,86,12
1,2256,14522,25,20240814,354.7,3,38,7
2,2258,14524,4672,20240822,3730.85,5,196,1
3,2259,14525,454,20240822,6058.06,4,134,2
1,2260,14526,1391,20240818,332.1,1,66,3
2,2261,14527,1305,20240818,2779.12,2,6,4
3,251,41542,4377,20230710,5828.07,2,119,2
1,204,14582,344,20230528,411.23,5,28,7
2,205,14583,2478,20230528,4332.82,4,214,8
3,210,14588,4830,20230528,5121.06,5,174,9
1,211,14589,5089,20230528,1783.76,4,120,10
1,30,62100,4746,20231230,2180.08,4,196,1
1,33,62101,3717,20231228,1505.34,1,4,4
1,34,62102,439,20231224,1963.1,2,182,9
1,10,62103,123,20231129,395.11,3,35,1
1,106,14640,571,20231031,2225.88,4,134,1
1,107,41614,4063,20231109,420.1,2,49,2
2,107,14641,4040,20231031,987.68,1,80,2
3,108,14642,788,20231027,4599.93,2,6,3
2,109,41615,3272,20231106,4656.96,3,161,4
1,109,14643,273,20231027,1977.62,3,192,4
1,110,62115,636,20231107,1749.73,4,145,9
3,110,41616,368,20231118,5007.89,5,135,9
4,111,41617,4341,20231118,1888.48,4,71,10
1,113,62116,148,20231105,2103,1,205,12
1,113,41618,3411,20231115,2109.9,1,195,12
1,113,73714,128,20231103,427.52,3,93,12
2,961,73715,3532,20230314,979.32,5,25,12
1,964,14656,4831,20230308,2361.25,1,242,7
2,965,14657,4096,20230308,4598.04,2,188,8
1,965,73716,1197,20230325,386.86,4,57,8
2,945,73717,79,20230224,3635.51,1,149,8
2,439,14713,4834,20250409,4026.12,1,138,2
3,418,14718,689,20250302,1522.56,4,98,1
1,419,14719,4100,20250302,496.93,1,34,2
1,421,41678,3327,20250309,1726.2,2,109,4
2,423,41679,4208,20250322,4090.46,3,221,10
2,426,14726,2044,20250316,995.52,5,98,5
1,482,62172,1612,20250103,1932.05,5,238,9
1,487,62174,2162,20250110,2350.94,4,142,6
1,488,62175,2978,20250106,2091.42,1,114,7
1,491,62176,2136,20250104,1981.71,2,174,2
1,882,62177,4585,20231223,2020.64,3,102,5
1,884,62178,551,20231220,384.91,5,48,7
1,886,14772,2945,20240101,1925.35,1,182,1
1,887,62179,3084,20240103,2003.09,4,104,2
2,887,14773,528,20240101,4361.96,2,124,2
2,850,41731,3762,20231201,3593.54,3,171,1
3,851,41732,4256,20231201,5121.81,5,117,2
4,852,41733,3170,20231127,6898.08,4,117,3
1,2436,41744,4342,20231230,1490.44,1,4,7
3,2439,41746,4211,20240112,1405.41,3,69,2
2,2244,14844,842,20240709,4079.42,1,194,3
3,2245,14845,1852,20240709,6471.81,2,140,4
1,2246,14846,3033,20240721,388.8,3,66,9
2,2247,14847,2994,20240721,2795.12,5,2,10
1,2196,62230,3842,20240518,2253.94,4,214,7
1,2200,62232,3282,20240528,1696.75,2,210,3
1,2308,41808,4462,20240424,472.63,3,79,11
2,2309,41809,1540,20240514,876.3,5,15,12
2,2298,14900,3217,20240426,3569.68,4,144,9
1,190,14902,3596,20230414,497.2,2,16,1
3,179,14917,1038,20230406,5428.05,2,198,6
1,1375,73772,129,20230402,1804.4,3,145,6
3,1337,41862,1647,20230223,5676.59,5,175,12
2,-1,14960,1354,20230204,4405.86,1,134,3
3,-1,14961,1635,20230204,1467,2,80,4
1,1450,14962,2943,20230216,1501.37,3,6,9
2,1451,14963,2944,20230216,3524.47,5,192,10
1,1455,73778,643,20230203,382.3,3,93,6
2,1435,73779,5002,20230210,969.44,5,25,6
2,1438,14976,757,20230123,4676.66,2,242,1
3,1439,14977,3218,20230123,6827.4,3,188,2
1,1760,62290,2921,20240921,2155.63,1,186,11
1,1763,62291,3782,20240919,1844.47,2,244,6
1,1738,62292,4747,20240824,1727.86,3,176,1
1,1740,62293,3720,20240821,362.47,5,94,3
3,1728,15014,5092,20240816,4954.45,4,102,7
1,1729,15015,2737,20240816,300.51,1,46,8
2,1730,15016,3796,20240812,3790.63,2,224,1
3,1731,15017,1630,20240812,5438.05,3,166,2
1,1578,15018,694,20250330,478.24,5,98,1
2,1579,15019,2655,20250330,1023.68,4,34,2
1,1583,62304,1481,20250420,2192.49,1,240,10
1,1584,62305,3336,20250416,2204.9,2,204,11
1,1587,62306,4527,20250414,423.94,3,12,6
1,1562,62307,1548,20250319,1874.7,5,200,9
1,1567,62309,488,20250330,2165.87,1,194,6
1,1549,41934,2706,20250221,1999.27,3,183,12
2,1855,41935,671,20260616,663.73,5,55,6
3,1830,41936,4416,20260521,1283.43,4,29,1
4,1831,41937,1169,20260521,8944.52,1,215,2
2,1834,41939,2759,20260530,962.02,3,15,9
3,1679,15073,5010,20230526,5654.04,1,128,6
1,1658,15078,695,20230504,474.97,4,88,5
2,1659,15079,14,20230504,880.45,1,24,6
3,1640,15086,1925,20230410,1396.71,5,88,11
3,1718,41992,54,20230219,5895.26,3,215,5
1,1725,41998,3013,20230220,1753.62,3,243,4
2,1727,41999,1869,20230309,4500.2,5,115,10
3,2124,15130,3944,20251009,1320.45,4,42,11
1,2125,15131,4908,20251009,2050.34,1,238,12
2,-1,15132,213,20251005,3707.34,2,164,5
3,-1,15133,3145,20251005,5775.63,3,110,6
1,2106,62362,2343,20250919,404.96,1,48,5
1,2086,15144,354,20250824,1829.43,5,194,9
3,2088,15146,2407,20250820,1044.9,1,66,11
1,2091,42020,4155,20250906,459.49,5,95,6
1,2092,62368,2463,20250911,1857.03,1,104,7
2,2092,42021,2843,20250902,715.76,4,95,7
3,2093,42022,1319,20250902,1156.91,1,31,8
1,2095,62369,4427,20250909,1466.84,2,162,2
1,1929,62376,1607,20260418,422.24,4,68,12
1,1057,15208,4144,20250514,1781.16,1,162,8
2,1058,15209,1722,20250510,3383.58,2,108,1
1,1168,15217,698,20250502,1739.76,1,198,11
1,1149,42080,1418,20250327,2207.83,4,223,12
2,1150,42081,5113,20250408,4148.25,1,169,5
3,1152,42082,1175,20250405,1291.44,2,31,7
1,1152,73830,1200,20250403,1869.58,5,181,7
4,1153,42083,4512,20250405,7544.84,3,219,8
2,1548,73831,2780,20240318,4085.38,4,113,7
1,1552,73832,645,20240329,1895.54,1,145,3
2,1532,73833,1138,20240229,4462.77,2,233,3
3,1533,42096,310,20240302,1196.85,1,57,4
1,1517,62420,2637,20240229,384.72,2,30,4
1,1520,62421,1821,20240310,484.38,3,88,11
1,1521,62422,2274,20240310,477.51,5,16,12
1,-1,62423,4393,20240307,1992.51,4,112,6
3,-1,15260,844,20240302,6953.01,4,134,6
2,1499,15262,1303,20240205,3194.4,2,6,10
1,1360,15277,2522,20241006,2391.91,2,188,11
1,1340,62434,1487,20240919,1635.84,1,8,11
1,1344,62436,1758,20240929,406.39,3,40,7
1,1345,62437,3780,20240929,1853.17,5,218,8
1,1328,73844,130,20240903,1686.5,3,135,7
1,1312,73846,2285,20240905,1764.6,4,247,3
1,1402,42158,2064,20240715,421.65,4,21,5
2,1404,42159,4258,20240712,4293.23,1,143,7
1,1804,15333,1448,20230720,1916.27,1,138,3
1,1805,15334,3301,20230716,1962.35,1,102,4
2,1806,15335,407,20230728,777.84,2,48,9
3,1807,15336,1631,20230728,6768.96,3,224,10
1,1808,15337,3257,20230724,2233.04,5,170,11
2,1809,15338,4777,20230724,966.24,4,98,12
3,1810,15339,3544,20230720,1550.43,1,34,5
1,1600,42210,2118,20240119,1905.2,1,165,3
2,1601,42211,866,20240119,822.16,2,93,4
3,1602,42212,1016,20240115,1183.43,3,39,9
4,1603,42213,1779,20240115,1595.26,5,39,10
1,1580,15393,277,20231211,2270,2,124,7
2,1585,15398,160,20240104,959.36,1,88,4
3,1586,15399,909,20231231,1335.01,2,24,9
1,1564,62494,2638,20231210,1872.75,2,224,3
1,1565,62495,2075,20231210,1322.22,3,198,4
2,1566,42225,2327,20231215,4317.45,1,124,9
1,1568,62496,944,20231220,1597.2,5,6,11
3,1568,42226,3818,20231212,6075.81,2,247,11
1,1568,15407,965,20231211,407.24,3,28,11
1,1569,62497,999,20231220,2093.5,4,184,12
4,1569,42227,3819,20231212,8464,3,175,12
1,1571,62498,1333,20231217,2225.49,1,124,6
1,1676,62499,3680,20231119,2415.13,2,188,7
3,828,15450,3942,20250201,1052.04,2,54,7
1,829,15451,1157,20250201,2285.23,3,250,8
2,830,15452,4670,20250128,4087.86,5,176,1
3,831,15453,3649,20250128,6158.67,4,112,2
3,792,15466,3032,20241213,1084.32,3,72,7
1,793,15467,3486,20241213,441.82,5,14,8
1,779,42284,3615,20241214,405.46,1,65,10
2,780,42285,3119,20241210,2741.23,2,225,11
3,781,42286,1866,20241210,4537.13,3,165,12
4,783,42287,114,20241207,1559.9,5,35,6
1,585,62551,3465,20250609,1815.29,2,104,12
1,586,62552,718,20250621,473.87,3,32,5
1,588,62553,1132,20250618,2013.06,5,138,7
1,591,15523,3739,20250613,1853.17,3,218,2
1,680,15536,2015,20250428,392.8,1,18,11
3,1537,42342,1235,20240512,6044.22,2,103,4
4,1539,42343,1649,20240509,6700.8,3,225,10
3,1503,42356,4378,20240408,5363.27,1,245,10
4,1504,42357,2802,20240404,7225.55,2,245,11
3,1490,15582,3895,20240326,1271.82,3,12,1
1,1491,15583,1793,20240326,1836.9,5,208,2
2,1347,73903,493,20241125,1046.76,4,35,6
1,1324,15596,2101,20241022,1652.88,2,8,11
2,1325,15597,576,20241022,4289.7,3,194,12
1,1293,73908,2713,20240919,1926.89,5,139,8
2,1299,73909,4368,20240928,3926.84,4,221,10
1,1393,42414,110,20240911,315.67,2,36,4
2,1395,42415,2618,20240908,3067.39,3,155,10
3,1786,42416,3233,20230827,4824.78,5,129,1
4,1787,42417,1267,20230827,1425.6,4,66,2
1,1770,15654,1298,20230728,2156.1,3,114,9
2,1771,15655,346,20230817,862.28,5,60,10
3,1772,15656,87,20230813,5437.83,4,236,11
1,1773,15657,2942,20230813,1889.68,1,172,12
1,1779,62624,1996,20230806,1994.46,3,242,2
1,781,62625,3130,20250829,1507.59,5,216,4
1,787,62628,1551,20250905,1714.37,2,148,6
1,1267,15710,655,20240716,359.76,2,64,10
3,1243,15712,4546,20240620,6793.5,5,186,2
3,1245,42472,4977,20240610,1181.31,2,65,4
1,1226,42478,1366,20240605,349.42,2,93,1
2,1228,42479,2329,20240602,3794.65,3,215,3
2,1232,15727,347,20240608,726.64,5,28,11
1,1043,15770,2884,20241207,354.26,3,54,2
2,1018,15771,4104,20241201,3873.48,5,245,5
3,1019,15772,4677,20241201,6195,4,176,6
1,1020,15773,1853,20241127,2294.65,1,115,7
1,1025,62682,677,20241203,302.03,3,55,4
1,1135,15786,656,20241123,365.05,5,72,6
1,556,42530,4516,20250224,1635.04,2,237,3
2,556,15787,2012,20250221,663.57,4,18,3
2,557,42531,1981,20250224,3496.14,3,165,4
3,558,42532,2846,20250308,5837.79,5,101,9
1,559,62688,5129,20250223,2016.42,3,120,10
4,559,42533,5060,20250308,7185,4,101,10
1,562,62689,3875,20250309,2117.02,5,178,5
1,547,42544,2801,20250215,1601.54,1,245,2
3,652,42546,4298,20250117,1430.88,3,53,3
3,1025,15842,22,20231231,1492.92,5,24,12
1,1026,15843,3101,20231227,2188.29,4,214,5
2,1005,15848,2733,20231123,3924.18,5,174,4
3,1006,15849,23,20231205,6209.58,4,114,9
4,829,42603,4466,20240623,8251.48,5,185,12
1,835,42608,4853,20240624,348.85,3,63,2
2,-1,42609,5025,20240618,2300.61,5,9,9
1,-1,73962,721,20240615,374.32,4,21,11
1,819,62740,639,20240608,373.41,3,36,2
1,796,62741,4482,20240531,430.7,5,94,7
1,797,62742,1879,20240531,464.17,4,22,8
1,802,15903,4669,20240523,2022.75,2,196,9
2,838,15914,278,20231112,4410.48,3,125,5
1,840,15916,3552,20231128,1936.74,4,245,7
1,697,62756,3683,20240722,516.81,5,34,12
1,674,62758,2131,20240623,2090.38,1,158,9
3,643,42662,3419,20240525,6357.65,5,169,6
2,757,73977,1913,20240506,760.68,4,55,12
2,742,15974,2309,20240424,4269.08,5,114,1
3,743,15975,2996,20240424,1401.18,4,60,2
1,744,15976,2997,20240420,1794.3,1,236,3
2,745,15977,26,20240420,3743.02,2,172,4
1,1048,16002,3800,20251112,1759.8,1,225,11
2,1049,16003,2430,20251112,4363.8,2,168,12
3,1054,16008,3153,20251202,5598.06,1,128,1
1,1055,16009,3487,20251202,296.31,2,65,2
2,1036,16016,1517,20251124,3743.04,4,218,3
1,878,62812,2132,20260630,1979.69,5,148,9
1,855,42734,3966,20260524,1830.9,3,177,6
2,857,42735,4975,20260610,765.34,5,49,8
3,858,42736,1693,20260622,1292.67,4,13,1
4,859,42737,476,20260622,7494.04,1,209,2
1,838,62818,4132,20260511,2120.1,5,204,1
1,841,62819,4652,20260509,445.35,4,12,4
1,952,16062,4407,20260425,2006.45,2,212,7
2,953,16063,751,20260425,4349.66,3,158,8
1,957,62826,3464,20260512,2138.26,3,168,4
2,940,16076,2688,20260417,3391.2,1,208,11
3,941,16077,3317,20260417,5302.02,2,144,12
1,1309,74006,4949,20250318,2070.08,2,203,4
2,1289,74007,880,20250217,2959.98,3,135,4
4,1291,42793,112,20250307,6998.88,5,145,10
1,1143,42798,4417,20251012,1825.16,3,237,6
2,1145,42799,2807,20251029,3560.31,5,109,8
2,1128,16132,1851,20251011,4265.2,4,158,3
3,1130,16134,4905,20251019,1292.82,1,68,9
1,1131,16135,5090,20251019,1550.06,2,4,10
2,1132,16136,1299,20251015,3553.98,3,190,11
3,1133,16137,2434,20251015,5323.2,5,126,12
1,1134,16138,2879,20251011,347.1,4,54,5
1,-1,62871,3882,20250923,2299.02,5,188,8
1,1102,62872,72,20250919,2000.58,4,116,1
1,768,62884,1880,20230918,1674.53,2,108,7
1,772,42850,2898,20230918,2090.96,5,121,3
1,773,62887,2581,20230928,422.23,4,68,4
2,773,42851,4380,20230918,848.92,4,59,4
3,774,42852,3668,20230914,5475.02,1,245,9
4,775,42853,4613,20230914,7374.51,2,245,10
1,757,16198,3990,20230911,403.38,1,44,12
2,758,16199,959,20230907,2966.09,2,236,5
2,738,42865,667,20230903,708.23,5,75,9
3,740,42866,2254,20230831,5985.2,4,197,11
3,740,16207,3355,20230818,4967.42,3,228,11
4,741,42867,2966,20230831,8177.73,1,125,12
2,1223,16250,3391,20260220,2623.17,2,4,10
3,1198,16251,4832,20260125,5403.55,3,200,1
1,1199,16252,3743,20260125,1671.04,5,126,2
2,1200,16253,3261,20260121,977.9,4,62,3
2,1187,16266,4833,20260117,892.64,3,22,10
3,1188,16267,4906,20260113,5284.29,5,218,11
3,1172,42922,5026,20260102,5039.55,5,144,7
1,1025,42928,2255,20260809,1407.45,5,207,4
2,1026,42929,3172,20230106,4806.56,4,143,9
1,992,62944,3075,20260707,439.64,5,68,11
1,993,62945,1059,20260707,478.52,4,32,12
1,996,62946,1679,20260717,1763.27,1,100,7
1,997,62947,996,20260717,383.28,2,28,8
1,-1,62948,2271,20260714,2144.52,3,214,2
3,1088,16323,2550,20260606,5825.68,3,168,11
1,1093,16328,3148,20260630,1884.68,2,128,8
2,1094,16329,660,20260626,727.02,3,64,1
3,1075,16336,3734,20260602,5009.04,1,218,2
3,1454,42982,4156,20250517,1430.88,4,53,9
4,1456,42983,4972,20250514,8057.08,1,175,11
3,1446,42996,3963,20250505,6590.7,5,195,1
4,1447,42997,4707,20250505,8874.6,4,195,2
1,1278,16381,1355,20251204,389.98,2,35,9
2,1279,16382,3263,20251204,3234.9,3,212,10
3,1280,16383,2239,20251130,4771.5,5,155,11
3,1267,16396,2043,20251126,5139.78,2,208,2
1,1268,16397,455,20251122,1859.08,3,145,3
1,1268,74064,1064,20251129,439.78,1,13,3
1,1270,43020,3276,20251115,1901.21,3,237,9
2,1271,43021,106,20251205,3754.62,5,145,10
3,1246,43022,3421,20251109,1351.2,4,87,5
4,1248,43023,984,20251106,7200.12,1,209,7
2,1248,74065,4274,20251031,3452.4,2,109,7
1,1252,74066,1338,20251111,2121.63,3,131,3
2,160,74067,1768,20230314,697.7,5,63,11
1,164,43034,4348,20230402,2088.14,2,195,7
1,164,74068,4310,20230325,455.07,4,95,7
3,166,43036,4215,20230329,1337.84,5,69,1
3,2469,16454,1629,20230914,1423.44,3,80,8
1,2470,16455,4041,20231016,507.05,5,16,1
2,2471,16456,1302,20231016,3798.6,4,192,2
3,2472,16457,759,20231012,5923.02,1,138,3
1,386,43094,3238,20250404,1886.65,3,119,9
2,388,43095,168,20250421,4226.7,5,231,11
1,389,63040,2272,20250419,2210.17,2,214,12
3,389,43096,144,20250421,6703.29,4,205,12
4,390,43097,3116,20250503,8576,1,141,5
1,393,63042,4424,20250429,1887.41,5,210,8
1,395,63043,3463,20250426,474.56,4,44,2
2,355,16512,760,20250318,4611.46,5,142,6
3,356,16513,2045,20250314,1382.58,4,88,7
3,343,16526,907,20250310,1154.73,3,48,10
1,344,16527,2187,20250306,1622.7,5,234,11
3,149,43152,1268,20250908,1000.84,5,56,12
3,155,16570,5095,20250904,1205.25,3,20,2
1,258,16571,505,20250829,1967.17,5,206,1
2,259,16572,1089,20250829,3485.6,4,132,2
3,260,16573,4406,20250825,1089.37,1,76,3
3,247,16586,2995,20250821,970.1,5,36,6
3,250,16589,690,20250813,1288.32,2,98,1
1,457,63112,436,20250216,1889.79,2,248,12
1,434,16641,786,20250129,422.22,3,58,9
2,435,16642,1523,20250129,3515.86,5,234,10
1,436,63114,2160,20250112,2069.26,3,158,11
1,437,63115,1483,20250201,2082.2,5,122,12
1,440,63116,1188,20250211,1885.78,4,190,7
1,441,63117,4019,20250211,1760.33,1,118,8
1,441,16648,2097,20250129,2114.97,5,140,8
2,442,16649,4627,20250125,810.7,4,76,1
1,443,63118,5131,20250208,372.15,2,54,2
1,421,43224,369,20250101,446.22,5,77,12
2,422,43225,1695,20250113,826.26,4,13,5
3,555,43226,1364,20230111,5007.87,1,135,2
4,82,43227,1113,20230719,1438.56,2,63,9
2,471,74121,1681,20260215,4030.74,1,205,10
1,449,74122,4316,20260119,1882.2,2,237,4
2,438,16702,3099,20260108,3116.81,1,216,5
3,439,16703,4278,20260108,7132.5,2,152,6
3,272,16716,664,20260826,6037.18,4,206,3
1,273,16717,214,20260826,1734.78,1,148,4
1,238,43288,3422,20260713,1901.35,5,137,9
2,239,43289,3506,20260713,738.2,4,73,10
1,-1,63171,824,20260617,429.82,2,38,12
1,324,63178,5132,20260601,449.43,3,26,3
1,327,63179,2819,20260619,376.32,5,84,10
1,1158,63187,4020,20250924,2094.62,3,168,5
1,1143,43340,4379,20250908,428.79,5,59,6
2,1144,43341,3614,20250904,2950.55,4,207,7
3,1145,43342,3868,20250904,6509.84,1,143,8
4,1147,43343,2763,20250901,1562.09,2,15,2
3,983,43356,57,20260504,7098.09,4,125,6
4,984,43357,3011,20260430,2052.48,1,35,7
2,970,16832,1723,20260328,4566.26,1,142,9
3,971,16833,1926,20260328,1368.48,2,88,10
2,931,16845,1510,20260306,3269.17,5,118,2
3,932,16846,4901,20260302,1338.25,4,44,3
1,1426,63230,1191,20250114,1997.2,5,192,9
1,1429,63231,598,20250112,384.36,4,10,12
1,-1,63232,5036,20250124,2322.24,1,188,5
1,-1,63233,3244,20250121,506.87,2,34,7
3,1416,16890,4678,20250112,1192.83,4,20,3
1,1417,16891,1659,20250112,2283.73,1,206,4
2,1418,16892,1087,20250108,4475.32,2,132,9
3,1419,16893,3155,20250108,1358.1,3,78,10
1,1397,43418,2902,20241216,449.23,4,79,8
2,1398,43419,4472,20241228,2951.08,1,4,1
1,1403,63244,4870,20241218,1948.25,3,164,10
1,1378,63245,2395,20241212,1307.9,5,135,1
1,1378,16904,3488,20241201,1476.89,4,155,1
2,305,16905,1261,20251219,3706.46,1,100,8
3,306,16906,4547,20251231,1409.59,2,26,1
1,307,63246,1129,20260113,1837.94,4,200,2
1,307,16907,2832,20251231,2088.35,3,212,2
1,308,63247,4619,20260109,1922,1,128,3
2,647,16961,19,20241104,836.08,5,58,6
3,-1,16962,1518,20250622,5223.09,4,234,5
3,-1,43472,1747,20250604,6253.14,1,113,7
2,500,16968,2739,20250622,4187.64,4,140,3
3,501,16969,3354,20250622,1317.39,1,76,4
1,483,74180,132,20250613,466.94,1,35,10
3,487,43486,427,20250615,5503.79,4,105,6
2,463,74181,4735,20250515,3696.42,2,127,2
1,467,74182,4369,20250526,1922.05,3,159,10
2,447,74183,2987,20250427,755.54,5,81,10
1,454,17000,4440,20250425,430.7,3,94,1
3,558,17002,3797,20250419,4827.67,4,216,1
1,544,63300,2464,20250330,422.23,2,68,11
2,547,17017,2099,20250411,4204.3,4,148,6
1,548,63302,4362,20250409,372.15,5,54,7
1,408,63308,2775,20251119,2071.87,5,115,3
1,411,63309,3630,20251117,2075.31,4,175,10
1,373,74194,829,20251011,2349.07,4,215,4
1,354,43544,3064,20250926,2036.25,4,211,9
2,355,43545,3505,20250926,4036.86,1,157,10
3,357,43546,4638,20250923,1221.12,2,29,12
1,357,74196,4736,20250923,2231.65,2,179,12
4,358,43547,4061,20251005,6850.72,3,207,5
1,360,17060,5018,20251002,425.41,5,84,7
2,361,17061,2237,20251002,821.31,4,30,8
3,362,17062,614,20250928,6986.85,1,206,1
1,363,17063,1449,20250928,2237.91,2,142,2
1,196,17076,29,20260516,1977.62,4,192,11
2,197,17077,2740,20260516,3755.12,1,138,12
3,2453,43602,2965,20231028,6340.07,2,125,4
4,2454,43603,1782,20231109,1416.94,3,55,9
2,2459,17133,687,20231114,959.36,4,88,6
1,2437,63361,1423,20231025,448.96,5,98,12
1,2438,63362,4360,20231106,510.72,4,26,5
3,2438,17138,912,20231023,1226.91,5,48,5
1,2439,17139,1574,20231023,1656.51,4,234,6
1,2440,63363,4392,20231103,1810.04,1,128,7
1,1661,63375,3575,20231108,1912.34,3,238,4
1,1665,63377,3840,20231118,2346.57,4,224,12
1,2027,17192,1968,20260524,2151.6,4,132,6
2,2028,17193,4252,20260520,869.18,1,78,7
3,2010,43662,867,20260429,1215.42,3,37,1
4,2012,43663,3418,20260426,8736.6,5,159,3
2,2013,17204,4186,20260422,3750.74,5,154,4
1,2015,17206,4443,20260504,495.39,1,26,10
1,1872,43674,479,20230520,1786.18,4,145,3
3,1874,43676,4295,20230516,1156.38,2,19,9
2,1917,17264,2665,20230218,3044.71,4,144,12
3,1918,17265,1155,20230302,1062.26,1,90,5
1,1919,17266,4045,20230302,472.59,2,16,6
2,1920,17267,3259,20230226,3997.66,3,202,7
1,275,63433,3338,20260219,1936.84,4,178,10
1,252,63434,1377,20260118,1830.92,4,236,3
1,253,63435,2859,20260118,1944.6,1,210,4
1,240,43738,2203,20260118,2096.67,1,213,11
2,241,43739,3177,20260118,4463.02,2,141,12
2,83,17320,4324,20230106,869.94,5,94,6
1,59,17322,3803,20260726,1626.16,1,216,10
3,48,17337,4836,20260803,6367.68,1,148,7
2,28,74253,449,20260624,4359.86,3,105,7
3,125,43792,1867,20260525,4506.14,2,7,8
1,128,74258,1201,20260615,1897.33,2,215,3
2,524,74259,3209,20250530,3936.34,3,147,3
2,-1,17380,3321,20250603,687.21,4,84,6
3,506,43806,4064,20250511,6122.23,3,249,9
3,506,17381,4046,20250508,1244.93,1,30,9
1,507,17382,1390,20250508,2351.56,2,206,10
2,508,17383,1084,20250504,4521.04,3,142,11
1,493,63490,2346,20250414,422.22,3,58,12
2,495,17396,910,20250430,3994.4,1,192,6
3,496,17397,1446,20250426,5690.76,2,138,7
1,497,63492,2460,20250514,446.08,4,44,8
1,499,63493,3678,20250511,1714.84,1,144,2
1,1213,63498,1131,20250827,1450.11,4,108,12
1,1190,63499,2276,20250730,2097.82,1,166,9
3,1566,17451,2831,20240629,5823.87,4,228,5
1,1567,17452,3949,20240629,1747.92,1,154,6
1,1543,43864,174,20240619,490.37,2,33,10
2,1544,43865,3763,20240615,3394.56,3,229,11
3,1546,43866,306,20240628,1106.91,5,91,5
4,1547,43867,4641,20240628,1661.4,4,29,6
3,1547,17458,1213,20240627,1360.77,1,60,6
1,1548,43868,307,20240624,2168.37,1,215,7
1,1548,17459,350,20240623,1875.73,2,246,7
2,1549,43869,428,20240624,4686.12,2,125,8
2,1469,17510,2599,20241218,911.26,1,14,8
3,1470,17511,5050,20241214,5948.19,2,210,1
1,1471,17512,962,20241214,1667.02,3,136,2
2,1446,17513,2410,20241118,744.56,5,72,5
1,1447,63550,945,20241118,492.86,4,24,6
1,1450,63551,2035,20241128,295.23,1,82,1
1,1451,63552,4113,20241128,335.48,2,20,2
1,1453,63553,2164,20241125,2294.65,3,115,4
2,1848,43921,1908,20231116,789.64,2,75,3
2,1849,17526,846,20231112,1036.5,2,35,4
3,-1,43922,3616,20231129,6681.15,3,197,9
3,-1,17527,4499,20231124,5538.39,3,228,9
4,-1,43923,2328,20231129,9096.6,5,125,10
1,1814,63564,1552,20231010,1550.64,5,8,9
1,1818,63566,1891,20231020,422.97,1,40,5
1,1819,63567,3079,20231020,1761.43,2,218,6
3,1623,17584,351,20240428,6496.92,1,160,6
1,1624,17585,4630,20240424,461.77,2,96,7
2,1625,17586,2734,20240424,928.34,3,22,8
3,1626,17587,2185,20240506,5504.46,5,218,1
1,1612,43980,2124,20240425,471.49,2,15,11
2,1613,43981,3618,20240425,3783.28,3,163,12
4,1718,43983,3423,20240327,8099.12,4,221,5
2,1707,43995,1367,20240322,3463,2,145,10
3,1708,43996,809,20240318,1046.13,3,81,11
1,58,74310,1702,20230729,2028.81,2,231,5
2,38,74311,3210,20230630,3492.24,3,163,5
1,42,74312,4366,20230711,2218.65,5,195,1
1,47,17642,4631,20230704,1903.23,3,228,10
2,22,17643,1085,20230608,3177.72,5,164,5
2,22,74313,1065,20230612,865.36,4,33,5
2,913,44025,241,20240512,3400.24,4,7,8
1,913,17655,27,20240516,433.99,1,38,8
2,914,17656,3801,20240512,4289.04,2,214,1
1,915,63621,1134,20240510,1954.99,4,138,2
3,915,44026,2803,20240509,5929.23,1,129,2
4,890,44027,810,20240413,1547.44,2,57,5
1,1744,63628,3080,20230420,1688.27,1,126,3
1,1747,63629,2393,20230504,2073.17,2,184,10
1,1710,63637,3781,20230326,377.55,1,18,9
1,-1,74324,4244,20230330,2020.77,1,185,2
2,1699,74325,4884,20230317,990.6,2,15,2
1,1703,74326,1703,20230312,389.83,3,47,10
3,1556,17714,611,20231114,1187.22,2,74,7
1,1557,17715,4182,20231114,401.75,3,20,8
2,1558,17716,4544,20231110,4270.25,5,196,1
3,1559,17717,2102,20231110,6196.62,4,132,2
3,1543,44082,2619,20231026,5127.12,5,225,10
1,1524,44088,4467,20231001,1970.33,5,121,3
2,1525,44089,1595,20231001,865.48,4,67,4
1,2001,17771,5052,20260318,1960.33,1,228,12
2,2002,17772,4183,20260330,3532.26,2,154,5
1,1982,63682,74,20260302,417.3,2,38,5
1,1982,17778,85,20260312,458.08,2,60,5
2,1983,17779,572,20260312,3790.14,3,246,6
1,1984,63683,124,20260227,2340.61,3,134,7
1,1951,44140,2847,20260128,477.96,5,43,2
2,1952,44141,1650,20260124,3695.88,4,191,3
3,1953,44142,4709,20260124,5759.97,1,137,4
1,1955,63694,3784,20260209,347.03,5,18,10
4,1955,44143,4255,20260206,4703.47,2,9,10
1,1806,63697,2854,20230206,1731.94,2,228,5
1,1815,44154,4611,20230214,1676.03,3,245,10
3,1791,44156,3667,20230208,5547.87,4,119,2
2,1776,17830,4957,20230102,902.06,3,14,3
3,1777,17831,4145,20230122,5890.98,5,210,4
1,1778,17832,2362,20230203,1649.1,4,136,9
2,1779,17833,1393,20230203,737.34,1,72,10
2,1766,17846,2999,20260825,654.43,5,36,1
2,1871,17849,1684,20260730,1015.04,2,98,2
1,2171,44218,2755,20240709,363.24,4,63,6
2,2146,44219,1420,20240613,4619.68,1,241,9
2,2150,17902,2427,20240628,3785.24,3,238,5
3,2151,17903,758,20240628,5650.82,5,174,6
1,1232,17908,847,20251004,2317.67,3,134,3
2,1233,17909,2598,20251024,939.28,5,80,4
1,1349,63754,2163,20251013,2085.02,1,240,4
1,1350,63755,4270,20251009,2098.9,2,204,9
1,-1,63756,2860,20250915,441.07,3,12,2
1,-1,63757,1756,20250911,1782.8,5,200,3
1,1333,63759,1240,20250922,2060.73,1,194,12
2,1700,17962,3431,20240824,2961.01,5,226,3
3,1702,44272,2330,20240810,5419.23,1,106,9
2,1687,17975,1301,20240804,859.64,2,38,6
3,1534,17976,3597,20250322,6367.92,3,214,5
1,1503,74384,4885,20250225,2002.67,2,107,2
2,1509,74385,1142,20250306,914.4,3,15,12
3,1486,18006,17,20250125,6550.92,1,232,9
1,1487,18007,3149,20250125,2162.06,2,178,10
1,1487,74386,1430,20250207,393.69,5,47,10
2,1493,74387,2219,20250216,3434.02,4,229,8
1,1637,63811,4801,20240303,1774.56,2,198,12
1,1638,63812,3085,20240315,1653.81,3,126,5
1,1640,63813,3374,20240312,1865.17,5,228,7
4,1478,44347,1651,20241020,7844.32,3,191,5
1,1458,63825,1819,20240924,479.68,1,88,9
1,1458,18064,3854,20240925,1943.91,4,110,9
2,1459,18065,4835,20240925,704.9,1,46,10
3,1460,18066,2305,20240921,6537.21,2,222,11
1,1461,18067,2020,20240921,2160.08,3,168,12
1,-1,63827,1028,20241004,391.82,3,74,5
3,1930,18122,2306,20230723,5396.49,1,172,1
1,1931,18123,3439,20230723,1868.1,2,118,2
3,1909,44402,4614,20230702,5603.91,2,119,12
1,-1,18136,3994,20230627,2116.44,4,168,7
2,-1,18137,1578,20230627,4256.56,1,104,8
3,1746,44416,862,20240208,4801.37,1,135,9
1,426,63870,1892,20250122,1691.79,2,108,1
1,403,63871,2165,20241229,1853.67,3,164,6
1,404,63872,4748,20241225,430.7,5,94,7
1,406,63873,1553,20250107,1893.08,4,200,1
1,502,18180,1408,20241201,358.4,4,50,1
2,503,18181,4184,20241201,2781.79,1,235,2
3,504,18182,4279,20241127,4295.74,2,162,3
1,505,18183,4826,20241127,1346.53,3,108,4
1,899,63886,1554,20231120,2272.38,3,115,2
1,900,63887,4305,20231116,341.8,5,45,3
3,907,18195,2480,20231121,4924.08,4,225,6
1,882,18196,2738,20231026,2111.49,1,158,9
2,883,18197,3945,20231026,818.76,2,94,10
1,885,44460,4216,20231104,2317.32,1,187,12
1,885,18199,1524,20231111,1908.21,5,218,12
3,853,44476,3277,20230927,4311.24,2,3,8
2,679,18251,3656,20240503,4594.38,4,178,2
3,680,18252,2021,20240429,5696.29,1,104,3
2,660,18258,2369,20240411,800.42,1,10,3
3,661,18259,4674,20240411,6203.11,2,196,4
1,1155,74442,4493,20230313,2309.95,5,143,10
2,1161,74443,1032,20230322,838.48,4,75,8
1,1162,63940,1555,20230314,2048.15,4,158,1
1,1139,44538,2256,20230223,1560.06,1,207,6
1,1140,63942,5033,20230214,1644.85,2,144,7
2,1140,44539,3010,20230219,2959.98,2,135,7
1,1142,63943,3783,20230227,1794.05,3,238,1
1,1126,63948,437,20230222,1703.5,2,192,1
1,1126,18310,2481,20230218,1947.58,1,214,1
2,1127,18311,355,20230218,4241.03,2,160,2
3,1128,18312,4628,20230214,1160.66,3,86,3
1,1129,63949,3022,20230220,360.58,3,10,4
1,1129,18313,4827,20230214,415.08,5,22,4
1,962,18326,1297,20230912,2205.48,2,232,5
2,963,18327,3223,20230912,4369.18,3,178,6
1,-1,44590,2498,20230810,1533.69,4,155,6
3,-1,44592,1416,20230803,6463.11,2,241,1
3,1015,44606,1868,20230711,6964.62,3,233,6
4,1017,44607,546,20230708,8806.08,5,105,8
2,1018,18384,4108,20230708,3588.74,1,110,1
3,1019,18385,1724,20230708,1068.48,2,46,2
1,1862,18386,275,20260614,2200.22,3,222,5
2,1863,18387,2023,20260614,4363.8,5,168,6
2,1563,18441,1850,20240201,3544.32,2,8,6
3,1564,18442,93,20240128,5670.73,3,184,7
1,1550,44664,475,20240201,367.83,2,27,9
2,1550,18454,406,20240124,811,4,58,9
2,1551,44665,3449,20240201,4278.06,3,213,10
3,1553,44666,5061,20240129,1273.02,5,85,12
4,1554,44667,4789,20240125,1830.2,4,13,5
1,1646,64030,2345,20231219,2199.22,5,114,9
1,1649,64031,327,20231217,1762.49,4,172,12
1,1650,64032,4394,20231213,1869.14,1,110,5
1,1982,64033,4767,20250810,1967.17,2,206,1
1,1954,64045,4591,20250808,343.53,5,54,5
1,1957,64046,5038,20250806,2012.64,4,112,8
2,1938,18514,4829,20250720,821.06,2,40,1
3,1939,18515,4907,20250720,5499,3,226,2
1,1940,18516,3897,20250716,2284.26,5,152,3
2,1941,18517,161,20250716,1005.28,4,98,4
3,1797,44722,807,20260310,5390.94,3,181,8
1,1840,18572,216,20251203,1871.37,2,115,3
3,1846,18578,1632,20251223,1476.84,2,16,5
1,1847,18579,3224,20251223,2035.3,3,204,6
1,2231,44780,2252,20241205,1574.7,2,5,10
2,-1,44781,3828,20241109,3996.08,3,157,5
3,-1,44782,1234,20241109,1270.23,5,93,6
4,-1,44783,1173,20241106,9215.56,4,215,8
1,2198,64102,1759,20241031,2081.74,5,148,5
3,2199,44796,1668,20241028,1208.88,3,75,6
1,2030,64108,1063,20250525,1483.65,5,208,1
1,2030,18630,2483,20250521,1757.02,3,230,1
2,2031,18631,3100,20250610,3706.83,5,166,2
3,2032,18632,1519,20250606,1009.09,4,92,3
1,2033,64109,2275,20250523,433.21,4,16,4
1,2033,18633,20,20250606,375.57,1,38,4
3,2019,18645,3991,20250602,1109.99,3,68,10
1,2020,18646,2552,20250529,1701.21,5,244,11
1,2021,64116,3466,20250526,1985.53,3,168,12
1,2021,74514,3887,20250516,389.81,3,59,12
2,1384,74515,2589,20241222,3110.19,5,234,11
1,1234,74516,2715,20250808,457.55,4,13,5
2,1240,74517,1340,20250817,4446.2,1,105,3
1,1298,44858,4643,20250518,369.66,3,29,1
2,1299,44859,3829,20250607,3120.13,5,207,2
3,1302,18701,3433,20250610,1029.68,2,18,9
1,1303,18702,1216,20250610,1766.35,3,194,10
1,1673,64160,2980,20240424,2225.49,3,124,12
1,1651,64162,3724,20240416,1900.09,4,120,2
2,1493,18760,4047,20241122,779.74,2,65,4
1,1494,44910,3706,20241119,1906.18,3,227,9
3,1494,18761,754,20241204,4907.52,3,8,9
1,1495,18762,4545,20241204,1978.67,5,185,10
1,1496,64174,1761,20241203,1760.85,2,108,11
2,1496,44911,2614,20241206,754.2,5,99,11
3,1497,44912,3507,20241206,1122.84,4,65,12
4,1498,44913,4257,20241202,5163.6,1,9,5
1,1475,64177,4946,20241105,444,4,68,10
3,1462,44926,2674,20241101,1141.02,5,55,5
2,1929,18834,573,20230816,639.03,5,36,8
3,1930,18835,2024,20230812,4653.01,4,226,1
1,1931,18836,3598,20230812,1612.24,1,156,2
2,1906,18837,2047,20230717,995.52,2,98,9
1,1897,44984,1541,20230711,409.52,3,83,4
2,1898,44985,4642,20230727,830.7,5,29,9
3,1746,44986,4973,20240314,6497.61,4,141,9
4,1747,44987,4351,20240314,1815.65,1,79,10
1,1748,44988,239,20240310,466.73,2,15,11
2,1749,44989,3118,20240310,4232,3,175,12
1,1720,64234,4989,20240211,416.37,4,80,3
1,1721,64235,4947,20240211,417.61,1,44,4
1,1698,64236,4481,20240114,1884.63,2,102,1
1,1699,64237,1762,20240114,398.09,3,40,2
2,1701,18890,527,20240123,4319.52,2,248,4
1,1704,64239,4266,20240121,482.02,4,34,11
3,2406,18898,3804,20230921,1462.08,5,16,1
1,2407,18899,4283,20230921,2058.2,4,202,2
3,2409,45022,2764,20230922,1485.9,2,15,4
1,2259,18905,3226,20240518,461.75,3,78,10
2,2260,18906,3947,20240514,2861.64,5,4,11
1,2263,45028,2705,20240531,475.94,2,33,6
2,2264,45029,170,20240527,961.5,3,33,7
2,2328,18950,2189,20240313,3419.26,5,226,3
3,2329,18951,4284,20240313,5343.48,4,162,4
1,2330,18952,2048,20240309,468.48,1,98,9
2,2331,18953,3227,20240309,1003.8,2,34,10
1,207,18965,2184,20230301,374.35,5,68,10
2,208,18966,3435,20230225,3187.53,4,244,11
1,209,74578,4276,20230208,394.14,3,59,12
1,210,18968,4904,20230309,1760.33,2,118,5
2,215,74579,187,20230309,3846.3,5,231,2
1,190,45080,3048,20230205,354.24,1,55,5
3,193,45082,2760,20230202,6503.28,3,113,8
1,162,64292,4873,20230122,2013.06,4,138,9
3,14,19004,409,20230820,5486.16,3,106,5
1,15,19005,699,20230909,375.68,5,50,6
2,16,19006,2017,20230905,2855.25,4,226,7
3,17,19007,2240,20230905,5254.75,1,166,8
1,20,64298,3530,20230907,386.6,4,14,3
1,23,64299,2857,20230905,371.57,1,76,10
1,2485,64306,4167,20230805,1846.13,4,228,4
1,69,19061,750,20230623,1686.96,2,8,8
2,70,19062,851,20230619,3943.09,3,184,1
1,465,45154,4350,20260126,2070.86,2,121,8
2,466,45155,5029,20260207,840.26,3,59,1
1,466,19068,2947,20260123,357.74,3,90,1
3,467,45156,2810,20260207,5419.16,5,245,2
2,467,19069,2886,20260212,1001.01,5,26,2
4,468,45157,4383,20260203,7300.03,4,245,3
1,-1,64350,1329,20260714,1867.65,4,190,9
1,-1,64351,941,20260712,2035.16,1,248,12
1,258,64352,4234,20260724,2128.21,2,176,5
1,260,64353,1126,20260721,437.39,3,22,7
3,260,19120,2431,20260716,1295.56,3,44,7
1,261,19121,1086,20260805,2171,5,240,8
2,262,19122,1633,20260801,4236.38,4,166,1
3,263,19123,4441,20260801,5828.76,1,102,2
2,226,45211,3236,20260701,3724.5,3,245,1
3,227,45212,1176,20260701,5227.56,5,181,2
1,231,64364,1881,20260617,1815.84,5,164,10
1,334,64365,1882,20260522,1664.64,4,138,9
1,1932,64366,4115,20260413,2292.45,1,196,7
1,1933,64367,823,20260413,2025.2,2,124,8
1,1912,64369,4395,20260402,1810.04,5,128,7
1,1977,19194,4959,20260110,419.3,3,30,4
2,1978,19195,1634,20260211,3286.21,5,216,9
3,1979,19196,1966,20260211,6510.3,4,142,10
1,1980,19197,2053,20260207,474.97,1,88,11
1,2358,45270,2571,20241223,1993.32,3,229,5
2,2360,45271,1177,20250109,760.76,5,91,7
3,2361,45272,3178,20250109,1193.01,4,65,8
4,2362,45273,2572,20250121,5215.08,1,1,1
1,2348,74630,5003,20241221,1987.85,5,147,3
1,2350,45284,808,20241231,2199.22,2,114,9
2,2351,45285,311,20241231,4441.56,3,114,10
3,-1,45286,1178,20241205,955.07,5,57,1
2,-1,74631,4739,20241122,898.46,4,79,3
1,2332,74632,1204,20241203,1769.85,1,105,11
2,2184,74633,4886,20250718,3696.74,2,199,7
1,2175,64423,3344,20250713,439.12,2,78,6
2,2154,19265,1585,20250714,879.28,3,68,9
3,2155,19266,3050,20250714,5318.53,5,244,10
1,2159,64428,714,20250708,455.29,1,32,6
1,2136,64429,1029,20250610,1619.33,2,100,11
1,136,74646,1616,20240525,2070.08,4,203,3
1,138,45348,5116,20240505,2223.24,3,177,9
2,139,45349,3970,20240525,4490.08,5,177,10
2,116,74647,878,20240426,3304.16,1,135,3
1,101,19324,3438,20240329,1940.49,5,104,4
2,102,19325,164,20240410,889.52,4,50,9
3,103,19326,3744,20240410,5128.89,1,226,10
1,104,19327,3356,20240406,1781.16,2,162,11
1,2393,64480,1428,20240925,1801.58,4,208,8
1,2393,45400,1472,20240921,1866.49,5,199,8
2,2394,45401,987,20241003,3407.42,4,135,1
3,2396,45402,2756,20240930,4852.77,1,7,3
1,2397,64482,997,20241005,2102.79,2,194,4
4,2397,45403,4352,20240930,8504.08,2,185,4
2,2,19381,756,20240917,3408,3,8,9
3,3,19382,458,20240917,5975.62,5,184,10
2,9,19388,1300,20240917,722.78,5,90,8
3,10,19389,4548,20240913,1516.84,4,26,1
3,2489,45416,3971,20240903,1317.67,4,26,8
3,1796,19440,1656,20231124,1210.32,4,56,3
1,1797,19441,3851,20231124,1862.25,1,245,4
2,1798,19442,3150,20231206,3738.56,2,178,9
3,1799,19443,1450,20231206,5279.93,3,115,10
2,2201,19455,3999,20260714,3864.1,4,238,8
3,2202,19456,2103,20260710,5447.53,1,164,1
2,2178,19458,18,20260614,834.6,3,38,5
1,2187,45474,4929,20260627,2071.03,5,193,10
2,2167,45479,806,20260630,4226.71,5,125,2
2,-1,19511,3852,20230512,4783.82,5,188,4
3,1974,19512,403,20230524,6274.26,4,114,9
1,1954,64552,942,20230426,2076.69,4,248,9
2,1954,19518,4326,20230416,844.92,4,20,9
3,1955,19519,612,20230416,6647.7,1,206,10
1,1959,64554,4657,20230503,2144.41,1,152,6
1,1960,64555,2582,20230429,1705.49,2,126,7
1,1963,64556,597,20230427,2093.5,3,184,2
1,2066,64557,4137,20230401,1952.26,5,112,1
1,2068,64558,435,20230329,430.58,4,58,3
3,2051,45532,2848,20230326,4483.68,4,3,10
2,373,19571,4105,20250917,4369.18,4,178,4
3,374,19572,2558,20250929,5946.67,1,104,9
2,360,19584,219,20250909,4026.12,3,138,7
1,363,74702,3305,20250922,374.28,5,65,2
1,181,45590,172,20260329,429.64,5,41,12
2,183,45591,3619,20260411,3601.38,4,163,6
3,184,45592,2901,20260407,5648.13,1,137,7
4,185,45593,2620,20260407,1461.32,2,73,8
1,187,74708,4174,20260408,455.07,5,95,2
2,167,74709,3730,20260326,4634.64,4,187,2
1,275,45604,1694,20260303,1881.67,4,183,10
2,276,45605,1936,20260227,3802.54,1,183,11
3,277,45606,3234,20260227,5696.73,2,129,12
4,-1,45607,1812,20260312,8617.48,3,241,6
1,-1,64610,2273,20260316,2211.19,1,224,7
1,-1,45608,58,20260308,2236.13,5,215,7
1,258,64612,3581,20260216,1698.37,3,220,5
1,264,19644,908,20260228,2230.53,1,116,3
2,265,19645,3549,20260228,942.28,2,52,4
3,1850,19646,3995,20260610,4968.13,3,238,9
1,1851,19647,1727,20260610,1746.26,5,174,10
3,1853,19649,274,20260606,1058.51,1,48,12
1,889,64624,719,20230321,1766.25,4,208,12
1,894,64627,3077,20230327,2072.8,3,168,1
3,1368,19702,3550,20250910,7036.38,2,188,3
1,1369,19703,2307,20250910,2158.73,3,124,4
1,1375,45668,2253,20250923,2169.63,4,249,6
2,1350,45669,3120,20250828,3737.78,1,249,9
3,1355,19715,404,20250906,5980.86,4,248,6
1,1356,19716,1728,20250902,1648.16,1,174,7
1,1162,64670,2342,20260329,2016.78,2,192,1
1,1165,64671,490,20260327,388.33,3,10,4
1,1166,64672,4396,20260323,2345.46,5,188,9
1,1142,64673,3883,20260226,462.15,4,34,5
1,1142,19760,2670,20260225,333.61,1,56,5
2,1143,19761,1447,20260225,4172.31,2,242,6
3,1144,19762,5017,20260221,6351.07,3,178,7
1,1145,19763,1154,20260221,1940.49,5,114,8
1,1130,45720,3707,20260217,379.25,4,11,9
2,1131,45721,3617,20260217,2984.48,1,207,10
3,1131,19775,2022,20260217,5263.87,1,238,10
1,1132,19776,4828,20260213,1740.18,2,164,11
3,1133,45722,3424,20260214,1221.35,2,79,12
4,1134,45723,1476,20260210,5942.16,3,7,5
3,1134,19778,526,20260209,1139.22,5,38,5
1,1242,64685,4136,20260204,1627.35,2,144,1
1,1245,64686,4168,20260202,2018.62,3,202,4
3,1226,45736,3822,20260110,1043.45,1,99,9
4,1227,45737,111,20260110,1970.4,2,35,10
3,1576,19832,270,20241110,6209.58,2,114,3
1,1577,19833,1660,20241110,357.97,3,55,4
2,1582,19838,752,20241130,962.02,2,15,5
3,1583,19839,1661,20241130,6579.87,3,206,6
1,1405,45794,4122,20250621,1290.9,4,9,12
2,1406,45795,3973,20250617,4679.64,1,187,5
3,1407,45796,3121,20250617,6461.55,2,123,6
4,1382,45797,2260,20250522,7667.71,3,123,9
2,-1,74761,2039,20250519,4381.24,5,205,4
1,1501,74762,4313,20250530,1844.17,4,237,12
2,1479,19891,2534,20250427,4324.12,2,178,10
3,1480,19892,2554,20250423,5884.06,3,104,11
1,13,64742,3573,20230531,1774.33,2,238,12
1,2367,19906,285,20240201,2097.46,3,248,2
2,2368,19907,1227,20240128,3943.08,5,184,3
1,2370,19909,33,20240124,401.32,1,58,9
1,2371,64748,3025,20240203,400.36,2,36,10
1,2348,64749,4590,20240106,422.18,3,94,3
1,2337,64757,5040,20231220,2162.06,2,178,12
1,2320,45850,3420,20231210,2262.16,4,195,7
3,2322,45852,4065,20231206,970.79,2,65,1
4,2323,45853,2615,20231206,5414.78,3,225,2
2,-1,19964,276,20260617,3863.19,2,116,8
3,314,19965,3652,20260629,1399.56,3,52,1
1,315,19966,3996,20260629,2050.34,5,238,2
2,316,19967,1088,20260625,3924.18,4,174,3
1,318,19969,529,20260621,396.94,2,48,9
1,127,20010,530,20230515,422.22,4,58,6
1,361,64800,4026,20260716,417.88,3,68,8
1,364,64801,1609,20260815,1722.72,5,126,3
1,365,64802,3980,20260815,368.58,4,54,4
2,365,20018,3896,20260813,810.7,2,76,4
3,366,20019,5051,20260809,1297.5,3,12,9
1,367,64803,2396,20260812,2165.64,1,160,10
1,478,45924,544,20260721,1985.68,1,105,1
2,479,45925,313,20260721,4014.53,2,105,2
3,454,45926,1697,20260625,1327.59,3,41,5
4,456,45927,3181,20260622,7421.04,5,163,7
1,1312,64816,674,20250706,407.49,5,74,11
1,1315,64818,1949,20250703,1809.35,1,198,6
1,-1,20070,531,20250601,368.88,1,48,2
2,1258,20071,1520,20250506,3211.61,2,234,5
3,1259,20072,3260,20250506,7187.58,3,170,6
2,1120,20087,3397,20260105,3040.5,3,4,7
3,1082,45982,985,20251121,5303.84,1,145,5
4,1084,45983,4857,20251118,1924.04,2,15,7
1,1090,45988,4518,20251209,1792.94,1,161,9
2,1091,45989,3909,20251209,3632.43,2,161,10
3,1170,46012,3562,20251024,5902.8,5,203,5
2,478,20143,4778,20250412,3461.86,2,208,1
2,479,20144,21,20250428,3634,2,172,2
3,480,20145,1521,20250424,5173.2,3,118,3
1,481,20146,1522,20250424,469.81,5,44,4
2,482,20147,753,20250420,4470.96,4,240,9
3,483,20148,3992,20250420,6414.78,1,168,10
1,330,20149,1158,20251206,1791.43,2,105,9
1,318,64874,4871,20251121,395.29,3,15,1
1,319,64875,4723,20251211,1338.07,5,235,2
1,322,64876,2134,20251205,371,4,46,9
1,323,64877,3528,20251205,2324.01,1,224,10
1,-1,64879,3201,20251120,1759.8,3,225,1
2,380,20201,4001,20250919,879.28,3,68,3
3,381,20202,2193,20250919,5587.14,5,244,4
1,780,46070,986,20240901,1663.02,3,246,11
2,782,46071,4858,20241004,4168.76,5,113,5
3,783,46072,4470,20241004,1392.15,4,87,6
2,783,20214,2562,20240928,3700.28,1,118,6
4,784,46073,1264,20240930,1812.64,1,23,7
3,748,46086,4712,20240814,1389.81,5,79,7
1,-1,74834,1002,20240802,1702.05,4,243,5
2,590,74835,3535,20250402,4191.32,1,175,1
1,594,74836,4089,20250328,1695.72,2,207,9
1,571,20260,3159,20250227,1992.51,3,112,2
2,572,20261,532,20250315,869.52,5,58,3
3,573,20262,4912,20250315,4969.53,4,234,4
1,574,20263,2310,20250327,1794.92,1,180,9
2,574,74837,3536,20250315,831.88,3,49,9
2,2389,20274,755,20250105,3349.06,2,108,8
3,2390,20275,2555,20250101,1380.97,3,44,1
1,2391,20276,3599,20250101,1961.33,5,230,2
1,734,64931,3876,20240427,1732.34,3,144,5
1,735,64932,4765,20240427,368.67,5,72,6
1,737,64933,5037,20240424,2342.24,4,178,8
1,686,64946,2817,20240305,417.23,3,84,9
1,688,46148,1112,20240222,1848.37,3,199,11
2,689,46149,1473,20240313,3732.98,5,199,12
2,529,20330,2948,20241016,852.8,1,58,12
3,511,20338,4280,20240920,1228.71,3,76,10
1,512,20339,4143,20241006,436.78,5,12,11
3,494,20347,4913,20240908,1144.08,3,18,5
1,597,46200,4007,20240817,1739.71,5,211,4
2,598,46201,3620,20240813,3303.12,4,156,9
3,990,46202,3367,20230802,1221.12,1,29,1
4,991,46203,4979,20230802,6850.72,2,207,2
2,-1,20390,1156,20230730,769.82,2,48,12
3,2022,20391,2438,20250528,4868.11,3,234,5
1,2023,20392,4408,20250528,2419.12,5,170,6
2,1998,46215,508,20250508,805.92,5,75,9
1,1999,64990,2347,20250420,418.04,3,58,10
3,1999,46216,3511,20250508,1260.3,4,49,10
4,2000,46217,3967,20250504,6831.24,1,235,11
1,152,64991,946,20260604,2115.56,5,116,11
1,153,64992,2583,20260604,408.12,4,44,12
1,155,64993,3679,20260601,1697.34,1,144,6
2,133,20404,4776,20260419,3340.34,3,198,4
3,134,20405,96,20260521,6953.01,5,134,9
1,135,20406,2885,20260521,461.88,4,70,10
1,35,20462,97,20230223,363.31,3,28,10
2,37,20464,3322,20230215,4133.59,5,188,12
3,38,20465,1307,20230227,6609.71,4,124,5
1,39,20466,358,20230227,440.12,1,60,6
1,40,46274,1180,20230226,2303.89,5,215,7
2,40,20467,1219,20230223,3983.5,2,246,7
2,41,46275,2808,20230226,4479.9,4,143,8
3,41,20468,1090,20230223,5709.69,3,174,8
3,42,46276,622,20230222,1471.38,1,89,1
4,43,46277,2673,20230222,1981.24,2,89,2
1,18,46278,3125,20230127,484.72,3,25,5
1,388,65044,3924,20250821,384.05,2,96,11
1,389,65045,4364,20250821,401.24,3,70,12
1,-1,65046,3247,20250831,1511.48,5,128,7
1,-1,65047,1910,20250831,325.85,4,56,8
2,379,20520,2742,20250731,4026.12,3,138,10
3,226,20521,2411,20260407,1175.46,5,74,9
1,227,20522,98,20260407,388.33,4,10,10
3,218,46332,3515,20260329,1468.98,4,25,9
3,184,46346,4469,20260223,4912.16,5,235,11
1,296,74898,4622,20260201,1252.56,4,9,3
2,-1,74899,948,20260103,3702.86,1,181,3
2,283,20580,3553,20260111,3657.4,5,128,6
3,674,20581,618,20241229,1101.76,4,64,9
1,675,20582,410,20241229,2152.11,1,250,10
2,676,20583,4445,20241225,4441.9,2,186,11
3,661,20594,911,20241209,6209.58,3,114,8
1,662,20595,3395,20250110,361.42,5,54,1
2,663,20596,3002,20250110,3808.32,4,236,2
3,664,20597,222,20250106,5886.27,1,174,3
1,648,74906,4605,20241222,1766.13,4,154,3
1,626,46390,3830,20241112,370.38,5,65,1
2,628,46391,4349,20241109,4167.84,4,185,3
2,628,74907,4318,20241123,823.22,1,85,3
1,629,65100,4942,20241119,2181.9,1,168,4
3,629,46392,5115,20241109,6617.97,1,159,4
4,630,46393,2850,20241121,1714.28,2,95,9
1,632,65101,4078,20241129,1759.8,2,225,11
1,633,65102,3196,20241129,1760.91,3,155,12
1,490,46404,1781,20250722,2212.53,4,205,9
2,491,46405,146,20250722,4468.86,1,205,10
3,466,46406,2258,20250626,6432,2,141,1
4,468,46407,1937,20250623,1723.56,3,13,3
1,1816,65116,2777,20240108,1942.47,2,174,3
2,1796,20653,24,20231222,4272.94,1,124,3
1,1802,20659,1304,20231222,459.36,1,24,5
2,151,20666,1688,20260815,968.76,5,88,6
4,2456,46463,240,20230629,8554.84,1,115,7
1,2462,46468,4713,20230630,416.35,4,11,9
2,2463,46469,4714,20230630,840.94,1,11,10
2,2463,20710,4681,20230701,915.88,4,42,10
3,2438,20711,3051,20230605,5145.58,1,238,1
1,2439,20712,2735,20230605,1702.35,2,164,2
2,2440,20713,3548,20230601,3214.93,3,110,3
3,2425,20724,1927,20230516,5062.71,5,198,4
1,2426,20725,852,20230528,2065.24,4,134,9
2,2427,20726,4682,20230528,783.81,1,70,10
1,2409,65160,1763,20230512,2030.37,2,140,12
1,2412,65161,2717,20230522,1739.76,3,198,7
1,2413,65162,3467,20230522,1774.4,5,126,8
1,2415,65163,4173,20230519,1827.1,4,228,2
1,404,65174,2979,20251115,2112.98,1,114,7
1,405,65175,184,20251115,470.27,2,88,8
1,2110,65176,487,20260126,1971.22,3,146,1
1,2111,65177,2038,20260126,383.98,5,74,2
1,1962,65179,4265,20230209,402.9,1,78,9
1,1963,46520,2062,20230211,442.3,4,33,10
2,1964,46521,4009,20230207,3670.86,1,229,11
3,1966,46522,1320,20230204,1106.91,2,91,5
4,1967,46523,4297,20230204,1661.4,3,29,6
2,1945,20782,1222,20230118,814.48,5,28,12
3,1947,20784,2659,20230126,6966.72,4,188,6
1,1948,20785,280,20230122,2025.2,1,124,7
2,1949,20786,1223,20230122,889.22,2,60,8
3,1950,20787,971,20230118,6033.27,3,246,1
1,1951,20788,2736,20230118,1922.85,5,174,2
1,1928,46534,2622,20260806,415.47,5,25,11
3,1931,46536,4515,20230104,5822.7,1,111,6
1,2014,74950,2868,20260703,409.3,4,19,9
2,2410,74951,3213,20250703,3695.88,1,191,9
1,-1,74952,4806,20250628,2273.41,2,223,5
2,2391,20840,3003,20250607,4176.39,4,134,10
1,2393,20842,281,20250603,1437.48,2,6,12
2,2394,74953,4489,20250615,919.18,3,61,5
3,2382,20857,3154,20250522,5852.04,2,188,1
1,2366,46594,2063,20250513,434.55,4,21,9
2,2367,46595,1370,20250513,3820.48,1,209,10
3,2214,46596,374,20251229,5467.89,2,145,9
4,2215,46597,3012,20251229,7363.44,3,145,10
1,2216,46598,3331,20251225,396.78,5,84,11
1,2223,65232,2140,20260111,2040.57,3,174,2
1,2199,65233,596,20251217,387.27,5,28,6
1,335,65238,554,20260520,1877.93,3,232,10
1,338,65239,2079,20260619,388.63,5,50,5
1,326,74966,152,20260513,419.24,1,75,9
3,722,20913,217,20250529,5864.97,1,138,9
3,723,20914,4190,20250525,6003.63,1,102,10
1,724,20915,15,20250521,396.94,2,48,11
2,725,20916,3600,20250521,4602.9,3,224,12
2,702,20919,4109,20250421,964.04,1,34,9
2,695,46651,113,20250414,3390.1,1,145,2
3,670,46652,932,20250319,1122.42,2,81,5
3,498,20973,3857,20251020,5821.98,2,128,1
1,503,20978,700,20251028,489.08,1,88,10
2,478,20979,919,20251002,909.15,2,24,1
3,-1,20986,1691,20251020,1439.04,4,88,12
1,595,65290,1764,20251004,2153.72,2,158,2
1,599,65292,3337,20250928,1749.84,5,144,10
1,1428,21011,2445,20241223,1724.13,4,234,11
2,1429,21012,218,20241223,3631.68,1,164,12
1,1414,65304,4127,20250103,2035.3,2,204,1
1,1415,65305,1488,20250103,1922.85,3,174,2
1,1418,65306,1608,20241228,1724.13,5,234,9
1,1419,65307,1997,20241228,1815.84,4,164,10
1,1394,46724,3825,20241202,373.44,1,99,5
1,1395,65308,2778,20241203,1415.59,1,108,6
2,1395,46725,3510,20241202,607.75,2,99,6
3,1396,46726,2383,20241128,1523.97,3,35,7
4,1398,46727,4710,20241211,7137.36,5,154,1
1,1399,46728,804,20241211,2225.49,4,124,2
3,1203,21070,1685,20250609,1226.49,4,32,2
1,1204,21071,4282,20250605,1598.71,1,228,3
2,1205,21072,4188,20250605,3168.1,2,154,4
3,1206,21073,2412,20250617,5613.66,3,100,9
1,1306,75004,4246,20250511,449.23,5,79,5
2,1286,75005,4121,20250428,4543.04,4,159,5
1,1682,46788,2503,20240422,1931.32,1,155,5
2,1683,46789,4069,20240422,3900.5,2,155,6
2,1686,75007,2783,20240423,4002,2,113,1
1,-1,75008,1245,20240418,1859.08,3,145,9
1,2155,65364,438,20240615,1760.07,3,180,2
1,2002,65365,3674,20250220,1714.85,5,144,1
1,2005,65366,4306,20250218,1939.46,4,202,4
1,2006,65367,1489,20250302,1924.62,1,140,9
2,2006,21148,4147,20250221,4335.45,4,152,9
3,2007,21149,1404,20250221,1302.96,1,98,10
1,2011,65369,1241,20250225,2111.14,3,134,6
2,1989,21157,3151,20250128,4690.92,4,188,12
1,1954,46840,5117,20241231,2245.04,2,177,5
2,1955,46841,1179,20241231,4269.08,3,114,6
3,1957,46842,2451,20241228,4969.53,5,234,8
4,1958,46843,2117,20250109,7641.68,4,164,1
3,2050,46856,3182,20241123,4677.78,3,5,5
4,2051,46857,4569,20241123,8439.6,5,195,6
3,2056,21200,405,20241205,5587.85,1,116,3
1,2057,21201,1663,20241205,287.11,2,55,4
2,2058,21202,1579,20241201,3154.37,3,238,9
3,2059,21203,3602,20241201,4638.95,5,175,10
2,2435,21215,2946,20231103,833.98,1,48,10
3,2436,21216,3490,20231030,6633.57,2,224,11
1,2233,46918,2263,20240516,1692.12,2,225,4
2,2235,46919,3518,20240513,935.74,3,97,10
1,2235,21273,3551,20240515,1866.02,1,128,10
1,2210,21274,4920,20240415,403.63,1,92,1
2,2211,21275,287,20240415,817.9,2,38,2
3,2212,21276,4048,20240411,6630.51,3,214,3
1,2213,21277,457,20240411,2188.19,5,160,4
2,2214,21278,1931,20240423,940.54,4,88,9
3,2215,21279,413,20240423,1306.3,1,24,10
2,181,21331,3748,20230214,3666.95,1,238,4
3,182,21332,215,20230210,4936.83,2,164,9
3,163,46972,4983,20230203,4924.08,3,225,10
1,2466,65480,2280,20230726,2144.52,5,214,9
1,2469,65481,1757,20230724,432.93,4,22,12
1,2470,65482,676,20230805,1831.51,1,206,5
1,2472,65483,630,20230802,380.16,2,56,7
1,1357,47010,4716,20230605,1640.38,1,137,4
2,1358,47011,3831,20230617,803.14,2,65,9
3,1359,47012,3066,20230617,3951.24,3,1,10
4,1360,47013,3764,20230613,5321.52,5,1,11
1,1360,21390,1797,20230616,469.23,1,32,11
2,1361,21391,3351,20230616,3692.26,2,228,12
3,1362,21392,2887,20230612,5462.25,3,154,5
1,1363,21393,1263,20230612,1727.28,5,100,6
1,1347,21403,1580,20230519,1596.29,2,218,2
1,-1,21404,412,20230509,1906.48,2,182,1
2,-1,21405,3319,20230509,3620.08,3,128,2
3,-1,21406,3953,20230505,1073.52,5,54,3
1,-1,65496,3375,20230510,1960.33,4,228,4
3,-1,47026,3369,20230428,5944.41,2,219,4
1,-1,21407,34,20230505,2129.92,4,250,4
2,1454,21408,3156,20230517,4459.26,1,178,9
3,1455,21409,286,20230517,6727.02,2,114,10
1,1437,75068,5000,20230410,369.1,5,73,12
2,1443,75069,1497,20230419,4046.08,4,165,2
1,1795,21463,2693,20251014,1801.58,3,208,2
2,-1,21468,2564,20260625,4451.08,2,168,9
3,-1,21469,1587,20260625,5821.48,3,104,10
1,1628,21476,1967,20260512,1772.16,1,8,11
1,1631,47084,1236,20260606,344.98,1,37,6
2,1632,47085,4984,20260602,4268.5,2,197,7
3,1633,47086,3045,20260602,5869.17,3,133,8
4,1635,47087,3123,20260530,5372.49,5,5,2
2,1611,47089,1115,20260504,3810.4,1,165,10
1,1690,65550,4945,20260325,373.73,2,18,5
1,1694,65552,3728,20260404,1430.82,5,4,1
1,1696,21520,1725,20260404,2082.2,2,122,3
2,1697,21521,1581,20260404,835.76,3,68,4
3,1698,21522,3441,20260331,5318.52,5,244,9
1,1699,21523,2308,20260331,1885.78,4,190,10
1,-1,65558,631,20250725,371,5,64,11
1,51,65559,1885,20250723,2144.67,4,122,6
2,-1,21534,2188,20250707,3520.66,1,118,9
3,-1,21535,4444,20250707,1105.74,2,54,10
1,-1,21536,2098,20250703,1977.54,3,240,11
3,17,47142,1666,20250626,1257.72,2,75,8
2,-1,21594,1527,20251218,3487.16,2,108,1
3,-1,21595,1582,20251218,1309.78,3,44,2
1,-1,21596,4044,20251214,1634.44,5,230,3
2,-1,21597,3802,20251214,3095.81,4,166,4
3,2306,21598,3394,20251226,1266.54,1,94,9
1,2307,21599,5014,20251226,516.81,2,34,10
2,2417,21607,577,20251120,806.48,3,28,8
1,282,65610,1888,20241020,2213.99,4,240,5
1,266,65611,826,20260221,352.83,1,48,9
1,267,65612,2584,20260221,1603.88,2,226,10
1,659,65613,3343,20250209,421.01,3,78,2
1,660,47214,3509,20250217,1543.82,2,5,3
2,662,47215,4711,20250302,3194.01,3,127,9
3,663,47216,811,20250302,1152.54,5,91,10
4,664,47217,372,20250226,1395.95,4,37,11
1,643,21650,5100,20250204,347.1,2,54,10
3,645,21652,4687,20250131,6068.55,5,176,12
2,634,21667,3750,20250119,793.22,5,18,1
1,634,65626,1000,20250112,1972.41,1,246,1
1,635,65627,1760,20250112,1883.61,2,174,2
1,614,65629,4271,20250117,2071.98,5,178,1
1,618,75120,4734,20241229,434.97,5,94,9
2,470,75121,4761,20250829,3788.68,4,186,5
2,454,75123,496,20250811,3335.9,2,146,1
1,532,47278,3623,20250625,370.38,2,65,7
2,534,47279,4217,20250708,4454.66,3,187,1
2,534,21723,3053,20250628,3669.64,3,218,1
2,535,21724,2316,20250624,3850.7,3,182,2
3,536,21725,3320,20250710,5486.1,5,128,3
1,537,21726,5101,20250710,361.42,4,54,4
2,538,21727,792,20250706,4304.22,1,250,9
3,539,21728,3659,20250706,6756.45,2,178,10
1,514,21729,289,20250610,1811.13,3,114,1
2,842,75135,333,20230703,4410.48,5,125,1
1,846,75136,2284,20230628,2079.6,4,157,9
1,663,65683,3681,20240110,1716.74,4,128,6
2,666,21783,4779,20240117,3638.48,5,208,1
1,666,65684,5133,20240116,2199.17,4,186,1
1,667,65685,2398,20240116,2323.55,1,160,2
3,646,47332,2261,20231225,1050.8,5,73,1
1,646,21789,2194,20231230,1961.35,5,104,1
4,647,47333,3516,20231225,1416.11,4,73,2
1,-1,65689,4272,20231226,1784.84,4,144,9
1,635,47344,2623,20231220,2166.41,1,214,10
3,638,47346,3832,20231213,1528.35,3,25,5
1,1114,21843,3400,20260602,1981.43,2,186,1
2,1099,21854,282,20260517,3665.37,3,114,10
1,1101,21856,2374,20260602,1757.68,4,236,12
1,923,47408,587,20230428,513.12,3,35,10
2,1564,47409,4473,20241016,3926.84,5,221,11
1,1547,65740,2139,20240918,1704,5,8,6
1,1551,65742,4948,20240928,1754.94,1,244,2
1,1553,65743,1826,20240925,465.57,2,88,4
3,1519,21918,616,20240829,931.12,5,82,10
1,1520,21919,4550,20240825,444.32,4,26,11
1,1371,65755,1427,20250429,1791.95,5,198,6
1,1344,47460,3974,20250403,2088.14,2,195,11
2,1345,47461,4219,20250403,4219.8,3,195,12
3,1346,47462,59,20250330,6364.89,5,131,5
2,1441,21970,4552,20250215,615.49,3,54,12
1,1443,21972,4690,20250303,1980.72,4,176,6
3,1762,21987,1583,20230308,1178.4,4,18,5
2,1749,22000,139,20230218,643.37,1,72,4
3,1750,22001,4910,20230214,1075.42,2,18,9
1,1751,22002,1220,20230214,1850.45,3,194,10
2,1713,22016,2311,20260814,2937.47,2,190,4
1,1558,47534,2331,20230814,1775.48,3,149,5
2,-1,47535,5118,20230809,807.98,5,11,1
1,-1,65814,4992,20230802,419.3,1,30,1
3,-1,47536,4474,20230809,5281.89,4,235,2
1,-1,65815,2587,20230802,1772.84,2,244,2
4,-1,47537,4010,20230805,6698.64,1,171,3
1,1538,75194,2595,20230806,1766.47,5,193,9
1,1538,65816,4388,20230812,406.47,3,52,9
1,1539,65817,1889,20230812,1762.59,5,240,10
2,1518,75195,445,20230708,4456.42,4,125,9
1,1518,65819,2468,20230712,1656.51,1,234,9
1,1522,75196,3534,20230719,2099.98,1,157,5
2,1630,75197,3208,20230620,4425.18,2,249,1
2,1639,22072,2104,20230716,4163.48,4,148,6
3,1615,22074,30,20230616,1254.12,1,58,10
1,1616,22075,4911,20230612,1504.23,2,244,11
2,1617,22076,2949,20230612,3450.42,3,180,12
3,1618,22077,2312,20230624,7174.5,5,116,5
1,1619,22078,2439,20230624,465.07,4,44,6
3,1967,47592,2624,20251207,5066.21,3,175,10
1,1974,47598,481,20251204,1818.4,3,209,1
2,1822,47599,4471,20260812,944.24,5,71,1
1,1830,22131,1357,20260808,2123.82,1,194,5
2,2491,22132,4783,20240905,3575.03,2,130,2
1,822,22147,4002,20230731,1889.86,2,218,9
1,793,65878,1133,20230709,2020.51,1,148,8
1,796,65879,678,20230719,2328.95,2,206,3
1,630,47650,1373,20240211,361.75,5,93,5
2,631,47651,1698,20240211,783.05,4,21,6
3,632,47652,1170,20240207,4605.04,1,217,7
4,633,47653,56,20240207,6210.61,2,217,8
3,633,22190,41,20240218,5544.75,1,248,8
3,620,22203,3557,20240202,6480.24,2,168,3
3,621,22204,2105,20240218,5873.88,2,132,4
1,622,22205,3221,20240214,439.12,3,78,9
2,623,22206,4679,20240214,2980.88,5,4,10
3,598,47666,3969,20240124,6695.81,4,169,1
3,598,22207,2743,20240119,5017.57,4,200,1
1,599,22208,3554,20240119,1847.36,1,128,2
2,600,22209,3038,20240115,779.48,2,64,3
3,1068,22263,762,20260630,6461.16,3,158,3
1,1047,22268,3752,20260616,1616.63,2,118,2
2,1048,22269,5096,20260612,615.48,3,54,3
1,1053,65930,4766,20260622,367.25,1,64,12
3,1055,22276,162,20260610,5510.7,1,208,6
1,902,65931,1883,20230623,2040.56,2,122,5
1,903,65932,640,20230623,453.59,3,60,6
1,905,65933,2641,20230620,2025.12,5,156,8
1,909,47728,5114,20230627,2231.66,5,179,4
2,910,47729,2757,20230623,4321.98,4,115,9
1,877,65945,3725,20230529,1266.88,1,4,12
1,854,65946,4165,20230501,484.15,2,62,9
3,969,22320,658,20230424,1084.32,2,72,4
1,970,22321,2557,20230506,366.11,3,18,9
2,971,22322,1224,20230506,4163.52,5,194,10
3,972,22323,1734,20230502,6281.46,4,140,11
1,957,22334,3747,20230416,426.58,1,68,8
2,958,22335,4327,20230412,3070.3,2,4,1
3,959,22336,28,20230412,5276.55,3,190,2
1,1290,22337,1306,20241207,1883.64,5,125,9
1,1290,75252,4492,20241130,1471.18,1,245,9
1,1276,47780,4160,20241110,411.61,3,85,7
2,1277,47781,3916,20241130,831.7,5,85,8
3,1278,47782,3512,20241212,1231.58,4,25,1
3,1377,22392,227,20230112,6306.45,1,148,12
1,1379,22394,536,20230209,422.22,2,58,6
2,1380,22395,2440,20230205,3474.06,3,244,7
3,1381,22396,797,20230205,5227.92,5,180,8
1,1382,22397,1162,20230201,2207.54,4,116,1
2,1383,22398,2441,20230201,939.62,1,44,2
3,1781,22406,292,20250909,1238.94,2,48,4
2,1762,75267,644,20250905,872.3,1,35,9
1,1584,47854,2206,20260309,1937.4,4,211,3
2,1586,47855,1474,20260322,763.92,1,83,9
3,1587,47856,2969,20260322,1196.85,2,57,10
4,1588,47857,375,20260318,7152.04,3,243,11
1,1590,47858,2120,20260315,2294.65,5,115,5
2,1569,22452,2741,20260228,4001.98,5,132,12
3,1570,22453,3556,20260312,1344.51,4,78,5
3,1557,22466,920,20260220,1089.15,3,38,8
1,1558,22467,3104,20260216,2075.82,5,224,1
1,1539,66030,1127,20260208,1588.21,1,108,2
1,1543,66032,4242,20260202,443.5,3,94,10
1,1631,66038,4730,20251214,1784.34,3,154,6
1,1634,66039,4314,20260113,1985.98,5,212,1
1,1956,47910,3968,20231222,1838.96,5,154,11
3,1959,47912,1238,20240104,5002.97,1,243,6
3,1941,22522,2030,20231209,6032.73,2,238,12
1,-1,22524,1970,20231217,2040.92,3,148,6
2,-1,22525,5015,20240102,785.38,5,84,7
3,-1,22526,3952,20240102,1230.12,4,20,8
1,1946,22527,4247,20231229,2204.9,1,204,1
2,1947,22528,968,20231229,4497.66,2,134,2
3,-1,47926,4567,20231204,4964.96,4,235,7
3,1845,22582,3262,20240521,5481.3,3,228,8
1,1846,22583,1452,20240602,1683.44,5,164,1
1,1850,47970,2121,20240528,1669.51,4,165,9
2,1851,47971,378,20240528,723.5,1,93,10
2,1851,22588,290,20240521,3961.36,3,124,10
3,-1,47972,670,20240502,1183.43,2,39,1
3,-1,22589,3690,20240515,1287.67,5,70,1
4,-1,47973,1019,20240502,1595.26,3,39,2
1,1834,66091,1135,20240519,1877.56,3,138,5
1,1835,66092,1680,20240519,405,5,66,6
3,2234,47986,1938,20230504,6530.25,1,231,1
1,2202,66106,3886,20230414,452.7,5,78,9
3,963,22640,4106,20230716,1214.88,5,84,6
1,964,48014,3621,20230725,2105.18,2,249,7
1,964,22641,3606,20230712,427.95,4,30,7
2,965,22642,2413,20230712,4431.8,1,206,8
2,966,48015,3368,20230722,3959.44,3,111,1
3,966,22643,220,20230708,6985.02,2,142,1
3,967,48016,4300,20230722,1323.93,5,85,2
4,942,48017,1419,20230626,1721,4,21,5
3,799,22656,411,20240227,5051.75,4,192,10
1,800,22657,1726,20240223,1761.43,1,138,11
1,864,75324,1137,20231212,1948.25,4,164,7
2,870,75325,602,20231221,3507.24,1,243,9
1,848,75326,3641,20231124,489.66,2,25,3
3,853,22712,973,20231215,4429,5,145,12
1,854,22713,2057,20231211,362.11,4,88,5
2,854,75327,4086,20231203,2814.89,3,207,5
2,1249,22718,533,20260705,777.84,5,48,12
3,1250,22719,3443,20260717,5172.39,4,234,5
1,1252,48078,3235,20260728,446.11,2,59,7
2,1254,48079,3569,20260725,3558.66,3,171,1
1,1231,22726,31,20260627,416.99,3,48,6
1,1222,66164,3131,20260608,455.63,3,14,9
1,1223,66165,3086,20260628,1991.19,5,238,10
1,1200,66166,2142,20260531,356.16,4,46,3
1,1201,66167,2510,20260531,2233.76,1,224,4
1,-1,66169,4171,20260607,1674.84,3,228,5
3,1045,22772,1093,20230610,5938.4,4,132,12
1,1046,22773,2535,20230606,398.38,1,78,5
1,1007,22786,914,20230425,408.95,5,38,10
1,1008,48130,3458,20230424,2071.03,2,193,11
2,1008,22787,3492,20230421,4648.02,4,224,11
2,1009,48131,4715,20230424,3860.24,3,121,12
3,1010,48132,2454,20230506,1273.02,5,67,5
4,1011,48133,4014,20230506,1714.16,4,67,6
3,1104,48146,4419,20230317,1156.38,3,19,11
1,1479,22844,3858,20251004,1732.34,4,144,6
2,1454,22845,3352,20250908,782.57,1,86,9
3,1455,22846,3604,20250908,1447.29,2,16,10
1,1456,22847,4413,20250904,1741.55,3,202,11
1,1312,66221,3250,20260516,1784.84,5,144,3
1,1313,66222,682,20260516,346.98,4,72,4
1,1315,66223,3884,20260529,2207.11,1,178,10
1,1486,48208,3910,20250423,427.81,3,29,1
1,1486,66235,2348,20250508,425.65,3,38,1
2,1487,48209,540,20250513,4472.26,5,215,2
1,2332,66237,1336,20240828,406.72,4,24,7
3,2320,22902,3106,20240813,4471.96,1,216,11
2,2283,22917,221,20240718,3959.38,1,148,10
3,2111,48262,541,20250220,5926.58,5,125,6
1,2094,22960,3855,20250128,400.87,4,84,1
2,2095,22961,3805,20250128,847.25,1,30,2
3,2096,22962,2671,20250124,6579.87,2,206,3
1,2097,22963,761,20250124,2305.73,3,142,4
1,2210,66280,1192,20250104,430.58,5,58,1
3,2211,22975,2486,20250104,1394.49,4,14,2
1,2186,22976,534,20241209,2036.36,1,192,5
2,2187,22977,2371,20241209,4589.44,2,134,6
1,2187,66281,2349,20241211,2112.98,4,114,6
1,2188,66282,3787,20241207,455.58,1,44,7
1,87,75382,2985,20231224,2180.98,4,124,2
1,55,66296,491,20231122,1686.5,4,135,10
1,58,66298,4877,20231201,1755.12,2,8,5
2,61,23013,2700,20231123,940.54,5,88,8
2,62,23014,2660,20231115,942.28,5,52,1
3,63,23015,2661,20231115,5475.03,4,245,2
1,38,23016,1972,20231020,1981.71,1,174,5
2,39,23017,3692,20231020,3567.51,2,120,6
1,39,75388,722,20231027,2103,4,239,6
3,40,23018,916,20231016,1202.85,3,48,7
1,41,23019,3444,20231105,1622.71,5,234,8
2,45,75389,4603,20231105,992.42,1,71,4
1,2383,48334,672,20240611,2312.1,3,133,2
2,2385,48335,4978,20240628,3180.26,5,5,4
3,2386,48336,3460,20240624,5683.92,4,229,9
4,2387,48337,4856,20240624,7935.04,1,165,10
2,2364,48339,805,20240526,4652.96,3,215,7
2,2465,23073,3219,20240505,932.56,4,78,4
3,2444,23078,2951,20240328,1289.46,5,38,3
1,2445,23079,3102,20240328,2233.76,4,224,4
2,342,23086,2952,20230403,842.94,3,38,9
3,318,48392,1982,20230310,5538.83,3,165,9
1,299,48398,2204,20230217,2111.64,3,193,10
2,301,48399,3183,20230306,725.17,5,65,12
2,451,23130,224,20250609,4630.8,5,242,2
1,451,66358,2283,20250609,2022.62,5,230,2
3,452,23131,3653,20250605,6757.71,4,188,3
1,453,23132,288,20250605,2156.1,1,114,4
2,454,23133,357,20250617,817.37,2,60,9
1,454,66359,329,20250619,408.95,4,38,9
3,439,23144,3318,20250601,4829.55,3,144,6
2,441,23146,4966,20250617,895.95,4,16,8
1,443,66367,2585,20250606,1580.7,5,118,2
1,922,48450,3425,20240410,468.6,5,87,5
2,923,48451,4855,20240410,923.92,4,15,6
3,-1,48452,2852,20240315,5840.01,1,201,1
4,-1,48453,4646,20240315,7863.04,2,201,2
1,887,48464,4159,20240310,424.15,3,95,6
3,890,48466,1371,20240323,5244.12,4,153,1
3,891,23208,2663,20240314,6279.45,4,112,2
1,738,23209,790,20241030,418.04,1,58,1
3,746,23217,1528,20241113,6245.22,4,148,5
1,711,66410,1379,20241012,1952.26,4,146,6
1,714,66411,4268,20241006,2077.7,1,204,1
1,715,66412,1484,20241006,2173.12,2,132,2
1,691,66413,2465,20240911,1741.03,3,234,6
2,787,23260,4248,20240809,719.93,5,84,6
1,789,23262,615,20240805,1967.17,1,206,8
1,791,66425,3726,20240820,353.94,4,94,2
1,794,66426,3202,20240814,1710.54,1,156,9
3,1646,48522,2205,20231229,6510.03,5,104,5
3,1646,23277,95,20240101,6608.79,1,134,5
1,1646,75440,4763,20231227,1445.73,1,4,5
4,1647,48523,5030,20231229,1848.57,4,34,6
2,1626,75441,2512,20231214,746.88,2,99,5
1,1627,48528,3179,20231208,1764.31,5,163,6
2,1628,48529,55,20231204,3539.7,4,105,7
1,1630,75442,2986,20231209,1814.73,3,125,1
2,1610,75443,4532,20231126,982.54,5,53,5
3,1418,23333,1933,20240609,1255.61,4,88,1
3,1419,23334,3660,20240605,1261,4,52,2
1,1420,23335,37,20240601,1806.72,1,248,3
2,1421,23336,2749,20240601,3531.76,2,174,4
3,1422,23337,3398,20240528,5002.28,3,120,9
1,1423,23338,38,20240528,356.85,5,48,10
2,1398,23339,2563,20240502,3279.22,4,234,1
3,1512,48582,2851,20240429,1180.23,4,19,7
1,1518,75456,1767,20240427,366.83,2,63,9
2,1498,75457,2286,20240414,3862.64,3,155,9
1,925,66482,3877,20230510,2415.13,5,188,12
1,606,66484,1610,20260717,399.68,4,92,9
1,607,66485,675,20260717,417.15,1,66,10
1,584,66486,76,20260619,2180.98,2,124,3
1,585,66487,4269,20260619,466.52,3,52,4
1,587,66488,1334,20260702,2035.16,5,248,10
3,590,23393,4111,20260710,1412.43,1,78,5
1,441,23398,283,20230705,433.99,4,38,8
2,442,23399,2485,20230717,4512.64,1,224,1
3,424,23407,4629,20230611,5938.08,2,228,3
1,508,48654,1665,20230513,2146.81,4,205,11
2,510,48655,478,20230510,892.44,1,77,5
3,511,48656,1813,20230510,1340.49,2,41,6
4,486,48657,3912,20230414,7604.84,3,237,9
2,491,23450,4551,20230504,2980.88,1,4,6
3,492,23451,1529,20230430,5017.57,2,200,7
1,493,23452,4914,20230430,1705.49,3,126,8
2,494,23453,4285,20230426,997.06,5,62,1
1,870,23465,3264,20251110,437.4,1,95,1
2,871,23466,1969,20251110,910.5,2,22,2
3,872,23467,2025,20251106,5394.36,3,218,3
1,696,66541,2216,20260531,1813.76,4,238,3
1,697,66542,3198,20260531,1751.58,1,166,4
3,670,23523,2026,20260507,6742.08,2,168,1
1,648,66556,3878,20260428,2094.5,4,178,7
1,649,23528,3160,20260423,1922,1,128,8
2,650,23529,1012,20260505,742,2,64,1
3,759,23536,3049,20260415,5284.29,4,218,10
2,1117,23582,2833,20250221,3726.26,2,212,8
3,1118,23583,1091,20250217,5511,3,158,1
1,1096,48770,4221,20250125,2227.83,4,159,7
2,1097,48771,4355,20250125,873.5,1,87,8
3,1098,48772,2675,20250206,1401.09,2,23,1
4,1099,48773,1667,20250206,1886.64,3,23,2
3,951,23596,2699,20250919,5245.77,1,208,10
1,952,23597,4250,20250915,1819.83,2,144,11
3,-1,48786,3184,20250831,4264.15,1,225,7
2,250,75513,2513,20240911,2964.14,2,5,1
1,250,66614,441,20240922,2091.42,1,114,1
1,251,66615,1827,20240922,465.57,2,88,2
1,-1,66616,133,20241002,1952.26,3,146,9
1,-1,66617,1790,20241002,380.07,5,74,10
1,106,66619,3879,20250515,443.65,1,78,5
3,107,23654,1011,20250525,1146.75,2,64,6
1,108,23655,969,20250521,368.52,3,10,7
2,109,23656,4192,20250521,4398.34,5,186,8
3,110,23657,1092,20250602,5309.6,4,122,1
1,94,75518,1139,20250516,2227.82,1,115,9
2,74,75519,1429,20250417,802.82,2,47,1
1,59,48848,2903,20250403,1690.2,1,235,10
2,60,48849,3568,20250330,3523.76,2,171,11
3,-1,23710,2491,20250312,1353.09,1,14,8
2,163,23712,970,20250308,3298.21,3,136,2
1,542,23727,4502,20240216,1636.78,3,228,9
1,512,48900,1374,20240120,1840.86,1,145,7
2,513,48901,377,20240120,3718.16,2,145,8
3,514,48902,1322,20240116,1067.94,3,81,1
4,362,48903,3042,20240903,7416.49,5,206,1
1,369,66673,881,20240906,391.27,2,28,12
3,352,48916,1056,20240825,5508.65,2,223,7
3,353,23770,4187,20240905,3845.32,2,4,8
1,353,66678,555,20240901,1834.25,1,232,8
1,354,23771,3950,20240901,1842.95,3,196,1
2,355,23772,3753,20240901,2928.63,5,126,2
3,330,23773,3357,20240806,1380.57,4,62,9
1,330,66679,185,20240804,444.76,2,50,9
3,317,23786,1525,20240717,1379.13,3,22,8
1,318,23787,4923,20240729,1816.47,5,218,1
1,786,48974,4568,20230523,420.47,1,11,1
2,787,23842,3265,20230522,3692.26,3,228,2
1,766,48978,243,20230507,1924.84,4,165,1
1,767,23848,42,20230430,2270,3,124,2
2,768,23849,4446,20230516,867.79,5,70,3
1,587,66730,2642,20231124,1912.38,1,155,6
1,590,66731,2643,20231204,1287.38,2,216,1
1,591,66732,4128,20231204,1382.37,3,144,2
1,593,66733,75,20231201,1797.13,5,250,4
3,576,49012,4353,20231123,6655.95,4,195,11
4,577,49013,5119,20231123,8961.6,1,195,12
1,686,49018,590,20231030,533.64,4,35,1
2,687,49019,3450,20231030,4150.98,1,213,2
3,689,23900,1044,20231021,1410.81,3,88,4
1,690,23901,417,20231106,459.36,5,24,9
2,691,23902,4410,20231106,3774.82,4,210,10
3,-1,23903,461,20231011,5913.66,1,146,1
1,-1,66744,440,20231002,2270,4,124,1
1,-1,66745,4805,20231002,507.52,1,98,2
1,670,66746,4997,20231012,1946.48,2,156,9
1,671,66747,3676,20231012,417.23,3,84,10
1,1518,66749,186,20260509,484.38,4,88,9
1,1519,23914,1010,20260523,383.98,2,74,10
3,1521,23916,4683,20260519,6203.11,5,196,12
1,1506,75570,443,20260510,2205.24,4,125,1
1,1490,75572,2683,20260422,471.03,2,89,1
2,1310,49071,545,20230319,4187.2,4,105,1
3,1311,49072,5120,20230319,1389.81,1,79,2
4,1312,49073,1865,20230315,1885.95,2,15,3
1,1295,23974,3036,20230301,378.5,3,64,2
2,1296,23975,1225,20230317,729.09,5,10,3
3,1297,23976,4684,20230317,6532.2,4,186,4
1,1298,23977,1100,20230329,1998.91,1,122,9
3,2415,24002,1045,20230418,1368.48,4,88,10
1,2416,24003,798,20230414,488.07,1,24,11
1,2394,75586,4998,20230304,1953.24,1,175,1
2,2395,24008,2027,20230311,3448.26,4,234,2
3,2396,24009,1163,20230307,4861.97,1,180,3
1,2378,66801,328,20230221,1827.49,1,248,9
1,2493,66808,2399,20230213,1904.16,2,236,4
1,2496,66809,4025,20230223,422.35,3,44,11
1,833,49144,2761,20250913,393.77,4,83,4
2,834,49145,4158,20250909,797.48,1,29,9
3,810,49146,2387,20250815,5060.73,2,146,1
4,811,49147,2849,20250815,1401.86,3,76,2
1,812,49148,2122,20250811,419.1,5,15,3
2,813,49149,2501,20250811,3458.86,4,175,4
3,815,24062,4146,20250824,1076.71,1,76,10
1,816,24063,3489,20250820,372.79,2,14,11
3,802,24075,2108,20250820,6039.18,5,138,5
1,803,24076,1394,20250820,311.05,4,64,6
2,2184,49201,1171,20251126,4548.29,1,125,7
3,-1,49202,2502,20251209,6196.14,2,247,1
4,-1,49203,3624,20251209,7894.32,3,175,2
2,2167,24134,1530,20251114,3963.42,4,174,2
3,2168,24135,1735,20251110,6148.8,1,115,3
1,2169,24136,1971,20251110,371,2,46,4
2,2170,24137,39,20251122,4192.58,3,232,9
1,2171,66862,1490,20251128,1979.69,3,148,10
1,2172,24139,921,20251118,2244.68,4,105,11
1,618,66876,3577,20241019,2138.26,2,168,5
3,590,24191,3853,20240926,1398.84,5,78,9
1,591,24192,3688,20240926,1445.73,4,4,10
3,571,24198,3806,20240904,5131.62,4,156,10
1,572,49260,3517,20240905,319.69,1,65,11
1,572,24199,3898,20240831,379.48,1,96,11
2,573,49261,4012,20240905,3685.07,2,213,12
3,574,49262,2625,20240901,4895.7,3,156,5
4,422,49263,1942,20250420,1669.36,5,21,5
1,425,24206,1453,20250412,2020.51,1,148,8
2,426,24207,3152,20250424,850.82,2,84,1
2,411,49275,4579,20250415,4263.3,1,195,10
3,412,49276,1172,20250411,6427.29,2,131,11
2,494,24251,1397,20250225,667.21,2,56,5
3,495,24252,284,20250225,5830.31,3,232,6
1,470,24253,2658,20250130,2342.24,5,178,9
1,873,24266,1454,20240124,1974.34,2,138,8
2,874,24267,661,20240205,767.96,3,74,1
1,876,24269,702,20240201,1687.57,4,198,3
1,838,66934,4875,20240103,1674.53,2,108,1
1,839,66935,1026,20240103,387.9,3,74,2
1,842,66936,1998,20240113,2178.42,5,140,9
1,843,66937,3081,20240113,422.23,4,68,10
3,844,49332,3452,20231230,5264.8,1,244,11
4,845,49333,3453,20231230,7091.37,2,244,12
1,845,66938,3982,20240110,1460.63,1,4,12
1,822,66939,1911,20231213,367.26,2,64,9
1,826,49338,4161,20231226,407.37,1,85,5
1,826,75644,4245,20231230,1813.45,2,235,5
2,827,49339,4797,20231226,879.56,2,13,6
2,678,75645,4085,20240813,795.34,3,65,1
1,682,75646,3846,20240824,396.98,5,97,9
2,662,75647,5075,20240726,855.62,4,29,9
1,671,24322,1801,20240724,460.86,1,88,2
2,-1,24323,32,20240628,985.72,2,24,9
3,651,24328,2442,20240722,5223.09,1,234,6
1,652,24329,1308,20240718,1638.08,2,180,7
2,1066,49391,3826,20240518,3711.16,1,155,5
3,1067,49392,4260,20240518,5812.98,2,129,6
4,1068,49393,3513,20240514,1497.12,3,65,7
1,2184,49404,1746,20230329,495.3,1,15,11
2,2185,49405,3827,20230329,4109.94,2,175,12
3,2186,49406,3371,20230325,5648.01,3,111,5
1,2187,24382,3157,20230322,457.23,2,78,6
2,2034,24383,3493,20231107,892.84,3,14,5
1,2020,24395,1730,20231018,1858.2,4,138,3
2,2021,24396,504,20231018,742,1,64,4
1,-1,66991,3469,20231105,1912.34,1,238,9
1,2009,66998,2639,20231028,1961.33,2,230,12
1,1986,66999,2344,20230930,396.43,3,38,9
1,2467,49464,2621,20260327,1874.52,2,155,2
2,2467,24454,4448,20260327,4354.8,2,186,2
2,2468,49465,934,20260323,791.2,3,91,3
3,2468,24455,1855,20260323,5996.73,3,122,3
1,2469,24456,915,20260323,413.86,5,58,4
3,2470,49466,3070,20260405,6544.17,5,213,9
2,2470,24457,3058,20260404,3724.76,4,244,9
4,2471,49467,4980,20260405,8488.48,4,141,10
1,2472,24459,2565,20260331,1850.14,2,118,11
1,2439,67032,2467,20260225,2030.62,2,238,6
1,2441,67033,3341,20260222,372.24,3,84,8
1,2258,67044,3578,20230122,1779.78,5,218,9
1,2263,67047,3880,20230201,2184.59,2,178,6
1,2267,24512,1103,20230206,1772.16,3,8,2
2,2242,24513,1217,20230111,4205.58,5,194,5
1,2356,24525,5053,20260806,1979.36,1,228,11
2,2357,24526,4549,20260806,3568.68,2,154,12
3,2358,49522,3710,20260823,1175.68,3,69,5
3,239,49536,4644,20250720,1222.11,2,85,2
2,213,24570,2559,20250708,3410.98,2,126,8
3,214,24571,2836,20250704,1495.59,3,62,1
1,215,24572,917,20250704,2035.16,5,248,2
2,190,24573,967,20250608,3699.19,4,184,5
1,194,75700,4659,20250619,411.61,1,85,1
1,48,24585,2028,20260130,1798.12,2,218,11
2,49,24586,2662,20260130,3534.68,3,144,12
1,-1,75702,1383,20260212,1708.2,3,209,5
1,-1,24588,4000,20260211,343.22,4,18,6
1,-1,67090,3205,20260118,2210.17,1,214,6
1,34,67091,1886,20260128,406.15,2,22,1
1,35,67092,3376,20260128,1887.41,3,210,2
1,36,49580,3976,20260131,1789.51,2,137,3
2,37,49581,2388,20260131,1036.5,3,35,4
1,37,67093,3471,20260125,474.56,5,44,4
3,38,49582,4572,20260127,5951.61,5,221,9
4,14,49583,379,20260102,1578.56,4,93,5
3,4,49596,4381,20251224,6487.5,3,204,11
4,5,49597,308,20251224,8538.16,5,114,12
1,1188,67106,3285,20240615,1924.56,3,212,3
1,1189,67107,2137,20240615,2229.21,5,150,4
1,1194,67109,3342,20240622,1802.34,1,144,5
2,1175,24640,3358,20240616,3730.34,1,228,10
3,1157,24648,92,20240505,5917.23,3,246,12
1,-1,24649,35,20240606,1623.34,5,182,5
1,1076,49658,4981,20241027,2120.37,3,157,11
2,1077,49659,3913,20241116,831.7,5,85,12
2,1079,24700,3353,20241111,3812.94,3,210,6
3,1080,24701,94,20241127,5249.16,5,145,7
1,1081,24702,663,20241127,357.83,4,72,8
2,1082,24703,2106,20241123,990.6,1,15,1
2,1459,24716,4909,20231026,844.46,5,68,2
3,1460,24717,3401,20231022,4560.75,4,4,3
2,1462,24719,3220,20231103,3769.36,2,128,9
1,1429,67162,1190,20230910,2097.46,1,248,12
1,1415,67168,4753,20230918,372.15,1,54,2
1,1418,67169,3248,20230912,1690.61,2,112,9
1,1272,49710,309,20240430,2115.18,3,105,7
2,1274,49711,2909,20240517,3555.76,5,227,1
3,1275,49712,4982,20240517,5600.37,4,191,2
4,1250,49713,4223,20240421,7754.52,1,137,5
1,1252,67176,4941,20240420,388.99,4,18,7
3,1259,24774,4193,20240413,6597.51,3,186,10
1,1234,24775,4838,20240407,2019.73,5,122,5
2,1235,24776,2953,20240407,836.08,4,58,6
3,1236,24777,3997,20240403,5157.36,1,244,7
2,-1,24779,2437,20240415,3736.2,3,118,1
3,-1,49726,4798,20240412,5645.01,5,183,3
4,-1,49727,1015,20240409,1551.2,4,55,9
1,1705,24832,225,20230210,1755.12,4,8,4
2,1706,24833,2372,20230206,4163.52,1,194,9
3,1691,24844,793,20230121,1226.85,2,38,10
1,1675,49784,4016,20260804,1640.86,3,211,6
1,1675,67220,4021,20260820,1445.25,2,226,6
2,1522,49785,2500,20230827,3460.4,5,156,5
3,1524,49786,4220,20230824,1332.97,4,26,7
1,1524,67221,599,20230821,331.07,3,36,7
4,1525,49787,2677,20230824,7326.05,1,206,8
1,1525,67222,3526,20230821,1507.59,5,216,8
1,1527,67223,4655,20230903,393.08,4,62,2
1,1884,75760,1563,20230405,1535.06,2,7,3
2,1864,75761,3847,20230307,717.6,3,99,7
1,1864,67234,1822,20230304,1748.59,1,208,7
1,1868,75762,4737,20230318,1990.44,5,121,3
1,1868,67236,2138,20230314,2063.52,3,240,3
1,1869,67237,4022,20230314,2050.98,5,168,4
2,1871,24890,3054,20230307,3376.54,5,126,10
3,1705,24904,2888,20231007,1242.54,5,20,8
1,1706,24905,1906,20231019,2170.68,4,206,1
2,1707,24906,226,20231019,4260.16,1,132,2
3,1708,24907,4249,20231015,1412.43,2,78,3
3,1676,49842,315,20230930,6615.71,4,125,11
1,1756,75776,1496,20230805,352.45,3,63,7
3,1759,24960,4281,20230810,5538.39,2,228,2
2,2152,75777,4087,20260304,3711.16,5,155,7
1,2157,24968,972,20260312,1953.08,5,246,4
2,2158,24969,796,20260308,3661.94,4,182,9
1,1807,67293,3881,20250327,2345.46,2,188,10
2,1809,25002,503,20250407,737.34,5,72,12
3,1810,25003,1584,20250419,1121.19,4,18,5
1,1810,67294,637,20250422,1856.39,2,246,5
1,1811,67295,2593,20250422,1935.34,3,220,6
1,1814,67296,3023,20250416,407.24,5,28,1
1,1815,67297,4768,20250416,2170.68,4,206,2
3,1925,25016,2190,20250330,1305.87,3,68,12
1,1926,49914,4794,20250321,2273.41,5,223,5
1,1926,25017,5104,20250326,1430.82,5,4,5
2,1927,49915,4354,20250321,4426.08,4,151,6
3,1902,49916,4067,20250223,1460.34,1,97,9
4,1903,49917,1984,20250223,6602.4,2,7,10
2,1906,49919,3124,20250324,771.94,5,65,5
3,207,25060,4840,20240509,5348.4,3,200,10
1,208,25061,1359,20240525,1828.35,5,136,11
2,209,25062,2834,20240525,920.38,4,62,12
3,210,25063,1097,20240606,4549.68,1,8,5
3,69,25076,535,20250128,1291.74,5,58,12
3,30,49972,3669,20241216,6551.1,5,204,9
4,31,49973,4259,20241216,8819.6,4,204,10
1,38,49978,2071,20241214,412.45,5,41,1
2,39,49979,3451,20241214,3907.68,4,229,2
1,131,67350,4029,20241125,422.23,1,68,6
1,904,67352,4755,20250807,372.15,3,54,3
2,1000,25138,4553,20250626,3787.16,3,154,3
3,1001,25139,1260,20250716,5127.86,5,100,4
1,1851,67366,1030,20241106,376.15,2,74,10
3,1661,50052,4521,20250519,1338.72,3,95,8
4,1662,50053,3914,20250531,1590.57,5,95,1
3,1664,25192,913,20250603,5607.05,5,248,3
1,1665,25193,2373,20250603,1747.97,4,184,4
1,1643,50058,3708,20250425,2062.87,3,185,2
2,1644,50059,1111,20250511,3835.26,5,113,3
3,1626,25206,1533,20250426,6712.98,4,132,1
1,1627,25207,5020,20250426,452.7,1,78,2
3,2098,50112,2452,20240227,5210.26,4,229,5
1,2098,25264,460,20240213,352.66,5,10,5
1,2098,67425,2469,20240228,1715.19,5,238,5
4,2099,50113,2119,20240227,7306.51,1,165,6
2,2099,25265,4691,20240213,4225.3,4,196,6
3,2074,25266,1457,20240118,6121.68,1,122,1
1,2075,25267,3746,20240118,448.35,2,68,2
1,2075,75838,4370,20240117,2249.83,3,187,2
1,2075,67426,1890,20240204,374.71,4,46,2
1,2076,67427,4993,20240131,2346.57,1,224,3
2,2081,75839,2822,20240215,3885.38,5,119,12
1,2081,67429,2863,20240211,1827.1,3,228,12
1,2061,50124,1983,20240115,2272.38,2,115,12
2,2062,50125,3622,20240127,979.32,3,25,5
3,2063,50126,3565,20240127,6168.06,5,211,6
3,1872,25322,1262,20240807,1116.84,4,72,3
1,1873,25323,2446,20240807,377.55,1,18,4
1,1962,25336,4924,20240622,439.64,5,68,5
2,1963,25337,3687,20240622,2891.46,4,4,6
1,-1,50184,3180,20230614,2126.67,3,249,5
2,-1,50185,4717,20230704,4167.85,5,185,6
3,2347,50186,933,20230609,1100.14,4,57,10
4,2348,50187,3972,20230605,5986.14,1,235,11
1,1793,25380,1526,20260625,1801.18,5,200,12
1,1793,67483,3249,20260630,2162.06,5,178,12
2,1794,25381,359,20260707,3692.56,4,136,5
3,1795,25382,4409,20260707,1394.94,1,62,6
1,1796,25383,2744,20260703,1738.08,2,8,7
1,1777,67488,1755,20260605,2087.05,3,132,8
1,1780,67489,1884,20260705,1856.32,5,200,3
1,1783,25396,291,20260703,434.76,4,58,10
2,1886,25397,1588,20260607,3151.72,1,244,9
1,1888,25399,3446,20260603,1562.74,3,118,11
1,-1,67497,126,20260511,395.26,3,28,6
3,2254,50242,4357,20250504,6425.27,4,169,9
1,2225,25450,1857,20250314,2020.51,3,148,8
2,2079,25458,3109,20251119,4195.64,4,166,10
3,2080,25459,3951,20251115,5770.47,1,102,11
1,2037,67540,149,20251004,352.26,3,64,12
1,2142,67541,1128,20250926,2144.67,5,122,5
1,2143,67542,641,20250926,435.63,4,60,6
1,2145,67543,4273,20250923,1714.84,1,144,8
1,2129,25510,4784,20250829,1727.25,4,130,4
2,2130,25511,3037,20250910,785.7,1,66,9
3,2131,25512,1101,20250910,6877.44,2,242,10
1,2132,25513,4447,20250906,1763.69,3,186,11
1,35,25526,99,20240830,1667.95,1,146,2
1,10,67556,1787,20240817,332.1,5,66,5
1,12,25529,2054,20240820,1730.93,5,208,7
1,-1,75892,2515,20240801,2046.04,5,167,5
2,2500,75893,3135,20240810,2995.02,4,5,3
2,2309,25584,3110,20250214,866.41,4,16,12
3,2310,25585,4287,20250210,5521.52,1,202,5
1,2311,25586,1858,20250210,1684,2,138,6
2,2286,25587,1653,20250115,799.32,3,74,9
1,2288,25589,1690,20250111,1757.16,4,198,11
1,-1,50378,1116,20241229,1683.61,5,7,1
2,-1,50379,4571,20241229,4041.54,4,185,2
1,2382,75906,3289,20241223,381.48,5,19,9
1,1083,67612,1699,20241227,483.12,5,98,2
2,1086,25641,4686,20241231,3605.08,1,154,9
3,1087,25642,5016,20241231,1251.69,2,84,10
1,1069,67618,5136,20241129,1493.02,5,154,12
1,1072,67619,5078,20241209,1883.61,4,212,7
2,1073,25654,2056,20241211,3567.82,5,208,8
2,1050,25657,1102,20241111,914.4,2,15,9
1,-1,50430,2680,20241130,1664.88,4,205,5
2,-1,50431,872,20241127,909.94,1,77,7
3,-1,50432,1696,20241127,992.47,2,41,8
4,-1,50433,2904,20241123,7183.36,3,235,1
1,1034,67626,3087,20241104,1796.25,3,118,5
3,894,50446,2066,20250706,1413.4,1,33,5
4,896,50447,3833,20250703,7725.28,2,155,7
2,849,25714,414,20250528,3300.12,1,190,12
3,850,25715,1586,20250524,5116.47,2,126,5
1,851,25716,3222,20250524,471.14,3,52,6
2,954,25717,40,20250428,4070.32,5,248,5
3,1266,50502,2262,20230510,4924.08,4,225,1
1,1246,67671,1556,20230413,1954.99,5,138,5
1,1247,67672,680,20230413,421.2,4,66,6
1,1248,50508,116,20230331,1650.47,4,243,7
2,1249,50509,591,20230331,3251.36,1,153,8
2,1233,25770,4843,20230312,4081.84,5,148,4
3,1087,25778,2243,20231117,6354.57,1,166,6
1,1088,25779,3689,20231113,1942.92,2,102,7
3,1134,50562,3835,20230818,4264.15,1,225,9
1,1137,25830,2058,20230831,1707.17,2,130,12
2,-1,25831,1657,20230912,656.1,3,66,5
3,-1,25832,1736,20230912,5777.06,5,242,6
1,-1,25833,4680,20230908,1937.89,4,186,7
3,1542,25845,4919,20260416,5449.41,2,218,9
1,1543,25846,4607,20260416,1784.84,3,144,10
3,1519,25848,2443,20260321,1155.51,4,18,2
1,1592,75964,4600,20230615,472.63,3,79,11
3,1570,25901,2191,20230527,6022.06,1,168,9
1,1571,25902,5097,20230527,366.74,2,94,10
2,1572,75965,4760,20230606,3844.1,5,159,11
1,1572,67744,2217,20230522,339.41,5,18,11
1,1573,67745,2351,20230522,1987.11,4,232,12
1,1576,75966,1202,20230617,1542.87,4,181,7
1,1576,67746,2077,20230601,371.35,1,50,7
3,1577,25908,1309,20230616,6056.97,2,250,8
1,1577,67747,4531,20230601,1693.87,2,228,8
1,-1,25909,5098,20230612,1894.34,3,186,1
1,-1,67748,4876,20230529,1626.69,3,164,2
2,2424,75967,2146,20260114,4210.44,1,113,7
1,2428,50634,3332,20260121,1862.25,1,245,3
1,2428,75968,135,20260125,1786.18,2,145,3
2,2429,50635,4795,20260121,3892.48,2,173,4
3,2430,50636,3870,20260117,5547.87,3,119,9
4,2431,50637,5062,20260117,1594.96,5,29,10
1,2406,50638,2332,20251222,2281.31,4,215,1
3,2214,25961,223,20260705,6207.78,2,158,9
1,2215,25962,3859,20260705,413.14,3,84,10
3,-1,25974,708,20260615,5298.75,4,208,12
1,2300,50698,1539,20260529,320.08,1,63,7
2,2301,50699,2067,20260529,4086.64,2,241,8
2,2283,26006,1049,20260522,995.52,4,98,2
3,2284,26007,3657,20260518,1460.97,1,34,3
2,2286,26009,4837,20260514,4096.3,3,158,9
1,181,67800,2470,20250421,2225.54,5,168,4
1,185,67802,3979,20250501,1729.71,1,154,12
1,136,67816,1558,20250329,1981.71,4,174,3
1,2470,50750,3126,20251023,380.76,1,99,5
2,2472,50751,3768,20251020,4072.5,2,211,7
3,2473,50752,3712,20251020,6062.31,3,185,8
3,2473,26064,1637,20251014,4929.3,5,216,8
2,2478,26069,2745,20251107,4081.84,5,148,9
3,2438,50766,4580,20250915,6669.72,2,177,1
1,116,26121,2314,20251217,1683.51,5,105,3
2,117,26122,789,20251217,676.02,4,38,4
3,118,26123,2487,20251213,3908.81,1,225,9
1,103,67860,1382,20251119,1686.5,4,135,6
2,946,26135,1804,20250321,936.96,3,98,9
3,947,26136,36,20250321,1349.38,5,24,10
1,948,67861,2712,20250311,1774.56,1,198,11
1,949,67862,3473,20250311,1653.81,2,126,12
1,951,67863,2858,20250324,1865.17,3,228,6
1,918,50828,4581,20250302,1677.66,2,137,1
2,919,50829,176,20250302,671.59,3,47,2
1,922,67874,2981,20250214,1940.49,5,114,9
1,923,67875,2076,20250214,432.65,4,88,10
1,900,67876,877,20250117,1838.54,1,146,3
1,901,67877,633,20250117,391.82,2,74,4
1,906,67879,4397,20250213,457.23,5,78,5
3,759,26180,2241,20251001,5662.47,5,156,2
1,760,26181,2560,20250927,399.68,4,92,3
2,761,26182,1218,20250927,830.44,1,28,4
3,762,26183,3603,20250923,6564.87,2,214,9
3,723,26196,3105,20250901,1284.86,4,16,2
2,725,26198,1737,20250828,3329.29,2,138,4
3,804,50882,5028,20250704,5603.91,3,119,11
3,1663,50896,988,20260509,5059.52,2,135,10
1,1625,26258,791,20260330,2368.51,4,116,4
2,1626,26259,3654,20260411,914.56,1,52,9
1,1467,67933,3026,20230419,403.24,1,28,10
1,1451,67938,1193,20230325,2227.31,4,232,10
1,1454,67939,1825,20230319,418.86,1,50,5
3,1547,26310,3807,20230221,1321.75,4,80,10
1,1548,26311,2244,20230217,428.28,1,16,11
2,1549,26312,2315,20230217,3524.47,2,192,12
3,1550,26313,1451,20230213,4993.91,3,138,5
1,1528,50954,1941,20230129,2027.25,2,139,11
2,1529,50955,3067,20230129,873.9,3,67,12
3,1530,50956,5063,20230210,4311.24,5,3,5
4,1531,50957,3514,20230210,7057.24,4,163,6
3,1930,26329,4839,20250927,6207.78,5,158,1
2,1934,76051,4431,20250907,848.68,4,85,9
1,1912,76052,80,20250811,1885.6,1,116,3
2,1918,76053,1914,20250820,3592.61,2,205,5
1,495,26384,3607,20231006,1660.04,4,216,10
2,496,26385,4149,20231002,4801.62,1,152,11
3,497,26386,1802,20231002,1368.48,2,88,12
1,498,26387,918,20231014,488.07,3,24,5
3,500,26389,1732,20231010,6183.99,4,148,7
1,479,67990,1485,20230916,2048.15,5,158,10
1,483,67992,3245,20230926,1819.83,1,144,6
1,485,67993,4027,20230923,1844.47,2,244,8
1,466,76066,2646,20230925,1742.88,4,225,1
2,291,51051,4301,20240410,697.84,1,45,2
3,292,51052,4792,20240406,6530.25,2,231,3
3,293,26440,3225,20240409,6824.01,4,178,4
1,294,26441,794,20240405,2091.42,1,114,9
2,295,26442,1934,20240405,863.62,2,50,10
1,383,68020,4882,20240306,2079.67,2,142,6
1,386,68021,4529,20240316,1925.53,3,210,1
1,387,68022,2001,20240316,2013.06,5,138,2
1,389,68023,2466,20240313,1639.61,4,234,4
1,-1,68035,4117,20230126,430.7,2,94,6
1,754,68036,5073,20230205,2237.64,3,152,1
1,575,26514,3001,20230823,1630.04,1,146,6
2,576,26515,4633,20230819,721.01,2,86,7
3,577,26516,2444,20230819,972.47,3,18,8
1,578,26517,1658,20230831,1831.51,5,206,1
3,580,26519,5019,20230827,1208.71,1,78,3
1,564,51124,4302,20230816,1979.21,1,161,11
2,565,51125,4303,20230816,4004.98,2,161,12
3,566,51126,543,20230812,5486.16,3,106,5
4,542,51127,4013,20230718,7578.56,5,229,1
1,1022,26573,1098,20260102,1929.33,2,164,5
2,1010,26587,4915,20260114,835.76,1,68,9
1,995,68092,4391,20251215,2275.8,1,188,10
4,974,51183,624,20251115,1693.24,2,75,9
1,974,68094,4170,20251130,437.07,2,85,9
1,975,68095,2682,20251130,357.96,3,55,10
1,-1,68096,2816,20251210,1610.11,5,112,5
1,-1,68097,1950,20251210,358.4,4,50,6
1,2330,51188,4719,20230517,1832.87,1,227,9
2,2331,51189,2907,20230517,3702.4,2,227,10
1,2334,68099,3083,20230528,436.59,2,44,5
1,2323,68107,3339,20230429,1884.68,2,128,10
3,2171,26630,3899,20240101,1318.92,2,86,10
1,2172,26631,2954,20231228,459.36,3,24,11
2,2173,26632,1046,20231228,3497.18,5,208,12
3,2174,26633,3228,20240109,5459.49,4,144,5
1,2159,26644,4916,20231224,2030.62,1,238,2
2,2160,26645,1856,20231220,3884.94,2,174,3
3,2161,26646,3860,20231220,5719.56,3,110,4
1,2239,51240,4068,20231110,2169.63,2,249,2
2,2240,51241,2910,20231106,3873.15,3,185,3
3,2242,51242,1174,20231103,1160.58,5,57,9
4,2243,51243,4224,20231103,6972.08,4,235,10
3,123,51256,993,20260531,1141.81,3,77,6
1,103,26700,2667,20260501,2299.02,4,188,6
2,106,76125,2781,20260511,4455.64,1,115,1
1,110,76126,4088,20260506,1909.12,2,147,9
2,111,26708,659,20260517,4657.9,2,206,10
3,86,26709,2109,20260421,6713.73,3,142,5
2,90,76127,4371,20260423,945.26,3,79,1
1,95,68152,2135,20260425,2081.74,3,148,10
1,71,68153,4950,20260331,1862.38,5,244,2
1,912,68166,4951,20250530,1985.53,2,168,3
1,899,26760,2666,20250519,2297.19,1,178,6
2,874,26761,2313,20250423,4225.96,2,114,1
3,875,26762,166,20250423,1308.39,3,50,2
4,878,51313,2765,20250429,9178.6,3,115,9
1,858,51318,178,20250412,378.25,2,47,9
2,860,51319,3429,20250409,4148.25,3,169,11
1,1309,26834,1356,20240103,1895.4,3,146,12
2,1310,26835,501,20240204,726.72,5,82,5
3,1311,26836,2447,20240204,1132.65,4,18,6
1,1312,26837,4251,20240131,2204.9,1,204,7
3,1314,51372,173,20240122,1181.07,3,47,1
3,1314,26839,3323,20240127,1398.84,3,78,1
4,1510,51387,4475,20260309,8756.68,3,185,5
1,1489,68224,4881,20260207,1553.69,3,108,12
1,1490,68225,634,20260311,368.67,5,72,5
1,1493,68226,1140,20260309,2051.52,4,140,8
1,1494,68227,1614,20260305,435.29,1,68,1
1,1342,68228,4238,20230309,1371.21,2,4,1
2,1298,26904,2318,20230128,4111.84,1,248,1
1,1399,51444,3975,20260727,1814.54,3,227,10
2,1790,51445,5121,20250803,3665.74,5,227,1
3,1791,51446,3836,20250803,5238.36,4,163,2
4,1793,51447,1375,20250731,2134.56,1,35,4
2,1795,51449,3709,20250812,4437.3,3,195,10
2,1746,26964,4925,20250625,4021.82,2,238,1
3,1747,26965,1854,20250625,5768.55,3,174,2
1,1748,26966,2664,20250621,1887.83,5,110,3
1,1605,68281,3583,20260214,1695.47,2,238,8
1,1566,68288,3134,20251222,2301.45,3,224,5
2,1569,76183,4090,20260107,3906.48,1,175,8
1,1569,68289,4618,20260109,482.02,5,34,8
1,1575,51500,1748,20260116,2020.95,2,174,10
2,1550,51501,4570,20251221,3677.92,3,154,1
3,1551,51502,380,20251221,1196.25,5,93,2
4,1553,51503,1323,20251218,8673.48,4,215,4
2,1554,27004,2196,20260103,3910.18,2,220,9
3,1555,27005,2245,20260103,5839.45,3,156,10
1,1556,27006,3039,20251230,370.93,5,82,11
2,1557,27007,578,20251230,822.46,4,28,12
1,1559,27009,3655,20251226,1784.84,2,144,6
1,-1,76188,831,20251209,1748.26,4,105,4
3,1671,51516,1021,20251209,1001.3,3,75,10
4,-1,51517,4218,20251113,6972.08,5,235,1
2,-1,76189,2221,20251110,4101.44,1,193,4
2,1998,27060,2532,20240922,4324.12,4,178,1
3,2006,27068,4685,20241008,6742.5,2,196,5
1,2007,27069,2107,20241008,2065.54,3,132,6
1,1858,51560,1784,20250524,2000.85,3,133,1
2,1859,51561,4720,20250613,804.87,5,79,2
3,1861,51562,2626,20250610,4808.41,4,191,4
4,1862,51563,2805,20250606,6820.56,1,129,9
1,1823,51574,312,20250427,2159.3,2,125,2
3,1826,51576,3564,20250506,5930.82,5,211,9
1,1826,68340,3638,20250422,2022.62,3,230,9
1,1829,68341,2355,20250510,429.82,5,38,12
1,1830,68342,3845,20250506,1643.1,4,216,5
1,838,68343,642,20250226,395.21,1,60,5
1,910,27122,228,20241229,432.93,5,22,1
2,911,27123,4918,20241229,3743.04,4,218,2
1,915,68356,2644,20250111,2188.63,5,224,10
1,916,68357,4728,20250107,1820.75,4,154,11
1,897,27135,4411,20241209,343.71,2,85,12
2,898,27136,3998,20241221,793.22,3,18,5
3,899,27137,3325,20241221,6360.3,5,204,6
2,901,27139,3162,20241217,896.34,1,78,8
1,1271,51638,2967,20231108,1796.98,5,181,6
3,1088,27194,459,20240604,4678.44,2,136,11
1,1089,27195,1395,20240604,332.53,3,72,12
2,1090,27196,4841,20240616,3339.84,5,8,5
3,1091,27197,3000,20240616,6497.61,4,194,6
2,1093,27199,2195,20240612,783.53,2,68,8
1,1152,68410,4032,20240401,385.17,2,18,7
2,-1,51691,4125,20240416,3724.5,5,245,3
1,-1,68412,4240,20240411,1475.54,5,4,3
3,-1,51692,62,20240416,5227.56,4,181,4
1,1057,68418,4724,20240510,475.88,5,70,12
3,1058,27251,850,20240518,1197.75,3,28,5
1,1059,27252,2533,20240518,2183.7,5,204,6
1,1034,68419,3251,20240412,1810.04,4,128,1
3,-1,51706,2259,20240509,6825.78,4,141,9
3,1019,27264,3057,20240406,5796.15,1,238,10
1,878,76240,1205,20241213,1837.7,1,125,9
2,858,76241,3789,20241114,3953.88,2,211,9
1,862,76242,2823,20241125,1806.38,3,245,5
2,842,76243,3211,20241027,4109.94,5,175,9
3,-1,27324,4922,20240901,5035.84,3,220,6
1,-1,27325,3601,20240917,1592.57,5,156,7
2,-1,27326,1396,20240917,635.89,4,82,8
3,926,27327,463,20240929,1245.66,1,28,1
1,928,51764,4519,20240914,1979.72,5,111,3
2,929,51765,3370,20240914,3998.26,4,111,4
3,930,51766,936,20240910,1196.85,1,57,9
4,1322,51767,5125,20230830,7717.82,2,179,1
1,1294,76256,4740,20230815,1789.23,2,185,5
1,1294,68471,3470,20230828,408.13,5,44,5
1,1295,68472,4944,20230828,1568.62,4,226,6
1,1297,68473,4620,20230825,371.21,1,78,8
3,1137,27380,3324,20240331,6553.77,1,178,8
1,1115,68485,4494,20240308,2229.35,3,188,6
1,1119,27388,4189,20240305,2269.98,3,196,2
1,1119,68487,1491,20240318,1942.47,4,174,2
2,1120,27389,4844,20240321,4174.1,5,132,3
3,1106,51822,1988,20240215,5067.44,1,165,9
2,1585,27440,3360,20260815,2863.83,5,162,8
3,1586,27441,2950,20260811,5820.66,4,106,1
1,1587,27442,1228,20260811,311.82,1,36,2
2,1562,27443,1639,20260716,4126.96,2,230,5
3,-1,27454,1531,20260630,6587.85,3,158,6
1,-1,27455,5099,20260716,426.44,5,94,7
2,-1,27456,3496,20260716,890.48,4,30,8
3,1390,51882,1940,20230714,1212.72,2,13,1
4,1391,51883,2504,20230714,7467.16,3,191,2
3,-1,51896,711,20251127,1139.37,1,33,8
4,-1,51897,2627,20251123,5685.5,2,225,1
1,831,68542,2982,20260723,400.61,3,38,2
1,836,68544,1194,20260726,1831.38,5,190,11
1,837,68545,4725,20260726,1875.37,4,154,12
1,814,68546,4311,20260628,1904.08,1,212,9
1,815,68547,1492,20260628,2207.36,2,150,10
3,817,27510,1731,20260711,5178.96,2,108,12
1,820,68549,5045,20260725,1784.84,5,144,7
1,799,27518,2031,20260615,1791.63,5,126,10
2,800,27519,4504,20260611,958.72,4,62,11
3,1737,51952,589,20250519,4801.37,4,135,12
3,1717,27570,1932,20250403,1507.92,3,98,12
1,1718,51958,4517,20250424,1408.34,4,3,5
1,1718,27571,3658,20250505,491.96,5,34,5
2,1719,27572,3445,20250505,4028.68,4,220,6
2,1720,51959,2968,20250421,4226.71,1,125,7
3,1608,27643,1094,20250918,4958.64,4,8,3
3,1609,27644,293,20250914,6283.32,4,222,4
1,1610,27645,2032,20250910,2269.18,1,168,9
2,1611,27646,3691,20250910,835.82,2,94,10
3,1586,27647,2746,20250815,1094.75,3,40,1
1,1586,68616,3472,20250828,327.97,4,18,1
1,1587,27648,3059,20250815,1504.56,5,218,2
1,1970,76318,5076,20240803,1863.19,1,237,5
2,1976,76319,4367,20240812,4599.14,2,169,3
1,1977,52040,992,20240818,1501.35,2,236,4
2,1978,52041,5123,20240814,4742.26,3,179,9
3,1954,52042,1947,20240720,1301.82,5,41,5
4,1955,52043,2574,20240720,8210.08,4,229,6
1,1942,52054,3834,20240714,1742.88,1,225,9
3,1945,52056,4574,20240711,1448.4,3,61,12
1,1798,27701,2561,20250302,1796.25,4,118,1
2,1799,27702,2029,20250302,930.15,1,44,2
1,1785,27714,3052,20250210,2007.35,3,168,12
1,1753,68660,3529,20250117,2211.19,4,224,8
1,1858,68661,2073,20241220,473.87,1,32,1
1,1859,68662,1613,20241220,1895.85,2,220,2
1,1861,68663,5072,20241217,469.77,3,62,4
3,1722,27760,4503,20260311,5133.96,4,162,5
1,1723,27761,1532,20260311,1778.11,1,108,6
2,1724,27762,4107,20260307,964.04,2,34,7
3,1725,27763,2488,20260307,6251.73,3,230,8
1,1725,68674,1062,20260306,1766.25,5,208,8
1,1703,68676,4872,20260206,1870.07,1,240,10
1,1704,68677,3579,20260202,2072.8,2,168,11
1,1707,52118,812,20260304,461.87,2,31,6
2,1709,52119,117,20260301,3216.39,3,153,8
1,1710,27774,1455,20260215,1815.88,5,158,1
2,1711,27775,4328,20260215,776.11,4,94,2
3,1686,27776,3491,20260120,1348.68,1,30,5
2,108,27832,3497,20241124,2639.71,1,225,7
2,88,52171,4418,20241105,901.32,2,95,7
1,88,27838,2566,20241106,1774.4,1,126,7
3,89,52172,60,20241105,1318.35,3,31,8
2,89,27839,3359,20241106,949.14,2,62,8
1,2443,27847,3558,20250712,422.23,1,68,10
1,2395,68731,2074,20250527,484.38,5,88,2
3,10,27890,165,20250511,1493.28,4,98,1
1,10,68738,3379,20250511,422.24,4,76,1
1,11,27891,3326,20250511,486.99,1,34,2
2,12,27892,2197,20250507,3989.18,2,220,3
1,13,68739,600,20250509,2271.77,1,134,4
2,2499,27905,3662,20250421,4504.3,1,178,6
3,390,27906,3754,20240408,6134.47,2,104,9
1,391,68746,125,20240417,387.27,5,28,10
2,392,27908,5054,20240404,3882.58,5,228,11
1,361,52244,1598,20240229,2056.02,3,211,8
2,362,52245,3570,20240401,3795.72,5,211,1
3,363,52246,3128,20240401,6177.63,4,157,2
4,365,52247,4157,20240329,1578.33,1,29,4
1,-1,76372,3287,20240221,1793.99,2,201,2
1,189,27963,1095,20241023,1635.84,1,8,12
1,190,27964,301,20241015,2073.29,1,222,5
2,191,27965,2198,20241015,4494.72,2,168,6
3,166,27966,4194,20240919,1240.95,3,94,1
1,167,27967,2748,20240919,422.97,5,40,2
2,168,27968,3055,20240915,3522.86,4,218,3
3,169,27969,4688,20240915,5516.88,1,154,4
1,1865,68790,4033,20241228,1862.38,5,244,12
1,-1,68792,3791,20241130,1616.61,1,238,10
1,1847,52300,4859,20241226,1778.02,2,164,6
2,1848,52301,3173,20241222,3639.66,3,144,7
1,1848,68793,4236,20241208,1875.37,2,154,7
3,1849,52302,4225,20241222,1364.85,5,87,8
1,2153,68806,3682,20260708,461.75,2,78,8
1,1996,28050,537,20230726,408.97,2,48,3
2,1997,28051,3056,20230726,3143.99,3,234,4
3,1998,28052,4634,20230722,7048.02,5,170,9
1,1942,52360,5124,20230513,1722.6,3,127,9
2,1943,52361,2762,20230602,726.48,5,63,10
3,1945,52362,2913,20230530,5999.17,4,185,12
4,1946,52363,1749,20230611,7587.14,1,113,5
3,2038,52376,1024,20230425,6769.02,5,205,9
2,2406,28124,5102,20251020,4130,3,176,1
3,2407,28125,3158,20251109,6219.06,5,112,2
1,2408,28126,922,20251105,388.92,4,48,3
2,2409,28127,4917,20251105,3279.23,1,234,4
1,2411,28129,415,20251117,2179.93,3,105,10
1,2399,68864,4990,20251025,464.83,1,14,2
1,2246,68865,2594,20260612,1794.04,2,238,1
1,2249,68866,2003,20260610,319.06,3,46,4
1,2250,68867,3527,20260622,2278.88,5,224,9
1,2255,68869,4430,20260617,1941.29,1,228,6
1,2221,52438,3195,20260515,2075.31,5,175,8
2,-1,52439,1943,20260512,779.66,4,47,2
3,2314,28188,4500,20260410,6922.71,3,152,5
1,2315,28189,1047,20260430,507.52,5,98,6
3,2297,28197,4606,20260317,6757.71,3,188,8
3,151,52492,2505,20250221,5432.42,4,175,2
1,152,28240,3161,20250204,1952.26,5,112,3
2,153,28241,923,20250204,852.8,4,58,4
3,154,28242,3442,20250131,4868.13,1,234,9
1,155,28243,2317,20250131,1760.07,2,180,10
2,248,28254,1099,20240721,3590.74,3,108,11
3,249,28255,2556,20240810,1352.5,5,44,12
1,250,28256,2492,20240822,1797.88,4,230,5
3,251,52506,3014,20240823,4285.09,4,135,6
1,251,68921,5035,20240812,1434.86,1,144,6
1,252,68922,632,20240808,307.22,2,72,7
1,-1,68923,4129,20240805,2297.19,3,178,1
1,556,68935,950,20260227,404.78,4,38,3
1,560,68937,446,20260309,497.64,2,24,11
1,-1,76444,2516,20260311,1904.51,2,191,6
2,-1,76445,1951,20230311,860.5,3,21,2
1,399,76446,5077,20230322,462.65,5,53,10
2,402,28310,44,20230319,836.08,2,58,5
2,379,76447,4601,20230221,3204.35,4,235,10
3,384,28318,3361,20230221,1317.39,5,76,7
1,385,28319,5057,20230221,428.22,4,12,8
1,369,52564,1321,20230206,1856.19,5,105,8
2,370,52565,429,20230202,3971.37,4,105,1
3,371,52566,1060,20230202,1314.69,1,41,2
4,347,52567,2264,20230108,7348.28,2,163,6
2,-1,28370,1164,20250725,825.96,3,48,5
3,-1,28371,1589,20250814,4766.71,5,234,6
1,826,28372,3269,20250719,2372.6,4,170,9
1,828,68980,2352,20250711,409.68,1,58,11
1,831,68981,78,20250725,2345.51,2,116,6
1,832,68982,3580,20250721,431.85,3,44,7
1,834,68983,1559,20250718,2141.79,5,150,1
3,803,52622,3427,20250610,6486.93,1,159,10
1,652,68995,3729,20260130,1401.02,1,4,11
1,655,68996,3288,20260213,445.8,2,62,6
2,716,28444,3856,20251128,4505.14,4,188,7
3,717,28445,1161,20251128,5650.91,1,125,8
1,718,28446,1358,20251210,431.14,2,60,1
2,719,28447,1221,20251210,3906.16,3,246,2
3,720,28448,1729,20251206,6121.71,5,174,3
1,721,28449,2319,20251206,2156.1,4,114,4
1,1084,52680,2758,20241024,1884.62,4,199,7
2,1085,52681,2389,20241024,3441.84,1,135,8
3,1087,52682,238,20241106,4902.27,2,7,2
4,1088,52683,4356,20241102,8588.28,3,185,3
1,1067,69034,4879,20241011,1691.79,4,108,6
1,1068,69035,150,20241007,361.44,1,72,7
1,1071,69036,1560,20241021,2199.57,2,140,2
1,1072,69037,2588,20241017,426.58,3,68,3
1,1074,69038,4598,20241014,1475.54,5,4,9
3,-1,52696,592,20240916,1172.46,1,27,3
2,155,28500,1458,20231019,3948.68,5,138,2
3,156,28501,142,20231015,1151.94,4,74,3
1,157,28502,2375,20231015,380.4,1,10,4
2,603,28560,3555,20260316,3582.76,4,128,2
3,604,28561,3040,20260312,1079.29,1,64,3
1,605,28562,416,20260312,2307.42,2,250,4
2,606,28563,3694,20260308,4354.8,3,186,9
4,582,52753,3187,20260224,1356.73,1,65,1
1,588,52758,4071,20260225,2025.27,4,247,11
2,590,52759,3670,20260222,3362.35,1,119,5
3,591,28574,1311,20260220,6662.34,5,114,6
2,567,28576,580,20260125,3735.08,1,236,2
1,552,76502,1770,20260114,1983.76,3,165,11
1,395,69098,2282,20230124,2166.41,4,214,6
1,398,69099,1766,20230118,459.71,1,22,1
1,6,69106,4133,20251018,2071.98,4,178,5
1,2490,52810,3190,20250926,2024.62,1,123,1
2,2491,52811,1376,20250926,911.58,2,51,2
3,2491,28638,1392,20250927,1169.58,1,82,2
3,2492,52812,4074,20250922,5895.36,3,247,3
1,2492,28639,1226,20250923,395.26,2,28,3
4,2493,52813,381,20250922,6922.23,5,153,4
2,2456,52825,4645,20250806,831.7,1,85,3
3,2458,52826,4075,20250819,4171.48,2,207,9
4,2459,52827,122,20250819,5851.13,3,135,10
2,457,28690,2889,20240716,730,4,54,8
1,459,28692,4334,20240712,2128.21,2,176,2
3,419,28704,2055,20240604,4801.74,4,198,6
1,420,28705,470,20240531,2019.35,1,134,7
2,421,28706,4454,20240531,849.13,2,70,8
1,403,69150,1562,20240519,2178.42,4,140,2
1,406,69151,4800,20240529,1496.19,1,198,9
1,407,69152,3785,20240529,1533.22,2,126,10
1,409,69153,2984,20240526,1925.2,3,222,12
1,264,52884,3711,20250127,2266.84,1,177,3
2,265,52885,4476,20250127,4184.92,2,177,4
3,266,52886,1985,20250123,6315.66,3,113,9
4,242,52887,2209,20241229,6423.22,5,234,1
2,244,52889,2391,20241225,3572.36,1,145,3
1,226,69164,2353,20241208,2069.86,5,114,1
1,227,69165,181,20241208,460.86,4,88,2
1,230,69166,876,20241218,1933.31,1,146,9
1,231,69167,681,20241218,376.15,2,74,10
1,210,69169,4134,20241207,439.12,5,78,9
3,323,28764,4110,20241115,6827.4,1,188,2
1,324,28765,1159,20241111,2180.98,2,124,3
2,325,28766,360,20241111,871.26,3,60,4
3,326,28767,974,20241123,5917.23,5,246,9
1,327,28768,4842,20241123,1883.61,4,174,10
2,328,28769,1859,20241119,4500.2,1,115,11
3,1150,52942,935,20240217,5963.03,2,215,5
2,1117,28820,1860,20240125,3909.98,1,138,8
3,1118,28821,1654,20240121,1140.21,2,74,1
1,1119,28822,464,20240121,376.44,3,10,2
1,925,69223,131,20240724,415.22,2,28,4
1,1037,69228,949,20240719,2096.29,1,232,8
1,1014,69229,720,20240621,431.81,2,50,5
1,380,76560,2224,20230926,1927.25,2,213,11
2,383,28880,3664,20230925,3881.32,2,128,6
3,358,28881,1655,20230830,1032.75,3,66,9
1,359,28882,795,20230830,1952.43,5,250,10
2,360,28883,3699,20230826,3658.04,4,186,11
2,360,76561,683,20230828,628.42,3,56,11
1,364,76562,4319,20230908,382.49,5,86,7
2,344,76563,3929,20230810,770.92,4,19,11
3,345,28894,2959,20230810,6597.66,1,114,12
2,347,28896,853,20230822,3149.19,3,236,6
1,134,53054,4718,20240130,416.35,4,11,1
2,136,53055,1783,20240127,4446.34,1,133,3
3,137,53056,1478,20240127,7043.88,2,107,4
4,138,53057,3911,20240208,1617.73,3,43,9
1,140,53058,1544,20240205,1905.2,5,165,11
1,140,76574,3214,20240213,405.46,1,65,11
3,248,28953,3861,20240109,5710.02,3,128,7
1,252,76576,2869,20240126,398.74,3,29,3
1,253,28958,703,20240202,479.68,2,88,4
2,254,28959,538,20240129,890.01,3,24,9
2,232,76577,450,20231228,4139.72,5,114,3
3,235,28966,1929,20240105,1410.81,1,88,10
1,633,69280,2143,20260809,2111.49,4,158,12
1,637,69282,5041,20260819,1452.36,2,144,8
1,1263,29004,2696,20260317,1704.96,5,198,6
1,1266,69296,3582,20260326,1690.32,1,234,1
1,1270,53110,994,20260324,497.73,5,35,9
3,1375,53112,2914,20260227,5910.99,1,121,10
4,2210,53127,3714,20250222,6549.55,1,235,1
3,2201,29050,704,20250212,1365.87,1,32,8
1,2202,29051,4153,20250208,1960.33,2,228,1
2,2203,29052,3403,20250208,3532.26,3,154,2
3,2178,29053,140,20250113,5505.72,5,100,9
1,-1,29064,2537,20241228,2345.46,4,188,6
2,-1,29065,800,20241224,4094.91,1,124,7
3,-1,29066,462,20241224,1347.3,2,60,8
1,2006,53170,4304,20250820,399.83,4,43,1
2,2007,53171,3977,20250820,3313.27,1,221,2
3,2008,53172,4077,20250816,5254.75,2,166,3
4,2009,53173,3193,20250816,7087.77,3,166,4
3,1974,53186,2806,20250713,5547.87,1,119,9
1,2089,29120,2747,20250628,1877.56,5,138,4
1,-1,69354,2144,20250609,1707.02,1,174,1
1,-1,69355,1136,20250609,1816.42,2,148,2
1,2070,69356,4769,20250619,2170.68,3,206,9
2,2071,29128,4962,20250622,3971.6,1,156,10
1,2071,69357,3029,20250619,2271.77,5,134,10
3,2072,29129,3060,20250618,1151.55,2,92,11
1,2466,69359,2145,20240601,1703.35,1,138,9
3,2278,53242,1785,20241217,1157.97,1,64,1
4,2279,53243,3065,20241217,6948.12,2,244,2
1,2281,29180,3666,20241222,1866.02,4,128,4
2,2282,29181,1907,20241218,682.05,1,64,9
3,2283,29182,422,20241218,6589.44,2,250,10
1,2259,53248,4616,20241130,1860.15,1,129,2
2,2260,53249,3838,20241126,787.54,2,65,3
2,2246,29197,3605,20241114,4150.62,2,175,9
1,166,76632,5139,20260613,2240.4,3,195,1
1,166,69411,5137,20260614,354.26,2,54,1
1,167,69412,2350,20260614,2030.79,3,232,2
1,169,69413,2820,20260611,388.6,5,84,4
1,1019,53300,1676,20240705,416.15,1,39,2
2,1020,53301,1677,20240701,840.97,2,39,3
3,1021,53302,2268,20240701,4974.84,3,225,4
4,1023,53303,3129,20240628,1833.68,5,97,10
1,1023,29253,3164,20240620,1828.7,2,128,10
1,1414,29254,2192,20230624,395.72,2,92,1
2,1415,29255,48,20230624,801.22,3,38,2
3,1416,29256,2489,20230620,6499.23,5,214,3
1,1417,29257,362,20230620,2346.1,4,160,4
2,1418,29258,706,20230702,921.72,1,88,9
3,1419,29259,1167,20230702,1406.8,2,24,10
1,1401,76638,4621,20230522,2006.62,3,143,12
3,1403,53316,3334,20230611,5121.81,2,117,6
2,1407,76639,684,20230620,732.65,5,75,2
2,1213,29311,3749,20231223,3414.44,2,234,4
3,1214,29312,1456,20231219,5901.48,3,164,9
1,1215,29313,4921,20231219,2086.55,5,104,10
2,1174,29324,2059,20231107,3444.72,4,198,1
1,1293,53374,2632,20231106,1969.19,1,155,4
2,1295,53375,2390,20231103,789.3,2,27,10
3,1270,53376,1424,20231008,6396.48,3,241,1
4,1271,53377,4226,20231008,9089.32,5,187,2
1,1670,69470,3844,20260526,2100.76,2,214,9
1,1673,69471,2000,20260524,424,3,22,12
1,1674,69472,2865,20260605,1734.88,5,210,5
1,1676,69473,4770,20260602,325.85,4,56,7
1,149,29370,1805,20260521,459.93,2,32,4
2,150,29371,4148,20260602,3501.95,3,228,9
3,151,29372,3396,20260602,4697.55,5,154,10
1,-1,29373,665,20240908,1583.34,4,100,8
2,1138,29384,4608,20240819,4040.69,1,188,1
1,1114,29386,975,20240724,453.59,3,60,5
1,1115,69486,4994,20240725,2346.57,3,224,6
1,1118,69488,1948,20240803,507.52,4,98,1
3,1218,53432,2573,20240630,5908.53,3,193,9
3,2051,53446,2905,20231018,6504.36,2,185,6
1,2037,29443,1692,20231003,1766.25,5,208,8
2,2016,29448,2567,20230826,3709.23,3,168,7
3,2017,29449,426,20230915,5419.23,5,106,8
1,1823,53490,242,20240324,2250.1,2,115,2
2,1824,53491,5066,20240320,955.92,3,43,3
3,1825,53492,1814,20240320,6125.25,5,239,4
4,1826,53493,1057,20240401,8248.68,4,239,9
1,1935,69541,4804,20240228,474.97,1,88,6
1,1938,29500,2110,20240303,2040.56,3,122,1
2,1939,29501,2568,20240323,896.7,5,68,2
3,1940,29502,2199,20240319,5211.09,4,244,3
1,1941,29503,2960,20240319,1849.52,1,190,4
1,-1,53504,3519,20240315,2218.47,2,123,9
2,-1,53505,5122,20240315,891.9,3,69,10
3,1919,53506,431,20240219,4791.95,5,181,2
4,1920,53507,3241,20240215,6799.41,4,119,3
1,1921,53508,679,20240215,324.4,1,55,4
2,1922,53509,1912,20240227,730.84,2,55,9
1,1922,69548,1915,20240303,363.51,2,64,9
1,1925,69549,4883,20240301,1894.8,3,122,12
2,1926,29514,2200,20240228,3089.55,2,118,5
3,1927,29515,4449,20240228,976.91,3,54,6
1,2318,29516,1975,20230215,2128,5,240,9
1,2303,69556,3021,20230119,415.22,1,28,6
1,2287,76692,5001,20260830,1916.92,5,123,6
2,2118,29574,1096,20230804,2900.23,3,108,5
3,2119,29575,1733,20230824,990.57,5,46,6
1,2094,29576,1638,20230729,2002.19,4,230,1
3,2095,53562,2385,20230718,5266.02,2,135,2
2,2095,29577,3494,20230729,4195.64,1,166,2
3,2096,29578,5103,20230725,1240.95,2,94,3
1,2102,53568,3192,20230804,1961.08,2,191,5
2,2103,53569,4575,20230804,3728.14,3,137,6
1,2175,76706,3640,20230608,1539.83,5,225,10
1,2182,69600,2166,20230601,1913.06,3,240,1
1,75,69601,827,20260123,384.91,5,48,6
1,76,69602,1611,20260119,1744.88,4,226,7
1,78,69603,4771,20260201,365.05,1,72,1
1,62,29630,3399,20251230,372.15,3,54,9
2,63,29631,3061,20260119,3581.5,5,244,10
3,64,29632,1313,20260115,5123.36,4,180,11
1,49,69614,3203,20251229,2144.53,2,214,12
1,50,69615,4139,20251225,2113.24,3,188,5
2,27,29647,2750,20251130,971.56,4,15,10
1,27,69616,3888,20251201,1862.25,5,245,10
1,28,69617,3631,20251127,2095.66,4,175,11
1,29,53620,3279,20251115,1871.09,3,101,12
2,30,53621,4421,20251217,3031.17,5,101,5
3,31,53622,3280,20251217,822.46,4,45,6
4,33,53623,1870,20251214,5970.94,1,165,8
1,2367,53634,4076,20260715,385.97,2,65,10
3,2369,53636,2767,20260711,5120.19,5,189,12
1,-1,29690,294,20260612,392.93,5,48,1
2,-1,29691,3559,20260612,3313.03,4,234,2
3,-1,29692,4505,20260608,6768.9,1,170,3
1,-1,29693,1165,20260608,2274.74,2,106,4
2,2453,29703,4927,20260531,3155.88,5,218,8
2,2454,29704,925,20260523,3322.17,5,182,1
3,2455,29705,4254,20260523,4702.37,4,128,2
1,2430,29706,5105,20260427,354.26,1,54,5
2,2431,29707,1310,20260427,4614.84,2,250,6
3,2432,29708,2536,20260423,6621.33,3,178,7
1,2433,29709,1160,20260513,2220.78,5,114,8
1,303,53694,4576,20250403,1887.86,3,227,6
2,305,53695,2633,20250420,746.88,5,99,8
3,306,53696,1986,20250416,1122.09,4,63,1
4,307,53697,4123,20250416,5112.48,1,9,2
2,145,29763,2668,20251124,4425.06,4,205,8
1,145,69674,3983,20251111,2083.92,3,185,8
1,146,69675,2278,20251127,1912.38,5,155,1
1,123,69676,1615,20251103,1761.43,4,218,6
3,124,29768,2448,20251017,6611.16,5,168,7
1,124,69677,494,20251030,1876.45,1,146,7
1,125,29769,1590,20251017,1919.62,4,104,8
2,106,29776,1105,20251009,3510.24,3,8,5
3,194,53752,61,20250903,3881.19,5,6,5
4,195,53753,4358,20250903,7482.51,4,195,6
1,-1,29820,2753,20240829,1707.4,4,122,5
2,-1,29821,2669,20240829,704.7,1,66,6
3,-1,29822,3757,20240825,4351.52,2,244,7
1,-1,29823,4191,20240825,1872.56,3,186,8
2,1030,29834,1591,20240805,3736.2,5,118,9
3,1031,29835,4689,20240805,912.49,4,54,10
1,1006,29836,1465,20240710,2106.51,1,240,5
1,1614,69730,1141,20250527,1669.92,2,8,7
1,1628,69732,3474,20250515,1719.12,5,244,1
1,1648,29892,1930,20250425,1739.76,5,198,5
2,1646,29894,1973,20250417,3383.58,4,108,3
3,1653,29895,3756,20250415,1395.22,1,44,8
1,1652,29896,3808,20250413,1981.76,2,230,9
2,1661,29897,3107,20250405,4154.9,3,166,8
1,1661,76764,605,20250331,507.99,3,35,8
3,1660,29898,4329,20250403,1228.14,5,94,9
2,-1,76765,2168,20250413,4366.52,5,115,6
1,-1,53824,2768,20250328,1776.39,5,189,7
1,-1,69745,2714,20250404,1757.16,2,198,7
2,1669,53825,549,20250326,4272.65,4,125,12
3,1549,53826,2629,20251128,4632.05,1,247,12
3,1549,29907,857,20251209,934.26,4,28,12
1,1549,76766,882,20251214,1531.02,4,145,12
4,1548,53827,3626,20251126,6510.78,2,175,1
1,1548,69747,1384,20251204,1605.69,5,184,1
1,1547,53828,1117,20251124,1693.15,3,115,10
2,1546,53829,2126,20251212,3430.85,5,115,11
2,1551,76767,4372,20251207,926.54,1,79,10
1,1565,76768,832,20251126,2072.02,2,105,4
2,1482,29950,3693,20250924,737.16,5,54,3
1,1488,29952,4554,20250920,2149.28,1,176,5
3,1357,29967,4003,20240921,1155.51,1,18,12
1,1374,53888,433,20240816,1405.54,5,6,3
2,1381,53889,3713,20240814,3775.81,4,196,8
1,1390,69790,3199,20240727,2104.34,3,230,7
